feature_date,risk_score,protest_score,violence_score,diplomatic_stress,economic_stress,terrorism_score,avg_sentiment,confidence,country
2025-10-05,0.14802,0.006024,0.150602,0.435452,0.0,0.084337,0.498187,0.6,VM
2025-10-19,0.125586,0.04386,0.078947,0.440877,0.008772,0.048246,0.498137,0.6,VM
2025-11-02,0.34118812531232834,0.14851485192775726,0.2326732724905014,0.27227723598480225,0.3564356565475464,0.6683168411254883,0.501847,0.6,VM
2025-11-16,0.5686473548412323,0.41545894742012024,0.5990338325500488,0.27053138613700867,0.7632850408554077,0.7342995405197144,0.501378,0.6,VM
2025-11-30,0.138112,0.0,0.105634,0.443345,0.0,0.102113,0.50306,0.6,VM
2025-12-14,0.118725,0.003876,0.089147,0.431764,0.007752,0.046512,0.505207,0.6,VM
2025-12-28,0.114848,0.009302,0.106977,0.394116,0.0,0.032558,0.500025,0.6,VM
2026-01-11,0.126191,0.019704,0.103448,0.412611,0.009852,0.059113,0.503289,0.6,VM
2026-01-25,0.127191,0.020408,0.089796,0.428612,0.008163,0.069388,0.507258,0.6,VM
2026-02-08,0.094833,0.0,0.058824,0.383059,0.0,0.029412,0.510201,0.6,VM
2026-02-22,0.322272727638483,0.20202019810676575,0.31313130259513855,0.27272728085517883,0.4848484992980957,0.39393940567970276,0.507339,0.6,VM
2026-03-08,0.5403333385288716,0.32380953431129456,0.538095235824585,0.261904776096344,0.6095238327980042,0.8571428656578064,0.503284,0.6,VM
2026-03-22,0.133362,0.0,0.113208,0.439642,0.011321,0.071698,0.498293,0.6,VM
2026-04-05,0.144399,0.010471,0.136126,0.44678,0.010471,0.073298,0.491963,0.6,VM
2026-04-19,0.5639378182590008,0.3575129508972168,0.5544041395187378,0.6994818449020386,0.5077720284461975,0.7150259017944336,0.505572,0.6,VM
2026-05-03,0.5629896937310696,0.4484536051750183,0.4020618498325348,0.7474226951599121,0.5206185579299927,0.7886598110198975,0.510951,0.6,VM
2026-05-17,0.116698,0.0,0.087209,0.423517,0.0,0.052326,0.504414,0.6,VM
2026-05-31,0.079072,0.0,0.029032,0.374774,0.0,0.009677,0.507649,0.6,VM
2026-06-14,0.10639,0.0,0.071429,0.395952,0.011905,0.047619,0.501316,0.504,VM
2026-06-28,0.5839698442816734,0.34170854091644287,0.5477386713027954,0.6733668446540833,0.5427135825157166,0.8592965006828308,0.502417,0.6,VM
2026-07-12,0.6957608699798584,0.5597826242446899,0.782608687877655,0.47826087474823,0.9239130616188049,0.657608687877655,0.484385,0.6,VM
2026-07-26,0.7408021393418313,0.6791443824768066,0.8716577291488647,0.49732619524002075,0.9679144620895386,0.6096256971359253,0.502955,0.6,VM
2026-08-09,0.09951,0.006173,0.061728,0.411543,0.0,0.018519,0.495255,0.6,VM
2026-08-23,0.110881,0.0,0.071895,0.436993,0.019608,0.03268,0.493674,0.6,VM
2026-09-06,0.4724352318048477,0.37823835015296936,0.2953367829322815,0.6735751032829285,0.46113988757133484,0.6683937907218933,0.512411,0.6,VM
2026-09-20,0.6351010072231293,0.5,0.6262626051902771,0.6666666865348816,0.5151515007019043,0.7424242496490479,0.500609,0.6,VM
2026-10-02,0.9656710016727448,0.9523809552192688,0.9783549904823303,0.939393937587738,0.9913420081138611,0.9567099809646606,0.499127,0.6,VM
2025-10-05,0.095445,0.0,0.042373,0.429025,0.008475,0.016949,0.51147,0.6,ET
2025-10-19,0.109861,0.0,0.0875,0.413813,0.0625,0.0125,0.510245,0.48,ET
2025-11-02,0.4390594030171633,0.301980197429657,0.20297029614448547,0.6732673048973083,0.07920791953802109,0.801980197429657,0.504785,0.6,ET
2025-11-16,0.677391302883625,0.5555555820465088,0.6859903335571289,0.6231883764266968,0.5893719792366028,0.7681159377098083,0.495646,0.6,ET
2025-11-30,0.095072,0.0,0.063158,0.373789,0.0,0.031579,0.507909,0.57,ET
2025-12-14,0.09598,0.015038,0.045113,0.406241,0.0,0.022556,0.498018,0.6,ET
2025-12-28,0.095872,0.0,0.044776,0.427313,0.014925,0.014925,0.503633,0.402,ET
2026-01-11,0.105796,0.0,0.082645,0.382521,0.008264,0.041322,0.492523,0.6,ET
2026-01-25,0.175346,0.0,0.186992,0.454268,0.00813,0.138211,0.487773,0.6,ET
2026-02-08,0.093344,0.0,0.045455,0.425985,0.030303,0.0,0.489301,0.396,ET
2026-02-22,0.45898988850414757,0.38383838534355164,0.36868685483932495,0.7272727489471436,0.5303030014038086,0.5303030014038086,0.505836,0.6,ET
2026-03-08,0.38404762558639055,0.4285714328289032,0.25238096714019775,0.6619047522544861,0.0714285746216774,0.44285714626312256,0.501044,0.6,ET
2026-03-22,0.127367,0.020833,0.104167,0.4275,0.041667,0.041667,0.507307,0.288,ET
2026-04-05,0.102918,0.0,0.060606,0.440455,0.060606,0.0,0.502512,0.198,ET
2026-04-19,0.589015539586544,0.6994818449020386,0.6528497338294983,0.7823834419250488,0.6269429922103882,0.18134714663028717,0.491131,0.6,ET
2026-05-03,0.35015463519841433,0.32474225759506226,0.45876288414001465,0.1855670064687729,0.7268041372299194,0.18041236698627472,0.507341,0.6,ET
2026-05-17,0.130549,0.0,0.123288,0.451301,0.0,0.041096,0.497313,0.438,ET
2026-05-31,0.1558,0.027397,0.123288,0.488082,0.0,0.09589,0.495913,0.6,ET
2026-06-14,0.177439,0.0,0.202532,0.497025,0.113924,0.063291,0.498209,0.474,ET
2026-06-28,0.4261306490376592,0.2261306494474411,0.3467336595058441,0.2010050266981125,0.3919597864151001,0.8944723606109619,0.500342,0.6,ET
2026-07-12,0.36793477810919284,0.15217390656471252,0.28260868787765503,0.11413043737411499,0.43478259444236755,0.8586956262588501,0.504455,0.6,ET
2026-07-26,0.42994652181863785,0.625668466091156,0.48663100600242615,0.1925133615732193,0.5508021116256714,0.22994652390480042,0.503355,0.6,ET
2026-08-09,0.158778,0.037037,0.148148,0.45,0.074074,0.074074,0.489928,0.162,ET
2026-08-23,0.188227,0.068182,0.159091,0.475,0.0,0.159091,0.502362,0.264,ET
2026-09-06,0.6062694284319877,0.8549222946166992,0.4922279715538025,0.196891188621521,0.0984455943107605,0.9740932583808899,0.493601,0.6,ET
2026-09-20,0.4667676848173141,0.5808081030845642,0.5707070827484131,0.1666666716337204,0.8434343338012695,0.17676767706871033,0.50196,0.6,ET
2026-10-02,0.9644155937433243,0.9567099809646606,0.9653679728507996,0.9567099809646606,0.9220778942108154,0.8398268222808838,0.476585,0.6,ET
2025-10-05,0.2107,0.111111,0.185185,0.540926,0.074074,0.111111,0.481535,0.162,RI
2025-10-19,0.235312,0.0,0.294118,0.549118,0.0,0.176471,0.483326,0.102,RI
2025-11-02,0.8309900951385497,0.9653465151786804,0.8465346693992615,0.9653465151786804,0.19801980257034302,0.6237623691558838,0.47136,0.5629,RI
2025-11-16,0.5655555641651154,0.6811594367027283,0.6811594367027283,0.34299516677856445,0.5845410823822021,0.32367148995399475,0.481731,0.5629,RI
2025-11-30,0.053427,0.0,0.0,0.296818,0.0,0.0,0.505145,0.066,RI
2025-12-14,0.144292,0.0,0.076923,0.562308,0.0,0.076923,0.483724,0.078,RI
2025-12-28,0.12775,0.0,0.090909,0.4875,0.0,0.045455,0.482006,0.132,RI
2026-01-11,0.254079,0.035714,0.285714,0.578214,0.0,0.214286,0.48529,0.168,RI
2026-01-25,0.0734,0.0,0.0,0.407778,0.0,0.0,0.504317,0.108,RI
2026-02-08,0.134977,0.0,0.090909,0.467045,0.0,0.090909,0.484719,0.132,RI
2026-02-22,0.5189393875002861,0.8838383555412292,0.34343433380126953,0.8484848737716675,0.6515151262283325,0.0555555559694767,0.488582,0.5629,RI
2026-03-08,0.18604762315750123,0.07619047909975052,0.01904761977493763,0.3523809611797333,0.17142857611179352,0.3095238208770752,0.479027,0.5629,RI
2026-03-22,0.0703,0.0,0.0,0.390556,0.0,0.0,0.505374,0.054,RI
2026-04-05,0.190205,0.0,0.195122,0.570244,0.02439,0.097561,0.481222,0.246,RI
2026-04-19,0.45735750526189806,0.6735751032829285,0.17616580426692963,0.590673565864563,0.2953367829322815,0.590673565864563,0.499588,0.5629,RI
2026-05-03,0.35221648678183554,0.1649484485387802,0.22164948284626007,0.561855673789978,0.3041236996650696,0.5979381203651428,0.506075,0.5629,RI
2026-05-17,0.059513,0.0,0.0,0.330625,0.0,0.0,0.518914,0.096,RI
2026-05-31,0.038413,0.0,0.0,0.213406,0.0,0.0,0.51746,0.414,RI
2026-06-14,0.158175,0.0,0.1875,0.37875,0.0,0.125,0.525854,0.096,RI
2026-06-28,0.8558793932199479,0.9396985173225403,0.7839195728302002,0.9447236061096191,0.8241205811500549,0.6733668446540833,0.475087,0.5629,RI
2026-07-12,0.6230434723198414,0.7445651888847351,0.46739131212234497,0.804347813129425,0.8586956262588501,0.47826087474823,0.498126,0.5629,RI
2026-07-26,0.259197860956192,0.03743315488100052,0.11229946464300156,0.45989304780960083,0.24064171314239502,0.47058823704719543,0.482644,0.5629,RI
2026-08-09,0.167211,0.022727,0.159091,0.499659,0.0,0.090909,0.48301,0.264,RI
2026-08-23,0.279091,0.0,0.3125,0.578281,0.0,0.3125,0.488643,0.192,RI
2026-09-06,0.8829015600681305,0.9170984625816345,0.9637305736541748,0.8963730335235596,0.9792746305465698,0.5958549380302429,0.4932,0.5629,RI
2026-09-20,0.0864,0.0,0.0,0.48,0.0,0.0,0.489727,0.012,RI
2026-10-02,0.9543722879886627,0.9740259647369385,0.9740259647369385,0.9740259647369385,0.8917748928070068,0.887445867061615,0.482451,0.5629,RI
2025-10-05,0.141242,0.022222,0.088889,0.483444,0.0,0.088889,0.493622,0.27,AG
2025-10-19,0.054,0.0,0.0,0.3,0.0,0.0,0.498396,0.096,AG
2025-11-02,0.5219802060723304,0.7623762488365173,0.19306930899620056,0.7178217768669128,0.4009900987148285,0.5049505233764648,0.502534,0.6,AG
2025-11-16,0.33951690316200256,0.12077295035123825,0.2222222238779068,0.5362318754196167,0.38164252042770386,0.5265700221061707,0.503071,0.6,AG
2025-11-30,0.070914,0.035714,0.0,0.354286,0.0,0.0,0.489795,0.168,AG
2025-12-14,0.0487,0.0,0.0,0.270556,0.0,0.0,0.474327,0.054,AG
2025-12-28,0.094526,0.128205,0.0,0.382692,0.0,0.0,0.501612,0.234,AG
2026-01-11,0.089972,0.0,0.04,0.3754,0.0,0.04,0.51568,0.15,AG
2026-01-25,0.134966,0.0,0.125,0.503281,0.0625,0.0,0.47722,0.192,AG
2026-02-08,0.136137,0.0,0.111111,0.495,0.037037,0.037037,0.495562,0.324,AG
2026-02-22,0.47848484516143797,0.2070707082748413,0.5151515007019043,0.5353535413742065,0.6464646458625793,0.46464645862579346,0.492765,0.6,AG
2026-03-08,0.6841904842853547,0.5190476179122925,0.7809523940086365,0.523809552192688,0.2904762029647827,0.9285714030265808,0.487726,0.6,AG
2026-03-22,0.17528,0.0,0.2,0.446,0.1,0.1,0.493176,0.06,AG
2026-04-05,0.14159,0.0,0.1,0.4755,0.0,0.1,0.488662,0.06,AG
2026-04-19,0.45248705469071865,0.21761657297611237,0.4715026021003723,0.010362694039940834,0.4715026021003723,0.7823834419250488,0.482321,0.6,AG
2026-05-03,0.18773195266723633,0.17525772750377655,0.2835051417350769,0.020618556067347527,0.3814432919025421,0.020618556067347527,0.494991,0.6,AG
2026-05-17,0.103015,0.037037,0.037037,0.415926,0.0,0.037037,0.500303,0.162,AG
2026-05-31,0.063467,0.0,0.0,0.352593,0.0,0.0,0.486639,0.162,AG
2026-06-14,0.209133,0.0,0.166667,0.643333,0.0,0.166667,0.49094,0.036,AG
2026-06-28,0.17140704041346908,0.6633166074752808,0.015075377188622952,0.02010050229728222,0.015075377188622952,0.02010050229728222,0.52177,0.6,AG
2026-07-12,0.5925000090198592,0.7989130616188049,0.7880434989929199,0.7010869383811951,0.7554348111152649,0.005434782709926367,0.498629,0.6,AG
2026-07-26,0.5210160463768989,0.8021390438079834,0.8021390438079834,0.01604278013110161,0.9090909361839294,0.01604278013110161,0.499274,0.6,AG
2026-08-09,0.081037,0.0,0.026316,0.403421,0.0,0.0,0.492737,0.228,AG
2026-08-23,0.106584,0.0,0.12,0.3788,0.0,0.0,0.499597,0.15,AG
2026-09-06,0.19797927785664798,0.15544041991233826,0.31606218218803406,0.015544041059911251,0.606217622756958,0.010362694039940834,0.4917,0.6,AG
2026-09-20,0.14540404221974315,0.21717171370983124,0.27272728085517883,0.020202020183205605,0.01515151560306549,0.020202020183205605,0.514556,0.6,AG
2026-10-02,0.9405627584457399,0.9350649118423462,0.9350649118423462,0.8917748928070068,0.9264069199562073,0.9090909361839294,0.48136,0.6,AG
2025-10-05,0.0648,0.0,0.0,0.36,0.0,0.0,0.501328,0.012,EK
2025-10-19,0.081,0.0,0.0,0.45,0.0,0.0,0.503623,0.006,EK
2025-11-02,0.7412376329302788,0.8613861203193665,0.9207921028137207,0.9306930899620056,0.10396039485931396,0.3762376308441162,0.498102,0.1918,EK
2025-11-30,0.248,0.0,0.25,0.6,0.0,0.25,0.449173,0.024,EK
2026-01-11,0.06885,0.0,0.0,0.3825,0.0,0.0,0.491124,0.024,EK
2026-01-25,0.04068,0.0,0.0,0.226,0.0,0.0,0.485981,0.06,EK
2026-02-08,0.0423,0.0,0.0,0.235,0.0,0.0,0.52353,0.054,EK
2026-02-22,0.44580807726830246,0.8636363744735718,0.05050504952669144,0.6262626051902771,0.04040404036641121,0.5505050420761108,0.527483,0.1918,EK
2026-03-08,0.20161904875189066,0.02380952425301075,0.0476190485060215,0.4952380955219269,0.09047619253396988,0.46666666865348816,0.513043,0.1918,EK
2026-03-22,0.035156,0.0,0.0,0.195312,0.0,0.0,0.472,0.192,EK
2026-04-05,0.076067,0.0,0.033333,0.363333,0.0,0.0,0.50692,0.18,EK
2026-04-19,0.4548704695701599,0.5803108811378479,0.5077720284461975,0.19170984625816345,0.8445596098899841,0.196891188621521,0.472651,0.1918,EK
2026-06-14,0.088071,0.0,0.0,0.489286,0.0,0.0,0.500472,0.042,EK
2026-08-23,0.1125,0.0,0.0,0.625,0.0,0.0,0.50464,0.012,EK
2026-09-06,0.2508808318525553,0.47668394446372986,0.04663212597370148,0.24352331459522247,0.08808290213346481,0.23834197223186493,0.497479,0.1918,EK
2026-09-20,0.40641414344310767,0.49494948983192444,0.47979798913002014,0.19191919267177582,0.8282828330993652,0.10101009905338287,0.47799,0.1918,EK
2026-10-02,0.932077934741974,0.8484848737716675,0.9567099809646606,0.9047619104385376,0.9350649118423462,1.0,0.47755,0.1918,EK
2025-10-05,0.9597395783662795,0.984375,0.953125,0.9583333134651184,0.8177083134651184,0.9895833134651184,0.9583333134651184,0.5629,MDV
2025-11-02,0.9237623758614064,0.9504950642585754,0.9900990128517151,0.9950494766235352,0.14851485192775726,0.9950494766235352,0.9950494766235352,0.5629,MDV
2025-11-16,0.7945410586893559,0.7053139805793762,0.8502415418624878,0.8599033951759338,0.02415458858013153,0.9758453965187073,0.8599033951759338,0.5629,MDV
2025-11-30,0.8275124418735504,0.96517413854599,0.9800994992256165,0.96517413854599,0.96517413854599,0.2189054787158966,0.96517413854599,0.5629,MDV
2025-12-14,0.5971573701500893,0.8527919054031372,0.7309644818305969,0.10152284055948257,0.9340101480484009,0.18274112045764923,0.7055837512016296,0.5629,MDV
2025-12-28,0.677397959753871,0.5408163070678711,0.8367347121238708,0.020408162847161293,0.6581632494926453,0.9591836929321289,0.5306122303009033,0.5629,MDV
2026-01-25,0.7317277539521456,0.4712041914463043,0.7958115339279175,0.8167539238929749,0.09424083679914474,0.9842932224273682,0.8167539238929749,0.5629,MDV
2026-02-08,0.8558375586569309,0.8527919054031372,0.9187816977500916,0.8578680157661438,0.12182740867137909,1.0,0.8578680157661438,0.5629,MDV
2026-02-22,0.8297474682331085,0.9545454382896423,0.9646464586257935,0.9797979593276978,0.939393937587738,0.24242424964904785,0.9797979593276978,0.5629,MDV
2026-03-08,0.8451428484916688,0.6666666865348816,0.8523809313774109,0.8142856955528259,0.976190447807312,0.9571428298950195,0.8142856955528259,0.5629,MDV
2026-03-22,0.9135135037451982,0.9675675630569458,0.9783783555030823,0.9675675630569458,0.0486486479640007,1.0,0.9675675630569458,0.5629,MDV
2026-04-05,0.6819473806023597,0.557894766330719,0.75789475440979,0.35789474844932556,0.24736842513084412,0.9684210419654846,0.9894737005233765,0.5629,MDV
2026-04-19,0.8162176279723645,0.8808290362358093,0.9689119458198547,0.39896371960639954,0.20725388824939728,0.9896373152732849,1.0,0.5629,MDV
2026-05-03,0.39840205539017914,0.438144326210022,0.3144329786300659,0.40721648931503296,0.5721649527549744,0.37628865242004395,0.9896907210350037,0.5629,MDV
2026-05-17,0.9588325023651123,0.9289340376853943,0.9593908786773682,0.9289340376853943,0.989847719669342,0.9593908786773682,0.9847715497016907,0.5629,MDV
2026-05-31,0.8872727245092393,1.0,1.0,0.9797979593276978,1.0,0.3888888955116272,0.9191918969154358,0.5629,MDV
2026-06-14,0.9255958449095488,0.9637305736541748,0.9948186278343201,0.984455943107605,0.10880828648805618,0.984455943107605,0.9896373152732849,0.5629,MDV
2026-06-28,0.8798492452502251,0.8844221234321594,0.9346733689308167,0.8894472122192383,0.23115578293800354,0.9748743772506714,0.9195979833602905,0.5629,MDV
2026-07-12,0.41766305044293406,0.22826087474822998,0.5597826242446899,0.23369565606117249,0.19565217196941376,0.3913043439388275,0.89673912525177,0.5629,MDV
2026-08-09,0.8382352930307387,0.9732620120048523,0.8877005577087402,0.9358288645744324,0.9465240836143494,0.3957219123840332,0.9946523904800415,0.5629,MDV
2026-09-06,0.8313471347093583,0.8704662919044495,0.9481865167617798,0.9585492014884949,0.9533678889274597,0.3678756356239319,0.8756476640701294,0.5629,MDV
2026-09-20,0.8183333249390126,0.6515151262283325,0.9040403962135315,0.8787878751754761,0.19191919267177582,0.9696969985961914,0.9040403962135315,0.5629,MDV
2026-10-02,0.9261471799015998,0.9696969985961914,0.9826839566230774,0.9956709742546082,0.12554112076759338,0.9956709742546082,0.9913420081138611,0.5629,MDV
2025-10-05,0.139296,0.0,0.122807,0.461974,0.0,0.070175,0.484422,0.6,AF
2025-10-19,0.164214,0.001209,0.159613,0.46107,0.008464,0.122128,0.482169,0.6,AF
2025-11-02,0.8073267310857772,0.8316831588745117,0.8663366436958313,0.7623762488365173,0.8663366436958313,0.5891088843345642,0.480828,0.6,AF
2025-11-16,0.8180193239450455,0.8067632913589478,0.8599033951759338,0.7777777910232544,0.9178743958473206,0.6231883764266968,0.476284,0.6,AF
2025-11-30,0.232109,0.00346,0.280277,0.533501,0.016148,0.185698,0.47479,0.6,AF
2025-12-14,0.197775,0.002857,0.248571,0.510814,0.034286,0.097143,0.48328,0.6,AF
2025-12-28,0.210849,0.0,0.264605,0.501856,0.017182,0.14433,0.48089,0.6,AF
2026-01-11,0.154354,0.0,0.162162,0.475541,0.0,0.07027,0.470907,0.6,AF
2026-01-25,0.167609,0.013258,0.157197,0.479877,0.020833,0.111742,0.489183,0.6,AF
2026-02-08,0.20251,0.008163,0.204082,0.543878,0.020408,0.15102,0.467942,0.6,AF
2026-02-22,0.9510101094841957,0.9848484992980957,0.9949495196342468,0.9898989796638489,0.39898988604545593,0.9696969985961914,0.466016,0.6,AF
2026-03-08,0.8388571405410766,0.7952380776405334,0.8571428656578064,0.8714285492897034,0.5666666626930237,0.761904776096344,0.478914,0.6,AF
2026-03-22,0.166656,0.0,0.149701,0.530659,0.023952,0.08982,0.479242,0.6,AF
2026-04-05,0.257412,0.004016,0.341365,0.560141,0.004016,0.192771,0.475548,0.6,AF
2026-04-19,0.6509844480454922,0.7150259017944336,0.8497409224510193,0.8497409224510193,0.8341968655586243,0.010362694039940834,0.485318,0.6,AF
2026-05-03,0.8398969215154648,0.7164948582649231,0.8298969268798828,0.8402062058448792,0.7886598110198975,0.8969072103500366,0.473563,0.6,AF
2026-05-17,0.184309,0.019868,0.18543,0.530927,0.0,0.10596,0.489178,0.6,AF
2026-05-31,0.20759,0.0,0.229268,0.520756,0.009756,0.165854,0.476098,0.6,AF
2026-06-14,0.175644,0.0,0.182979,0.498021,0.012766,0.110638,0.478161,0.6,AF
2026-06-28,0.8336180913448334,0.8743718862533569,0.8241205811500549,0.8693467378616333,0.6381909251213074,0.6884422302246094,0.474366,0.6,AF
2026-07-12,0.49929347472265373,0.40760868787765503,0.4945652186870575,0.005434782709926367,0.8097826242446899,0.6902173757553101,0.493805,0.6,AF
2026-07-26,0.48053475262597206,0.4491978585720062,0.5347593426704407,0.010695187374949455,0.7165775299072266,0.5989304780960083,0.495741,0.6,AF
2026-08-09,0.213841,0.013423,0.228188,0.565336,0.013423,0.147651,0.476021,0.6,AF
2026-08-23,0.165414,0.0,0.175,0.474525,0.0,0.1,0.483382,0.6,AF
2026-09-06,0.6449740990251304,0.5284973978996277,0.7772020697593689,0.010362694039940834,0.48704662919044495,0.8082901835441589,0.485453,0.6,AF
2026-09-20,0.8541414153575897,0.808080792427063,0.8282828330993652,0.8282828330993652,0.7020202279090881,0.8636363744735718,0.465928,0.6,AF
2026-10-02,0.9251947993040086,0.9177489280700684,0.948051929473877,0.9350649118423462,0.709956705570221,0.8095238208770752,0.478645,0.6,AF
2025-12-28,0.5594897919893265,0.2857142984867096,0.6377550959587097,0.7908163070678711,0.7142857313156128,0.3265306055545807,0.7908163070678711,0.0866,MMR
2026-01-11,0.13020408283919097,0.23979592323303223,0.05612244829535484,0.010204081423580647,0.030612245202064514,0.051020409911870956,0.4234693944454193,0.0866,MMR
2026-10-02,0.9232900461554528,0.9437229633331299,0.9870129823684692,0.9653679728507996,0.2467532455921173,0.9913420081138611,0.9220778942108154,0.0866,MMR
2025-10-05,0.26958333477377894,0.125,0.375,0.640625,0.1145833358168602,0.1510416716337204,0.015625,0.2041,GRC
2025-11-16,0.5883091711997985,0.5024154782295227,0.8115941882133484,0.6763284802436829,0.8405796885490417,0.16908212006092072,0.5362318754196167,0.2041,GRC
2025-12-28,0.6997449004650116,0.8928571343421936,0.8622449040412903,0.704081654548645,0.9693877696990967,0.16326530277729034,0.4591836631298065,0.2041,GRC
2026-01-11,0.6032142896344885,0.38265305757522583,0.7346938848495483,0.5714285969734192,0.005102040711790323,0.9744898080825806,0.34183672070503235,0.2041,GRC
2026-06-14,0.24626942940056326,0.41450777649879456,0.08290155231952667,0.3212435245513916,0.1606217622756958,0.32642486691474915,0.16580310463905334,0.2041,GRC
2026-07-12,0.8694021630287171,0.989130437374115,0.9945651888847351,0.9945651888847351,0.945652186870575,0.32608696818351746,0.9945651888847351,0.2041,GRC
2026-07-26,0.5849732713401318,0.46524062752723694,0.7272727489471436,0.8823529481887817,0.15508021414279938,0.30481284856796265,0.5454545617103577,0.2041,GRC
2026-10-02,0.9226839979737996,0.9913420081138611,0.9696969985961914,0.9913420081138611,0.11255411058664322,0.9783549904823303,0.9264069199562073,0.2041,GRC
2025-10-05,0.10776041503995656,0.0364583320915699,0.0416666679084301,0.0677083358168602,0.1666666716337204,0.2604166567325592,0.02604166604578495,0.3031,NGA
2025-11-16,0.48975844666361806,0.6570048332214355,0.6473429799079895,0.04830917716026306,0.9033816456794739,0.256038635969162,0.22705313563346863,0.3031,NGA
2025-11-30,0.15348258689045907,0.06965173780918121,0.004975124262273312,0.08457711338996887,0.1094527393579483,0.28358209133148193,0.3731343150138855,0.3031,NGA
2025-12-14,0.11868020066991448,0.005076142027974129,0.10152284055948257,0.06598984450101852,0.1878172606229782,0.19796954095363617,0.2690355181694031,0.3031,NGA
2025-12-28,0.7204591803252698,0.9285714030265808,0.8214285969734192,0.9081632494926453,0.15816326439380646,0.2806122303009033,0.9081632494926453,0.3031,NGA
2026-01-11,0.38397958114743236,0.6785714030265808,0.11734694242477417,0.6734693646430969,0.2551020383834839,0.27040815353393555,0.6734693646430969,0.3031,NGA
2026-02-22,0.7969697066396475,1.0,0.9595959782600403,0.9949495196342468,0.08080808073282242,0.3181818127632141,0.9949495196342468,0.3031,NGA
2026-03-22,0.4702162251994014,0.8972973227500916,0.37837839126586914,0.8594594597816467,0.13513512909412384,0.021621622145175934,0.8594594597816467,0.3031,NGA
2026-04-05,0.9381578940153121,0.9894737005233765,0.9789473414421082,0.9473684430122375,1.0,0.6526315808296204,0.9947368502616882,0.3031,NGA
2026-05-17,0.9209644567966462,0.9543147087097168,0.9796954393386841,0.9746192693710327,0.9847715497016907,0.5939086079597473,0.989847719669342,0.3031,NGA
2026-05-31,0.4228787955641747,0.4444444477558136,0.1515151560306549,0.631313145160675,0.2929292917251587,0.631313145160675,0.29797980189323425,0.3031,NGA
2026-06-14,0.5769430184364319,0.4455958604812622,0.5492228269577026,0.37823835015296936,0.1865285038948059,0.9792746305465698,0.9067357778549194,0.3031,NGA
2026-06-28,0.76336682587862,0.6281406879425049,0.839195966720581,0.6331658363342285,0.3216080367565155,0.9949748516082764,0.9698492288589478,0.3031,NGA
2026-08-23,0.39284152626991276,0.09836065769195557,0.30054643750190735,0.38797813653945923,0.15846994519233704,0.9344262480735779,0.32786884903907776,0.3031,NGA
2026-09-06,0.22497409656643869,0.196891188621521,0.09326425194740295,0.35233160853385925,0.21761657297611237,0.34196892380714417,0.09326425194740295,0.3031,NGA
2026-10-02,0.9209956687688828,0.8831169009208679,0.9134199023246765,0.9264069199562073,0.8181818127632141,0.9740259647369385,0.9350649118423462,0.3031,NGA
2026-02-08,0.29796954449266194,0.055837564170360565,0.07614213228225708,0.7360405921936035,0.05076142027974129,0.5786802172660828,0.4720812141895294,0.0309,ESP
2026-07-26,0.6822994514927267,0.8128342032432556,0.9144384860992432,0.9144384860992432,0.05882352963089943,0.2032085508108139,0.32085561752319336,0.0309,ESP
2026-09-06,0.9131606217473746,0.9378238320350647,0.984455943107605,0.9689119458198547,0.10362694412469864,1.0,0.9637305736541748,0.0309,ESP
2025-10-05,0.059752,0.0,0.0,0.331957,0.0,0.0,0.461515,0.138,ER
2025-10-19,0.158361,0.0,0.222222,0.484722,0.0,0.0,0.480211,0.108,ER
2025-11-02,0.21896039914339782,0.06930693238973618,0.07425742596387863,0.698019802570343,0.0891089141368866,0.3663366436958313,0.520529,0.5196,ER
2025-11-16,0.4799033784866333,0.3478260934352875,0.28985506296157837,0.5072463750839233,0.32367148995399475,0.9130434989929199,0.496619,0.5196,ER
2025-11-30,0.092411,0.0,0.045455,0.42375,0.022727,0.0,0.496443,0.264,ER
2025-12-14,0.155675,0.0,0.142857,0.521607,0.107143,0.035714,0.478278,0.168,ER
2025-12-28,0.069975,0.0,0.0,0.38875,0.0,0.0,0.4753,0.048,ER
2026-01-11,0.0594,0.0,0.0,0.33,0.0,0.0,0.488532,0.006,ER
2026-01-25,0.273606,0.085714,0.285714,0.574,0.0,0.257143,0.472271,0.21,ER
2026-02-08,0.109911,0.0,0.054545,0.458091,0.018182,0.036364,0.467394,0.33,ER
2026-02-22,0.4774242493510247,0.8232323527336121,0.0555555559694767,0.7626262903213501,0.03030303120613098,0.5404040217399597,0.473998,0.5196,ER
2026-03-08,0.4081428591907025,0.7809523940086365,0.05714285746216774,0.6142857074737549,0.08095238357782364,0.4523809552192688,0.502995,0.5196,ER
2026-04-05,0.094846,0.0,0.0,0.526923,0.0,0.0,0.475503,0.078,ER
2026-04-19,0.5546114018559456,0.5544041395187378,0.8549222946166992,0.196891188621521,0.9740932583808899,0.20725388824939728,0.51216,0.5196,ER
2026-05-03,0.907164949774742,0.8092783689498901,0.938144326210022,0.8247422575950623,0.9896907210350037,0.969072163105011,0.474785,0.5196,ER
2026-05-17,0.113193,0.0,0.113636,0.391477,0.090909,0.0,0.497442,0.264,ER
2026-05-31,0.160606,0.0,0.1875,0.510313,0.125,0.0,0.497034,0.096,ER
2026-06-14,0.103356,0.0,0.111111,0.376667,0.0,0.0,0.498176,0.054,ER
2026-06-28,0.18376884330064058,0.3919597864151001,0.0954773873090744,0.1909547746181488,0.11055276542901993,0.11055276542901993,0.502991,0.5196,ER
2026-07-12,0.1658152136951685,0.28804346919059753,0.04891304299235344,0.10869564861059189,0.09239130467176437,0.21739129722118378,0.495395,0.5196,ER
2026-07-26,0.3800000017136335,0.8074866533279419,0.03208556026220322,0.7379679083824158,0.09625668078660965,0.2085561454296112,0.488098,0.5196,ER
2026-08-09,0.0689,0.0,0.0,0.382778,0.0,0.0,0.458803,0.054,ER
2026-08-23,0.221646,0.0,0.307692,0.479231,0.0,0.153846,0.479828,0.078,ER
2026-09-06,0.10927461139857769,0.010362694039940834,0.05181347206234932,0.1865285038948059,0.09326425194740295,0.196891188621521,0.49706,0.5196,ER
2026-09-20,0.5826767694950103,0.7929292917251587,0.7878788113594055,0.20202019810676575,0.7727272510528564,0.18686868250370026,0.48426,0.5196,ER
2026-10-02,0.9080086481571197,0.9610389471054077,0.9004328846931458,0.9090909361839294,0.948051929473877,0.7056276798248291,0.47392,0.5196,ER
2025-10-05,0.157796,0.037037,0.111111,0.489815,0.0,0.111111,0.490825,0.162,CF
2025-10-19,0.115712,0.0,0.097561,0.394878,0.02439,0.04878,0.495795,0.246,CF
2025-11-02,0.7050495064258575,0.8514851331710815,0.7425742745399475,0.8564356565475464,0.3217821717262268,0.4306930601596832,0.486155,0.5938,CF
2025-11-16,0.8668115803599358,0.8260869383811951,0.9227052927017212,0.8405796885490417,0.4589371979236603,0.8888888955116272,0.484381,0.5938,CF
2025-11-30,0.09067,0.015873,0.047619,0.401429,0.0,0.0,0.481674,0.378,CF
2025-12-14,0.183938,0.0,0.172043,0.500968,0.0,0.16129,0.476665,0.558,CF
2025-12-28,0.361332,0.107143,0.392857,0.71375,0.0,0.357143,0.484559,0.168,CF
2026-01-11,0.172341,0.0,0.219512,0.492683,0.02439,0.04878,0.479604,0.246,CF
2026-01-25,0.488991,0.0,0.636364,0.736818,0.0,0.636364,0.481979,0.066,CF
2026-02-08,0.0822,0.0,0.045455,0.358182,0.045455,0.0,0.489597,0.132,CF
2026-02-22,0.4511616176366806,0.3232323229312897,0.3333333432674408,0.5050504803657532,0.3484848439693451,0.5959596037864685,0.490693,0.5938,CF
2026-03-08,0.0702,0.0,0.0,0.39,0.0,0.0,0.467106,0.018,CF
2026-03-22,0.168704,0.04,0.2,0.4528,0.08,0.04,0.482028,0.15,CF
2026-04-05,0.12261,0.0,0.15,0.4145,0.0,0.0,0.485946,0.12,CF
2026-04-19,0.3716062137484551,0.37823835015296936,0.49740931391716003,0.15025906264781952,0.8393782377243042,0.15025906264781952,0.495538,0.5938,CF
2026-05-03,0.3996391673386097,0.2835051417350769,0.27835050225257874,0.1494845300912857,0.0824742242693901,0.8350515365600586,0.494236,0.5938,CF
2026-05-17,0.097689,0.0,0.048077,0.429471,0.038462,0.009615,0.462072,0.6,CF
2026-05-31,0.132077,0.0,0.104972,0.432348,0.01105,0.082873,0.490054,0.6,CF
2026-06-14,0.244506,0.0,0.294118,0.521765,0.0,0.235294,0.478472,0.102,CF
2026-06-28,0.554120607972145,0.8341708779335022,0.43216079473495483,0.80402010679245,0.552763819694519,0.1557788997888565,0.476175,0.5938,CF
2026-07-12,0.5173369491100311,0.72826087474823,0.7445651888847351,0.09782608598470688,0.820652186870575,0.09239130467176437,0.49,0.5938,CF
2026-07-26,0.8310160571336747,0.9893048405647278,0.9893048405647278,0.9786096215248108,1.0,0.17112299799919128,0.47197,0.5938,CF
2026-08-09,0.115235,0.038462,0.076923,0.409423,0.0,0.038462,0.494641,0.156,CF
2026-08-23,0.112679,0.026316,0.078947,0.421316,0.0,0.026316,0.486044,0.228,CF
2026-09-06,0.27352331206202507,0.22797927260398865,0.32642486691474915,0.1606217622756958,0.08290155231952667,0.16580310463905334,0.484086,0.5938,CF
2026-09-20,0.4883333218097687,0.36868685483932495,0.7121211886405945,0.1515151560306549,0.9444444179534912,0.1515151560306549,0.47939,0.5938,CF
2026-10-02,0.8968398255109787,0.9783549904823303,0.8917748928070068,0.9783549904823303,0.38528138399124146,0.7662337422370911,0.476447,0.5938,CF
2025-10-05,0.07542,0.0,0.0,0.419,0.0,0.0,0.48937,0.03,WS
2025-10-19,0.09,0.0,0.0,0.5,0.0,0.0,0.502723,0.024,WS
2025-11-02,0.2671782198548317,0.2871287167072296,0.1881188154220581,0.29207921028137207,0.2970297038555145,0.24752475321292877,0.489955,0.532,WS
2025-11-16,0.7709661945700645,0.695652186870575,0.8019323945045471,0.7681159377098083,0.1304347813129425,0.9855072498321533,0.478539,0.532,WS
2025-11-30,0.07074,0.0,0.0,0.393,0.0,0.0,0.488936,0.03,WS
2025-12-14,0.186131,0.0,0.1875,0.534062,0.0,0.125,0.522597,0.096,WS
2025-12-28,0.116412,0.0,0.12,0.4334,0.0,0.0,0.490423,0.15,WS
2026-01-11,0.207738,0.0,0.230769,0.538718,0.0,0.153846,0.50118,0.234,WS
2026-01-25,0.203952,0.0,0.190476,0.540476,0.0,0.190476,0.474731,0.126,WS
2026-02-08,0.180459,0.0,0.181818,0.4975,0.0,0.136364,0.492743,0.132,WS
2026-02-22,0.6660100936889649,0.6717171669006348,0.8939393758773804,0.28787878155708313,0.9848484992980957,0.43939393758773804,0.497441,0.532,WS
2026-03-08,0.40147620528936384,0.2857142984867096,0.5428571701049805,0.2809523940086365,0.8619047403335571,0.2666666805744171,0.495632,0.532,WS
2026-03-22,0.076597,0.0,0.0,0.425541,0.0,0.0,0.493864,0.222,WS
2026-04-05,0.09,0.0,0.0,0.5,0.0,0.0,0.470588,0.006,WS
2026-04-19,0.7530051684379578,0.8652849793434143,0.6735751032829285,0.8704662919044495,0.9222797751426697,0.4818652868270874,0.483434,0.532,WS
2026-05-03,0.3796391673386097,0.3969072103500366,0.19072164595127106,0.6649484634399414,0.24742268025875092,0.5463917255401611,0.500201,0.532,WS
2026-05-17,0.06925,0.0,0.0,0.384722,0.0,0.0,0.496072,0.108,WS
2026-05-31,0.145322,0.0,0.111111,0.461667,0.0,0.111111,0.503124,0.054,WS
2026-06-14,0.071486,0.0,0.0,0.397143,0.0,0.0,0.490614,0.042,WS
2026-06-28,0.587286443412304,0.9648241400718689,0.18592964112758636,0.8090452551841736,0.3316583037376404,0.6482412219047546,0.501693,0.532,WS
2026-07-12,0.32673912644386294,0.08152174204587936,0.21195651590824127,0.5,0.29347825050354004,0.532608687877655,0.497202,0.532,WS
2026-07-26,0.3630481326580048,0.4224599003791809,0.12299465388059616,0.5775400996208191,0.28877004981040955,0.5240641832351685,0.530321,0.532,WS
2026-08-09,0.23225,0.0,0.25,0.5125,0.0,0.25,0.513354,0.024,WS
2026-08-23,0.073929,0.0,0.0,0.410714,0.0,0.0,0.521139,0.084,WS
2026-09-06,0.46036269843578337,0.19170984625816345,0.5077720284461975,0.4818652868270874,0.818652868270874,0.48704662919044495,0.485493,0.532,WS
2026-09-20,0.6571717089414597,0.6767676472663879,0.6969696879386902,0.7222222089767456,0.43939393758773804,0.4545454680919647,0.484086,0.532,WS
2026-10-02,0.8869696903228759,0.9220778942108154,0.7922077775001526,0.8961039185523987,0.9047619104385376,0.948051929473877,0.482722,0.532,WS
2025-07-13,0.5620098061859609,0.5490196347236633,0.7892156839370728,0.4901960790157318,0.20098039507865906,0.406862735748291,0.36764705181121826,0.1299,BEL
2025-08-24,0.29651514798402784,0.04545454680919647,0.17171716690063477,0.6212121248245239,0.2626262605190277,0.4292929172515869,0.14141413569450378,0.1299,BEL
2025-11-30,0.8841790986061097,1.0,1.0,0.9950248599052429,1.0,0.38308456540107727,0.9950248599052429,0.1299,BEL
2025-08-10,0.8995145726203918,0.8155339956283569,0.9320388436317444,0.8640776872634888,0.9514563083648682,0.9902912378311157,0.8640776872634888,0.0309,PSE
2025-10-05,0.782343743443489,0.9895833134651184,0.859375,0.9375,0.9739583134651184,0.1770833283662796,0.9375,0.0309,PSE
2026-06-28,0.8839195930957794,0.9899497628211975,0.9949748516082764,0.9949748516082764,0.286432147026062,0.5829145908355713,0.9497487545013428,0.0309,PSE
2025-12-14,0.0738,0.0,0.0,0.41,0.0,0.0,0.494367,0.018,YI
2026-02-22,0.108,0.0,0.0,0.6,0.0,0.0,0.49566,0.006,YI
2026-06-14,0.7,0.0,1.0,1.0,0.0,1.0,0.462441,0.012,YI
2026-09-06,0.455,0.0,1.0,0.75,0.0,0.0,0.472441,0.006,YI
2026-10-02,0.8825108122825623,1.0,0.9956709742546082,0.9870129823684692,1.0,0.35930734872817993,0.455923,0.0186,YI
2025-10-05,0.118797,0.051282,0.051282,0.443462,0.0,0.051282,0.491035,0.6,BE
2025-10-19,0.139823,0.0,0.110092,0.491881,0.009174,0.06422,0.482429,0.6,BE
2025-11-02,0.7150990089774132,0.594059407711029,0.7574257254600525,0.7524752616882324,0.4752475321292877,0.6782178282737732,0.486361,0.6,BE
2025-11-16,0.7121255967020989,0.6086956262588501,0.7584540843963623,0.5942028760910034,0.9130434989929199,0.6666666865348816,0.494896,0.6,BE
2025-11-30,0.102481,0.031008,0.046512,0.418178,0.007752,0.023256,0.492767,0.6,BE
2025-12-14,0.093271,0.014815,0.02963,0.449037,0.0,0.0,0.490259,0.6,BE
2025-12-28,0.115269,0.064516,0.048387,0.448629,0.032258,0.016129,0.494625,0.372,BE
2026-01-11,0.110281,0.017857,0.0625,0.452455,0.044643,0.008929,0.495299,0.6,BE
2026-01-25,0.20567,0.04,0.23,0.5215,0.02,0.12,0.491571,0.6,BE
2026-02-08,0.129428,0.0,0.119266,0.484083,0.027523,0.009174,0.487365,0.6,BE
2026-02-22,0.6170202064514161,0.47979798913002014,0.5202020406723022,0.5858585834503174,0.5656565427780151,0.8636363744735718,0.495212,0.6,BE
2026-03-08,0.5726190465688705,0.6619047522544861,0.4952380955219269,0.5761904716491699,0.7904762029647827,0.5,0.49297,0.6,BE
2026-03-22,0.159168,0.018692,0.130841,0.490187,0.009346,0.102804,0.488134,0.6,BE
2026-04-05,0.207592,0.011111,0.244444,0.529833,0.111111,0.1,0.493208,0.54,BE
2026-04-19,0.6355440491437914,0.8082901835441589,0.7305699586868286,0.7616580128669739,0.818652868270874,0.07772020995616913,0.485083,0.6,BE
2026-05-03,0.5458762955665588,0.7783505320549011,0.8814433217048645,0.07216494530439377,0.36082473397254944,0.07216494530439377,0.491474,0.6,BE
2026-05-17,0.151843,0.0,0.134831,0.475281,0.022472,0.089888,0.490897,0.534,BE
2026-05-31,0.115559,0.0,0.105263,0.342579,0.0,0.084211,0.492276,0.57,BE
2026-06-14,0.114977,0.0,0.078125,0.434336,0.007812,0.046875,0.497784,0.6,BE
2026-06-28,0.4417587924003601,0.5326633453369141,0.6281406879425049,0.07537688314914703,0.7587939500808716,0.07537688314914703,0.484577,0.6,BE
2026-07-12,0.4304891345649958,0.635869562625885,0.27173912525177,0.021739130839705467,0.3913043439388275,0.6413043737411499,0.491733,0.6,BE
2026-07-26,0.6664705950021744,0.8770053386688232,0.7433155179023743,0.8288770318031311,0.8395721912384033,0.08556149899959564,0.48382,0.6,BE
2026-08-09,0.094298,0.0,0.053571,0.421696,0.017857,0.0,0.494371,0.336,BE
2026-08-23,0.12403,0.0,0.087912,0.459505,0.0,0.054945,0.494431,0.546,BE
2026-09-06,0.299326428771019,0.2746114134788513,0.48704662919044495,0.05699481815099716,0.5233160853385925,0.05181347206234932,0.50024,0.6,BE
2026-09-20,0.309292928352952,0.39898988604545593,0.42424243688583374,0.07070706784725189,0.6616161465644836,0.07070706784725189,0.503277,0.6,BE
2026-10-02,0.8740692549943924,0.8441558480262756,0.9220778942108154,0.8787878751754761,0.5497835278511047,0.7835497856140137,0.48848,0.6,BE
2025-10-05,0.07863,0.0,0.037037,0.368111,0.007407,0.0,0.489435,0.6,BT
2025-10-19,0.055125,0.0,0.0,0.30625,0.0,0.0,0.53273,0.024,BT
2025-11-02,0.25277228116989137,0.11881188303232193,0.019801979884505272,0.5198019742965698,0.22772277891635895,0.5445544719696045,0.510236,0.4701,BT
2025-11-16,0.22647343069314957,0.0917874425649643,0.03381642326712608,0.4251207709312439,0.26570048928260803,0.4589371979236603,0.516236,0.4701,BT
2025-11-30,0.06601,0.0,0.0,0.366724,0.0,0.0,0.511878,0.174,BT
2025-12-14,0.054,0.0,0.0,0.3,0.0,0.0,0.526529,0.018,BT
2025-12-28,0.054736,0.0,0.0,0.304091,0.0,0.0,0.516372,0.066,BT
2026-01-11,0.081675,0.0,0.0,0.45375,0.0,0.0,0.517995,0.048,BT
2026-02-08,0.069,0.0,0.0,0.383333,0.0,0.0,0.495076,0.018,BT
2026-03-08,0.24119048394262793,0.04285714402794838,0.009523809887468815,0.5190476179122925,0.30000001192092896,0.561904788017273,0.522411,0.4701,BT
2026-04-05,0.09,0.0,0.0,0.5,0.0,0.0,0.505488,0.006,BT
2026-05-17,0.0738,0.0,0.0,0.41,0.0,0.0,0.496153,0.018,BT
2026-05-31,0.097839,0.0,0.078947,0.333026,0.0,0.052632,0.507575,0.228,BT
2026-06-14,0.067991,0.0,0.0,0.377727,0.0,0.0,0.543087,0.066,BT
2026-06-28,0.08452261319383977,0.02010050229728222,0.05025125667452812,0.0954773873090744,0.05025125667452812,0.10552763938903809,0.51293,0.4701,BT
2026-07-12,0.6304347910359501,0.6902173757553101,0.9021739363670349,0.9130434989929199,0.054347824305295944,0.11413043737411499,0.49751,0.4701,BT
2026-08-09,0.066075,0.0,0.0,0.367083,0.0,0.0,0.500018,0.144,BT
2026-08-23,0.08505,0.0,0.0,0.4725,0.0,0.0,0.500975,0.024,BT
2026-09-06,0.19243523221462966,0.46113988757133484,0.02590673603117466,0.10362694412469864,0.05181347206234932,0.12435232847929001,0.490946,0.4701,BT
2026-09-20,0.0729,0.0,0.0,0.405,0.0,0.0,0.527322,0.006,BT
2026-10-02,0.8722077929973602,0.7748917937278748,0.9264069199562073,0.7575757503509521,0.9870129823684692,0.9220778942108154,0.494948,0.4701,BT
2025-10-05,0.130423,0.005556,0.102222,0.450067,0.005556,0.063333,0.495597,0.6,FR
2025-10-19,0.15396,0.018743,0.144432,0.483842,0.003308,0.06946,0.490126,0.6,FR
2025-11-02,0.9300495046377182,0.9108911156654358,0.9504950642585754,0.8613861203193665,0.9900990128517151,0.7970296740531921,0.487943,0.6,FR
2025-11-16,0.6355555555224419,0.49275362491607666,0.5845410823822021,0.6859903335571289,0.6763284802436829,0.7439613342285156,0.494386,0.6,FR
2025-11-30,0.139651,0.014641,0.131772,0.449744,0.033675,0.046852,0.493959,0.6,FR
2025-12-14,0.156183,0.019697,0.137879,0.475932,0.009091,0.090909,0.487895,0.6,FR
2025-12-28,0.144071,0.00915,0.12549,0.479699,0.005229,0.064052,0.49391,0.6,FR
2026-01-11,0.150818,0.018975,0.136622,0.46575,0.011385,0.077799,0.495559,0.6,FR
2026-01-25,0.130243,0.013819,0.119347,0.449215,0.021357,0.028894,0.49557,0.6,FR
2026-02-08,0.139579,0.016839,0.119171,0.451101,0.001295,0.069948,0.49145,0.6,FR
2026-02-22,0.7117171603441239,0.6767676472663879,0.6010100841522217,0.691919207572937,0.8282828330993652,0.747474730014801,0.488753,0.6,FR
2026-03-08,0.522428574860096,0.3095238208770752,0.4095238149166107,0.7142857313156128,0.41904762387275696,0.7476190328598022,0.494393,0.6,FR
2026-03-22,0.126114,0.025097,0.088803,0.449344,0.009653,0.046332,0.492719,0.6,FR
2026-04-05,0.142565,0.006494,0.125541,0.46711,0.012987,0.0671,0.492966,0.6,FR
2026-04-19,0.7630051776766777,0.6632124185562134,0.7772020697593689,0.7409326434135437,0.41450777649879456,0.9222797751426697,0.488409,0.6,FR
2026-05-03,0.5309793746471405,0.5,0.49484536051750183,0.17010308802127838,0.6804123520851135,0.6907216310501099,0.490177,0.6,FR
2026-05-17,0.112927,0.007092,0.079433,0.429816,0.012766,0.032624,0.493989,0.6,FR
2026-05-31,0.144899,0.001272,0.132316,0.451444,0.012723,0.083969,0.495443,0.6,FR
2026-06-14,0.109821,0.005914,0.079243,0.407342,0.016558,0.036665,0.505271,0.6,FR
2026-06-28,0.7569849222898484,0.7386934757232666,0.6884422302246094,0.7738693356513977,0.5879396796226501,0.7839195728302002,0.489533,0.6,FR
2026-07-12,0.6409239208698273,0.70652174949646,0.5380434989929199,0.19565217196941376,0.79347825050354,0.89673912525177,0.4937,0.6,FR
2026-07-26,0.8827807468175889,0.9304812550544739,0.9251337051391602,0.9465240836143494,0.9197860956192017,0.5935828685760498,0.48814,0.6,FR
2026-08-09,0.156856,0.002577,0.14433,0.485683,0.015464,0.090206,0.494325,0.6,FR
2026-08-23,0.146475,0.003759,0.135338,0.464229,0.024436,0.071429,0.496959,0.6,FR
2026-09-06,0.4081865181028843,0.26424869894981384,0.33678755164146423,0.21243523061275482,0.4455958604812622,0.6994818449020386,0.493775,0.6,FR
2026-09-20,0.5909090808033943,0.5656565427780151,0.5858585834503174,0.24747474491596222,0.7424242496490479,0.6616161465644836,0.493186,0.6,FR
2026-10-02,0.8718181705474852,0.8528138399124146,0.8398268222808838,0.8658008575439453,0.7186146974563599,0.9177489280700684,0.4826,0.6,FR
2023-01-01,0.25234972551465035,0.054644808173179626,0.1420765072107315,0.31147539615631104,0.23497267067432404,0.4754098355770111,0.2677595615386963,0.0495,THA
2023-03-26,0.4709777863323689,0.4533333480358124,0.8533333539962769,0.3422222137451172,0.1644444465637207,0.04888888821005821,0.6044444441795349,0.0495,THA
2023-06-04,0.424162679463625,0.7703348994255066,0.043062202632427216,0.8899521827697754,0.16746412217617035,0.2583732008934021,0.8899521827697754,0.0495,THA
2023-06-18,0.937175921201706,0.9675925970077515,0.9907407164573669,0.9814814925193787,0.31481480598449707,0.9629629850387573,0.9814814925193787,0.0495,THA
2023-07-02,0.811422011256218,0.9495412707328796,0.9541284441947937,0.9311926364898682,0.9724770784378052,0.2706421911716461,0.9311926364898682,0.0495,THA
2023-07-30,0.490861240029335,0.2679425776004791,0.559808611869812,0.4114832580089569,0.880382776260376,0.5167464017868042,0.12918660044670105,0.0495,THA
2023-09-10,0.821448590606451,0.9485981464385986,0.9626168012619019,0.9579439163208008,0.2102803736925125,0.4813084006309509,0.9579439163208008,0.0495,THA
2023-09-24,0.8646118715405465,0.990867555141449,0.9954338073730469,0.9954338073730469,0.2557077705860138,0.5205479264259338,0.9954338073730469,0.0495,THA
2025-10-05,0.262718,0.0,0.282051,0.582051,0.0,0.282051,0.480451,0.234,YM
2025-10-19,0.279297,0.0,0.426087,0.61687,0.008696,0.130435,0.471035,0.6,YM
2025-11-02,0.462772279381752,0.5198019742965698,0.4900990128517151,0.2970297038555145,0.6831682920455933,0.2524752616882324,0.484619,0.6,YM
2025-11-16,0.5223671482503415,0.7101449370384216,0.7004830837249756,0.28985506296157837,0.12560386955738068,0.24637681245803833,0.488828,0.6,YM
2025-11-30,0.184143,0.0,0.243243,0.518514,0.0,0.054054,0.479744,0.222,YM
2025-12-14,0.188269,0.0,0.172414,0.555517,0.0,0.137931,0.485918,0.174,YM
2025-12-28,0.149413,0.004854,0.126214,0.461408,0.024272,0.097087,0.479945,0.6,YM
2026-01-11,0.165844,0.010526,0.189474,0.469895,0.084211,0.052632,0.47945,0.57,YM
2026-01-25,0.332935,0.0,0.395349,0.641628,0.023256,0.372093,0.482254,0.258,YM
2026-02-08,0.214638,0.0,0.230769,0.525769,0.0,0.192308,0.48912,0.312,YM
2026-02-22,0.7241919130086899,0.8535353541374207,0.6767676472663879,0.8737373948097229,0.5404040217399597,0.4747474789619446,0.478882,0.6,YM
2026-03-08,0.5024762065708638,0.5142857432365417,0.7523809671401978,0.2857142984867096,0.48571428656578064,0.27142858505249023,0.484268,0.6,YM
2026-03-22,0.297227,0.0,0.363636,0.627273,0.113636,0.25,0.473161,0.264,YM
2026-04-05,0.307379,0.0,0.352941,0.676618,0.029412,0.294118,0.474519,0.204,YM
2026-04-19,0.8337823814153672,0.9533678889274597,0.9481865167617798,0.9533678889274597,0.393782377243042,0.49740931391716003,0.48786,0.6,YM
2026-05-03,0.8750515419244767,0.8247422575950623,0.8865979313850403,0.7938144207000732,0.8814433217048645,0.9896907210350037,0.480511,0.6,YM
2026-05-17,0.140019,0.0,0.132075,0.442453,0.0,0.075472,0.485177,0.318,YM
2026-05-31,0.05955,0.0,0.0,0.330833,0.0,0.0,0.487352,0.072,YM
2026-06-14,0.092493,0.0,0.034483,0.439138,0.034483,0.0,0.482881,0.174,YM
2026-06-28,0.8375879386067391,1.0,0.9145728349685669,0.979899525642395,0.48241207003593445,0.43718594312667847,0.46398,0.6,YM
2026-07-12,0.7560326039791107,0.6304348111152649,0.8478260636329651,0.7336956262588501,0.907608687877655,0.570652186870575,0.478962,0.6,YM
2026-07-26,0.8680213868618011,0.893048107624054,0.8609625697135925,0.8983957171440125,0.34224599599838257,0.9518716335296631,0.474772,0.6,YM
2026-08-09,0.305784,0.003096,0.337461,0.662508,0.009288,0.321981,0.475184,0.6,YM
2026-08-23,0.212615,0.0,0.226415,0.552264,0.0,0.169811,0.478949,0.318,YM
2026-09-06,0.9178756612539292,0.9689119458198547,0.9533678889274597,0.984455943107605,0.3834196925163269,0.7823834419250488,0.471097,0.6,YM
2026-09-20,0.910808070898056,0.9444444179534912,0.9646464586257935,0.9747474789619446,0.7626262903213501,0.6515151262283325,0.473736,0.6,YM
2026-10-02,0.8645454621315003,0.9264069199562073,0.9047619104385376,0.9437229633331299,0.48051947355270386,0.6666666865348816,0.476819,0.6,YM
2025-10-05,0.18386,0.0,0.17757,0.498341,0.004673,0.154206,0.483588,0.6,GZ
2025-10-19,0.329795,0.0,0.388262,0.649097,0.013544,0.365688,0.466579,0.6,GZ
2025-11-02,0.7854455512762071,0.7079207897186279,0.7128713130950928,0.7722772359848022,0.7178217768669128,0.8316831588745117,0.47505,0.5876,GZ
2025-11-16,0.30937197968363767,0.17874395847320557,0.37681159377098083,0.7246376872062683,0.07246376574039459,0.10628019273281097,0.488083,0.5876,GZ
2025-11-30,0.381191,0.0,0.465116,0.670698,0.0,0.465116,0.46853,0.258,GZ
2025-12-14,0.220538,0.0,0.232877,0.573767,0.0,0.178082,0.47938,0.438,GZ
2025-12-28,0.128834,0.0,0.081967,0.460738,0.0,0.081967,0.475527,0.366,GZ
2026-01-11,0.246669,0.0,0.253731,0.600896,0.0,0.238806,0.465229,0.402,GZ
2026-01-25,0.193987,0.0,0.1875,0.494375,0.0,0.1875,0.481437,0.6,GZ
2026-02-08,0.198584,0.0,0.2,0.523,0.044444,0.155556,0.481275,0.27,GZ
2026-02-22,0.7463636304438115,0.8939393758773804,0.6717171669006348,0.6363636255264282,0.4747474789619446,0.8434343338012695,0.491972,0.5876,GZ
2026-03-08,0.8259047652594746,0.9333333373069763,0.9904761910438538,0.9857142567634583,0.02857142873108387,0.5047619342803955,0.490184,0.5876,GZ
2026-03-22,0.581287,0.0,0.75,0.896042,0.0,0.75,0.476439,0.144,GZ
2026-04-05,0.272265,0.0,0.307692,0.657885,0.0,0.230769,0.461776,0.156,GZ
2026-04-19,0.960829017162323,0.9430052042007446,0.9740932583808899,0.9274611473083496,0.9948186278343201,0.9689119458198547,0.475092,0.5876,GZ
2026-05-03,0.9294845461845398,0.9536082744598389,0.9587628841400146,0.9742268323898315,0.3865979313850403,0.9639175534248352,0.462008,0.5876,GZ
2026-05-17,0.374077,0.0,0.5,0.6745,0.066667,0.366667,0.470202,0.18,GZ
2026-05-31,0.281256,0.0,0.333333,0.624259,0.0,0.259259,0.475465,0.162,GZ
2026-06-14,0.462452,0.037037,0.555556,0.79963,0.0,0.555556,0.461986,0.162,GZ
2026-06-28,0.964773868918419,0.979899525642395,0.9447236061096191,0.9698492288589478,0.8844221234321594,0.979899525642395,0.459894,0.5876,GZ
2026-07-12,0.736521750241518,0.79347825050354,0.9130434989929199,0.9347826242446899,0.16304348409175873,0.32065218687057495,0.459881,0.5876,GZ
2026-07-26,0.7561497339606285,0.8342245817184448,0.6791443824768066,0.7647058963775635,0.4117647111415863,0.7433155179023743,0.479931,0.5876,GZ
2026-08-09,0.188343,0.0,0.189189,0.519324,0.027027,0.135135,0.488925,0.444,GZ
2026-08-23,0.255658,0.018868,0.264151,0.595377,0.018868,0.245283,0.481926,0.318,GZ
2026-09-06,0.6554404243826867,0.803108811378479,0.7564767003059387,0.8082901835441589,0.15544041991233826,0.2953367829322815,0.476914,0.5876,GZ
2026-09-20,0.880000010728836,0.8737373948097229,0.9242424368858337,0.9595959782600403,0.14646464586257935,0.8787878751754761,0.476022,0.5876,GZ
2026-10-02,0.8629437160491944,0.7402597665786743,0.8744588494300842,0.8138527870178223,0.8961039185523987,0.939393937587738,0.479871,0.5876,GZ
2025-10-05,0.065838,0.0,0.0,0.365769,0.0,0.0,0.486423,0.078,GT
2025-10-19,0.31444,0.0,0.6,0.591333,0.0,0.066667,0.486812,0.09,GT
2025-11-02,0.9304455393552781,0.9257425665855408,0.9257425665855408,0.9158415794372559,0.8316831588745117,0.9801980257034302,0.474801,0.5938,GT
2025-11-16,0.2866666676104069,0.22705313563346863,0.25120773911476135,0.6811594367027283,0.6231883764266968,0.09661835432052612,0.503736,0.5938,GT
2025-11-30,0.312273,0.0,0.466667,0.549667,0.0,0.266667,0.479993,0.09,GT
2025-12-14,0.134519,0.0,0.155172,0.4025,0.0,0.051724,0.484192,0.348,GT
2025-12-28,0.203916,0.0,0.258065,0.459032,0.0,0.16129,0.460012,0.186,GT
2026-01-11,0.229419,0.0,0.34375,0.538438,0.0,0.09375,0.474004,0.192,GT
2026-01-25,0.20859,0.0,0.25,0.567396,0.020833,0.104167,0.464985,0.288,GT
2026-02-08,0.233263,0.03125,0.3125,0.580625,0.0,0.09375,0.479105,0.192,GT
2026-02-22,0.6760101015865804,0.6161616444587708,0.5303030014038086,0.8232323527336121,0.15656565129756927,0.868686854839325,0.481091,0.5938,GT
2026-03-08,0.89790476500988,0.800000011920929,0.9142857193946838,0.8285714387893677,0.9476190209388733,0.9904761910438538,0.46758,0.5938,GT
2026-03-22,0.035357,0.0,0.0,0.196429,0.0,0.0,0.488101,0.042,GT
2026-04-05,0.244785,0.051282,0.25641,0.57359,0.0,0.205128,0.492821,0.234,GT
2026-04-19,0.993678738474846,0.9948186278343201,0.9948186278343201,0.9948186278343201,0.9637305736541748,0.9948186278343201,0.461087,0.5938,GT
2026-05-03,0.33046390756964683,0.3041236996650696,0.34536081552505493,0.27835050225257874,0.6340206265449524,0.27835050225257874,0.496202,0.5938,GT
2026-05-17,0.07056,0.0,0.0,0.392,0.0,0.0,0.501552,0.06,GT
2026-05-31,0.122892,0.0,0.12,0.4694,0.0,0.0,0.474947,0.15,GT
2026-06-14,0.185815,0.0,0.307692,0.455385,0.076923,0.0,0.481506,0.078,GT
2026-06-28,0.18864321574568746,0.07537688314914703,0.1557788997888565,0.29145729541778564,0.14572864770889282,0.286432147026062,0.50123,0.5938,GT
2026-07-12,0.29521739318966866,0.5163043737411499,0.16847826540470123,0.30978259444236755,0.15760870277881622,0.30978259444236755,0.497026,0.5938,GT
2026-07-26,0.5749732714891433,0.49732619524002075,0.7486631274223328,0.30481284856796265,0.9411764740943909,0.31016042828559875,0.429627,0.5938,GT
2026-08-09,0.300667,0.0,0.333333,0.633333,0.0,0.333333,0.497565,0.018,GT
2026-08-23,0.18394,0.0,0.2,0.533,0.0,0.1,0.494982,0.06,GT
2026-09-06,0.41222798347473144,0.5440414547920227,0.2746114134788513,0.3212435245513916,0.5388600826263428,0.3212435245513916,0.479874,0.5938,GT
2026-09-20,0.5017171776294709,0.2626262605190277,0.43939393758773804,0.3030303120613098,0.631313145160675,0.8131313323974609,0.46901,0.5938,GT
2026-10-02,0.8614285773038863,0.7359307408332825,0.8831169009208679,0.7965368032455444,0.8398268222808838,0.9826839566230774,0.470954,0.5938,GT
2025-10-05,0.186936,0.0,0.206897,0.555776,0.0,0.086207,0.47608,0.348,EC
2025-10-19,0.121824,0.0131,0.09607,0.403144,0.017467,0.061135,0.475917,0.6,EC
2025-11-02,0.6959901076555253,0.5445544719696045,0.7079207897186279,0.5049505233764648,0.6386138796806335,0.905940592288971,0.480473,0.5691,EC
2025-11-16,0.8941062879562378,0.8550724387168884,0.9420289993286133,0.8454106450080872,0.9758453965187073,0.7198067903518677,0.476033,0.5691,EC
2025-11-30,0.074247,0.0,0.011236,0.377528,0.0,0.011236,0.490419,0.534,EC
2025-12-14,0.408314,0.0,0.714286,0.712857,0.0,0.214286,0.467541,0.084,EC
2025-12-28,0.118154,0.0,0.083333,0.452708,0.0,0.041667,0.485468,0.144,EC
2026-01-11,0.142319,0.0,0.16129,0.417903,0.0,0.064516,0.490348,0.186,EC
2026-01-25,0.290674,0.0,0.489362,0.586489,0.042553,0.106383,0.459766,0.282,EC
2026-02-08,0.31205,0.0,0.625,0.6225,0.0,0.0,0.486475,0.048,EC
2026-02-22,0.27919191256165504,0.18686868250370026,0.04545454680919647,0.6111111044883728,0.09090909361839294,0.5656565427780151,0.509075,0.5691,EC
2026-03-08,0.8492857086658477,0.8190476298332214,0.8333333134651184,0.8333333134651184,0.6809523701667786,0.8095238208770752,0.475792,0.5691,EC
2026-03-22,0.119543,0.0,0.071429,0.537143,0.0,0.0,0.489077,0.084,EC
2026-04-05,0.56085,0.0,0.75,0.7825,0.0,0.75,0.465735,0.024,EC
2026-04-19,0.41901554122567175,0.8393782377243042,0.08808290213346481,0.7512953281402588,0.11398963630199432,0.22797927260398865,0.48801,0.5691,EC
2026-05-03,0.491185560002923,0.4793814420700073,0.7731958627700806,0.23711340129375458,0.09793814271688461,0.19587628543376923,0.481751,0.5691,EC
2026-05-17,0.068453,0.0,0.0,0.380294,0.0,0.0,0.487349,0.102,EC
2026-05-31,0.3316,0.0,0.4,0.686667,0.0,0.333333,0.475688,0.09,EC
2026-06-14,0.7,0.0,1.0,1.0,0.0,1.0,0.442177,0.018,EC
2026-06-28,0.7961809015274048,0.9346733689308167,0.9698492288589478,0.9346733689308167,0.9899497628211975,0.1909547746181488,0.483134,0.5691,EC
2026-07-26,0.42737967666238547,0.529411792755127,0.7326202988624573,0.2139037400484085,0.09090909361839294,0.2139037400484085,0.521868,0.5691,EC
2026-08-09,0.246005,0.0,0.263158,0.618158,0.0,0.210526,0.465524,0.114,EC
2026-08-23,0.102426,0.0,0.068493,0.405411,0.013699,0.027397,0.506438,0.438,EC
2026-09-06,0.27290154851973053,0.1606217622756958,0.39896371960639954,0.21761657297611237,0.05699481815099716,0.21243523061275482,0.494943,0.5691,EC
2026-09-20,0.2443939442932606,0.18686868250370026,0.3080808222293854,0.23232322931289673,0.08585858345031738,0.1818181872367859,0.47577,0.5691,EC
2026-10-02,0.8480519378185274,0.8614718317985535,0.7792207598686218,0.7835497856140137,0.8095238208770752,0.9610389471054077,0.473139,0.5691,EC
2025-10-05,0.214285,0.0,0.259259,0.532037,0.0,0.148148,0.495362,0.162,CD
2025-10-19,0.1797,0.0,0.166667,0.553889,0.0,0.111111,0.494523,0.108,CD
2025-11-02,0.5969801938533783,0.6435643434524536,0.4108910858631134,0.45049506425857544,0.34158414602279663,0.8613861203193665,0.478487,0.6,CD
2025-11-16,0.6553140076994897,0.5990338325500488,0.8212560415267944,0.7874395847320557,0.256038635969162,0.4251207709312439,0.499916,0.6,CD
2025-11-30,0.47046,0.0,0.6,0.747,0.0,0.6,0.483793,0.03,CD
2025-12-14,0.122297,0.0,0.064516,0.47871,0.0,0.064516,0.498658,0.186,CD
2025-12-28,0.153461,0.0,0.121212,0.475455,0.0,0.121212,0.471691,0.198,CD
2026-01-11,0.1836,0.0,0.176471,0.549412,0.0,0.117647,0.485405,0.102,CD
2026-01-25,0.41125,0.0,0.5,0.729167,0.0,0.5,0.502395,0.036,CD
2026-02-08,0.13085,0.0,0.1,0.4825,0.0,0.05,0.488662,0.12,CD
2026-02-22,0.8854040443897248,0.9646464586257935,0.9696969985961914,0.9545454382896423,0.9292929172515869,0.5,0.481671,0.6,CD
2026-03-08,0.7265714356303214,0.561904788017273,0.8190476298332214,0.4285714328289032,0.8809523582458496,0.9666666388511658,0.479784,0.6,CD
2026-03-22,0.1393,0.0,0.108696,0.493696,0.0,0.065217,0.487074,0.276,CD
2026-04-05,0.098627,0.0,0.066667,0.399778,0.0,0.022222,0.492728,0.27,CD
2026-04-19,0.6261657996475697,0.8134714961051941,0.7357512712478638,0.8808290362358093,0.07772020995616913,0.15544041991233826,0.474869,0.6,CD
2026-05-03,0.7751546496152878,0.8917526006698608,0.9742268323898315,0.9793814420700073,0.7628865838050842,0.15979380905628204,0.495281,0.6,CD
2026-05-17,0.231582,0.051282,0.205128,0.59141,0.0,0.205128,0.483051,0.234,CD
2026-05-31,0.102683,0.0,0.06383,0.428617,0.0,0.021277,0.49779,0.282,CD
2026-06-14,0.08373,0.0,0.021739,0.426522,0.0,0.0,0.490421,0.276,CD
2026-06-28,0.4721608048677445,0.21105527877807617,0.4673366844654083,0.16080401837825775,0.5778894424438477,0.9145728349685669,0.493028,0.6,CD
2026-07-12,0.7166304212808609,0.929347813129425,0.8369565010070801,0.8152173757553101,0.9728260636329651,0.10326086729764938,0.480548,0.6,CD
2026-07-26,0.9578074717521669,0.9518716335296631,0.9358288645744324,0.9518716335296631,0.9518716335296631,1.0,0.452451,0.6,CD
2026-08-09,0.117888,0.0,0.117647,0.367353,0.0,0.058824,0.485255,0.102,CD
2026-08-23,0.194714,0.0,0.27027,0.461622,0.081081,0.081081,0.489537,0.222,CD
2026-09-06,0.07823834205046296,0.005181347019970417,0.015544041059911251,0.09326425194740295,0.02590673603117466,0.12953367829322815,0.471979,0.6,CD
2026-09-20,0.8195959621667862,0.9646464586257935,1.0,0.9696969985961914,1.0,0.15656565129756927,0.481091,0.6,CD
2026-10-02,0.8462337738275528,0.939393937587738,0.8961039185523987,0.9523809552192688,0.3160173296928406,0.649350643157959,0.482226,0.6,CD
2025-10-05,0.333824,0.0,0.404412,0.646654,0.022059,0.360294,0.469866,0.6,SO
2025-10-19,0.201517,0.0,0.206897,0.475862,0.0,0.206897,0.481564,0.174,SO
2025-11-02,0.43673267573118213,0.5297029614448547,0.41584157943725586,0.3861386179924011,0.6584158539772034,0.2673267424106598,0.497848,0.6,SO
2025-11-16,0.8914009696245193,0.9178743958473206,0.9130434989929199,0.9033816456794739,0.8550724387168884,0.7004830837249756,0.482794,0.6,SO
2025-11-30,0.218285,0.006897,0.248276,0.546793,0.013793,0.158621,0.48436,0.6,SO
2025-12-14,0.116608,0.006098,0.085366,0.460152,0.012195,0.018293,0.486049,0.6,SO
2025-12-28,0.113274,0.003151,0.058824,0.471329,0.009454,0.034664,0.487372,0.6,SO
2026-01-11,0.117417,0.01306,0.072761,0.453312,0.007463,0.039179,0.484806,0.6,SO
2026-01-25,0.146259,0.008969,0.112108,0.505874,0.004484,0.071749,0.485891,0.6,SO
2026-02-08,0.131926,0.004545,0.104545,0.458682,0.027273,0.054545,0.493605,0.6,SO
2026-02-22,0.4479797971248627,0.6818181872367859,0.4595959484577179,0.3888888955116272,0.6060606241226196,0.11616161465644836,0.489965,0.6,SO
2026-03-08,0.4458095341920853,0.6476190686225891,0.32380953431129456,0.36666667461395264,0.4523809552192688,0.3571428656578064,0.482669,0.6,SO
2026-03-22,0.130861,0.0,0.122581,0.468226,0.03871,0.019355,0.47904,0.6,SO
2026-04-05,0.110974,0.011494,0.057471,0.435805,0.011494,0.045977,0.49378,0.522,SO
2026-04-19,0.5504663202166558,0.803108811378479,0.3212435245513916,0.575129508972168,0.33678755164146423,0.5803108811378479,0.484006,0.6,SO
2026-05-03,0.9311340308189393,0.9432989954948425,0.907216489315033,0.9329897165298462,0.8298969268798828,0.8505154848098755,0.478534,0.6,SO
2026-05-17,0.146067,0.0,0.157143,0.513071,0.0,0.014286,0.486371,0.42,SO
2026-05-31,0.185516,0.0,0.2,0.491062,0.0875,0.1125,0.486302,0.48,SO
2026-06-14,0.11891,0.009804,0.068627,0.450098,0.014706,0.053922,0.494097,0.6,SO
2026-06-28,0.8654271245002747,0.9145728349685669,0.9497487545013428,0.8793969750404358,0.9849246144294739,0.5075376629829407,0.47013,0.6,SO
2026-07-12,0.7036956423521042,0.7119565010070801,0.8260869383811951,0.5869565010070801,0.91847825050354,0.46195653080940247,0.489307,0.6,SO
2026-07-26,0.8528342297673225,0.8181818127632141,0.866310179233551,0.8609625697135925,0.48663100600242615,0.855614960193634,0.483987,0.6,SO
2026-08-09,0.314125,0.0,0.381818,0.640091,0.036364,0.309091,0.482958,0.33,SO
2026-08-23,0.199468,0.007353,0.227941,0.531765,0.066176,0.102941,0.478299,0.6,SO
2026-09-06,0.6575647622346877,0.8393782377243042,0.4715026021003723,0.787564754486084,0.4922279715538025,0.575129508972168,0.479895,0.6,SO
2026-09-20,0.5809596046805382,0.5202020406723022,0.6414141654968262,0.5151515007019043,0.469696968793869,0.5151515007019043,0.491611,0.6,SO
2026-10-02,0.8411688351631165,0.9090909361839294,0.9437229633331299,0.948051929473877,0.2554112672805786,0.6103895902633667,0.486663,0.6,SO
2025-10-05,0.125092,0.0,0.098901,0.451978,0.021978,0.043956,0.495507,0.546,KN
2025-10-19,0.172284,0.011628,0.168605,0.508169,0.011628,0.098837,0.494439,0.6,KN
2025-11-02,0.38425742626190185,0.38118812441825867,0.49504950642585754,0.1683168262243271,0.7920792102813721,0.15346534550189972,0.494418,0.6,KN
2025-11-16,0.6466666647791863,0.7149758338928223,0.5893719792366028,0.15942029654979706,0.43478259444236755,0.9371980428695679,0.484339,0.6,KN
2025-11-30,0.156033,0.0,0.153846,0.463718,0.025641,0.089744,0.493691,0.468,KN
2025-12-14,0.106707,0.011628,0.081395,0.404186,0.0,0.023256,0.486768,0.516,KN
2025-12-28,0.212166,0.015385,0.246154,0.524,0.092308,0.123077,0.494077,0.39,KN
2026-01-11,0.147756,0.0,0.119048,0.539563,0.015873,0.047619,0.477862,0.6,KN
2026-01-25,0.128997,0.0,0.090909,0.491061,0.060606,0.030303,0.489473,0.396,KN
2026-02-08,0.136055,0.0,0.136986,0.423288,0.041096,0.054795,0.50192,0.438,KN
2026-02-22,0.716717175245285,0.8282828330993652,0.8787878751754761,0.7777777910232544,0.9696969985961914,0.16161616146564484,0.48831,0.6,KN
2026-03-08,0.37166667133569725,0.6142857074737549,0.3523809611797333,0.1428571492433548,0.7047619223594666,0.1428571492433548,0.480496,0.6,KN
2026-03-22,0.094038,0.0,0.047619,0.374286,0.0,0.047619,0.502266,0.126,KN
2026-04-05,0.2035,0.0,0.195652,0.542391,0.021739,0.173913,0.496344,0.276,KN
2026-04-19,0.7769430059194565,0.7253885865211487,0.8290155529975891,0.8238341808319092,0.5336787700653076,0.6683937907218933,0.482945,0.6,KN
2026-05-03,0.538350510597229,0.8041236996650696,0.3865979313850403,0.49484536051750183,0.40721648931503296,0.41237112879753113,0.485338,0.6,KN
2026-05-17,0.153186,0.0,0.109375,0.552422,0.0,0.078125,0.483677,0.384,KN
2026-05-31,0.091585,0.0,0.02439,0.432927,0.0,0.02439,0.501822,0.246,KN
2026-06-14,0.124243,0.0,0.109756,0.422622,0.060976,0.036585,0.489182,0.492,KN
2026-06-28,0.6805025160312653,0.5427135825157166,0.6834170818328857,0.4673366844654083,0.6884422302246094,0.929648220539093,0.492267,0.6,KN
2026-07-12,0.6387500029802322,0.42934781312942505,0.6521739363670349,0.43478259444236755,0.510869562625885,0.842391312122345,0.489077,0.6,KN
2026-07-26,0.5336898396909237,0.6310160160064697,0.625668466091156,0.427807480096817,0.1764705926179886,0.4224599003791809,0.486117,0.6,KN
2026-08-09,0.193274,0.0,0.226415,0.435377,0.056604,0.160377,0.490716,0.6,KN
2026-08-23,0.144755,0.018519,0.138889,0.477546,0.12037,0.009259,0.491841,0.6,KN
2026-09-06,0.7258549267053604,0.7979274392127991,0.6476684212684631,0.4300518035888672,0.7927461266517639,0.8963730335235596,0.486755,0.6,KN
2026-09-20,0.8853535419702531,0.9545454382896423,0.9696969985961914,0.9797979593276978,0.6717171669006348,0.5808081030845642,0.48496,0.6,KN
2026-10-02,0.8350649386644363,0.7835497856140137,0.8571428656578064,0.8484848737716675,0.5627705454826355,0.7922077775001526,0.483801,0.6,KN
2025-10-05,0.107538,0.0,0.076923,0.430769,0.076923,0.0,0.482149,0.078,OS
2025-10-19,0.118957,0.142857,0.0,0.502143,0.0,0.0,0.484062,0.084,OS
2025-11-02,0.7769802042841911,0.9306930899620056,0.5841584205627441,0.9455445408821106,0.38118812441825867,0.7524752616882324,0.484643,0.6,OS
2025-11-16,0.3171980680525303,0.3719806671142578,0.34299516677856445,0.08695652335882187,0.2028985470533371,0.28502416610717773,0.480832,0.6,OS
2025-11-30,0.168563,0.0,0.157895,0.487632,0.026316,0.118421,0.479737,0.456,OS
2025-12-14,0.23618,0.0,0.243902,0.576341,0.02439,0.219512,0.481257,0.246,OS
2025-12-28,0.169544,0.111111,0.111111,0.472778,0.0,0.111111,0.486587,0.054,OS
2026-01-11,0.08208,0.0,0.0,0.456,0.0,0.0,0.482991,0.03,OS
2026-01-25,0.094125,0.0,0.035714,0.445536,0.035714,0.0,0.485237,0.168,OS
2026-02-08,0.165529,0.285714,0.0,0.602143,0.0,0.0,0.490355,0.042,OS
2026-02-22,0.7949999877810479,0.9797979593276978,0.9797979593276978,0.9747474789619446,0.20202019810676575,0.28787878155708313,0.488,0.6,OS
2026-03-08,0.25671428933739665,0.39523810148239136,0.2380952388048172,0.06666667014360428,0.13333334028720856,0.08095238357782364,0.488344,0.6,OS
2026-03-22,0.078671,0.0,0.0,0.437059,0.0,0.0,0.494225,0.204,OS
2026-04-05,0.194827,0.022222,0.177778,0.534222,0.0,0.155556,0.486993,0.27,OS
2026-04-19,0.7929015596210958,0.787564754486084,0.8808290362358093,0.9430052042007446,0.23834197223186493,0.6269429922103882,0.491122,0.6,OS
2026-05-03,0.4482474163919687,0.24742268025875092,0.47422680258750916,0.6082473993301392,0.5154638886451721,0.4639175236225128,0.488059,0.6,OS
2026-05-17,0.186961,0.0,0.184211,0.500658,0.0,0.157895,0.478703,0.228,OS
2026-05-31,0.09484,0.0,0.05,0.438,0.0,0.0,0.490937,0.12,OS
2026-06-14,0.081771,0.0,0.0,0.454286,0.0,0.0,0.486963,0.084,OS
2026-06-28,0.4572361750900745,0.44723618030548096,0.3065326511859894,0.5979899764060974,0.31658291816711426,0.5879396796226501,0.494532,0.6,OS
2026-07-12,0.538858695924282,0.9510869383811951,0.23369565606117249,0.6413043737411499,0.33695653080940247,0.510869562625885,0.489289,0.6,OS
2026-07-26,0.8889839521050453,0.9839572310447693,0.9786096215248108,0.9946523904800415,0.2513369023799896,0.6737967729568481,0.475948,0.6,OS
2026-08-09,0.238437,0.0,0.268519,0.526296,0.0,0.240741,0.483334,0.6,OS
2026-08-23,0.149952,0.022727,0.159091,0.446705,0.045455,0.045455,0.490753,0.264,OS
2026-09-06,0.4918652793765068,0.29015544056892395,0.43523314595222473,0.6424870491027832,0.32642486691474915,0.6424870491027832,0.494992,0.6,OS
2026-09-20,0.4748484769463539,0.5757575631141663,0.24747474491596222,0.5959596037864685,0.33838382363319397,0.5404040217399597,0.477035,0.6,OS
2026-10-02,0.8341991370916366,0.9653679728507996,0.9913420081138611,0.9610389471054077,0.33766233921051025,0.4199134111404419,0.479834,0.6,OS
2025-10-05,0.24378,0.028169,0.28169,0.56169,0.042254,0.183099,0.491707,0.426,HA
2025-10-19,0.120502,0.016393,0.098361,0.404426,0.016393,0.04918,0.488562,0.366,HA
2025-11-02,0.609851480126381,0.6732673048973083,0.8217821717262268,0.6782178282737732,0.7574257254600525,0.09900990128517151,0.49426,0.6,HA
2025-11-16,0.9385990291833878,0.9758453965187073,0.9855072498321533,0.990338146686554,0.2995169162750244,0.9710144996643066,0.477289,0.6,HA
2025-11-30,0.087536,0.0,0.022727,0.445909,0.0,0.0,0.486726,0.264,HA
2025-12-14,0.129351,0.0,0.139535,0.461512,0.023256,0.0,0.504673,0.258,HA
2025-12-28,0.143711,0.0,0.222222,0.403333,0.0,0.0,0.478721,0.054,HA
2026-01-11,0.147525,0.0,0.166667,0.48625,0.0,0.027778,0.483414,0.216,HA
2026-01-25,0.212751,0.0,0.269841,0.526746,0.015873,0.126984,0.482374,0.378,HA
2026-02-08,0.135892,0.005848,0.099415,0.475877,0.005848,0.070175,0.488937,0.6,HA
2026-02-22,0.9525252425670624,0.939393937587738,0.9545454382896423,0.9292929172515869,0.9191918969154358,0.9848484992980957,0.473616,0.6,HA
2026-03-08,0.8434285658597946,0.8285714387893677,0.7857142686843872,0.7571428418159485,0.8857142925262451,0.8809523582458496,0.474544,0.6,HA
2026-03-22,0.252905,0.0,0.263158,0.586316,0.0,0.263158,0.489775,0.114,HA
2026-04-05,0.147537,0.0,0.139535,0.447558,0.0,0.093023,0.481939,0.258,HA
2026-04-19,0.36559585720300675,0.2694300413131714,0.3834196925163269,0.29015544056892395,0.7461140155792236,0.2849740982055664,0.494616,0.6,HA
2026-05-03,0.6582474192976953,0.876288652420044,0.48969072103500366,0.2886597812175751,0.44329896569252014,0.9484536051750183,0.489212,0.6,HA
2026-05-17,0.083154,0.054054,0.054054,0.305811,0.0,0.0,0.501316,0.222,HA
2026-05-31,0.1129,0.0,0.125,0.405,0.0,0.0,0.493977,0.096,HA
2026-06-14,0.436489,0.0,0.586667,0.7242,0.0,0.493333,0.471866,0.45,HA
2026-06-28,0.542010053396225,0.48241207003593445,0.45728641748428345,0.26633167266845703,0.5829145908355713,0.7788944840431213,0.489921,0.6,HA
2026-07-12,0.4365217420458794,0.45108696818351746,0.510869562625885,0.32065218687057495,0.4945652186870575,0.28804346919059753,0.493241,0.6,HA
2026-07-26,0.29791444167494774,0.28877004981040955,0.27272728085517883,0.28342247009277344,0.3529411852359772,0.29946523904800415,0.492761,0.6,HA
2026-08-09,0.166043,0.032609,0.152174,0.491304,0.021739,0.086957,0.488774,0.552,HA
2026-08-23,0.222947,0.023256,0.244186,0.548023,0.034884,0.162791,0.485227,0.516,HA
2026-09-06,0.6078756469488145,0.6269429922103882,0.8549222946166992,0.2953367829322815,0.6528497338294983,0.30051812529563904,0.491376,0.6,HA
2026-09-20,0.9687373691797256,0.9141414165496826,0.9898989796638489,0.9545454382896423,0.9747474789619446,0.9797979593276978,0.473084,0.6,HA
2026-10-02,0.8325108200311662,0.7792207598686218,0.8311688303947449,0.8095238208770752,0.5757575631141663,0.8701298832893372,0.481276,0.6,HA
2025-10-05,0.200267,0.007092,0.230496,0.551525,0.028369,0.099291,0.47354,0.6,VE
2025-10-19,0.173937,0.013359,0.171756,0.521765,0.051527,0.078244,0.481299,0.6,VE
2025-11-02,0.7457425776124,0.8366336822509766,0.7277227640151978,0.7871286869049072,0.4554455578327179,0.6089109182357788,0.477307,0.6,VE
2025-11-16,0.789275353550911,0.8502415418624878,0.8937197923660278,0.260869562625885,0.512077271938324,0.8454106450080872,0.481414,0.6,VE
2025-11-30,0.18045,0.002646,0.193122,0.543062,0.068783,0.064815,0.475373,0.6,VE
2025-12-14,0.157358,0.008584,0.150215,0.486395,0.05794,0.066524,0.48098,0.6,VE
2025-12-28,0.14437,0.003817,0.125954,0.485687,0.030534,0.057252,0.479914,0.6,VE
2026-01-11,0.176418,0.021874,0.171275,0.507819,0.012381,0.104003,0.485984,0.6,VE
2026-01-25,0.181413,0.025292,0.171206,0.508064,0.023346,0.118677,0.481734,0.6,VE
2026-02-08,0.1375,0.019763,0.110672,0.454051,0.003953,0.067194,0.484265,0.6,VE
2026-02-22,0.7466666752099992,0.7020202279090881,0.8030303120613098,0.26767677068710327,0.8535353541374207,0.9242424368858337,0.476716,0.6,VE
2026-03-08,0.6099523907899856,0.48571428656578064,0.6285714507102966,0.25238096714019775,0.5952380895614624,0.8476190567016602,0.484698,0.6,VE
2026-03-22,0.290532,0.0,0.41573,0.606264,0.016854,0.196629,0.473426,0.6,VE
2026-04-05,0.225313,0.0,0.240964,0.529518,0.012048,0.216867,0.486393,0.498,VE
2026-04-19,0.8565803128480911,0.8445596098899841,0.8393782377243042,0.7357512712478638,0.8911917209625244,0.9274611473083496,0.483628,0.6,VE
2026-05-03,0.7508762812614441,0.6082473993301392,0.7938144207000732,0.6804123520851135,0.8865979313850403,0.7474226951599121,0.484518,0.6,VE
2026-05-17,0.191913,0.002469,0.249383,0.522148,0.014815,0.069136,0.482256,0.6,VE
2026-05-31,0.173525,0.0,0.184615,0.51759,0.005128,0.087179,0.484522,0.6,VE
2026-06-14,0.253253,0.004902,0.29902,0.578529,0.009804,0.215686,0.475733,0.6,VE
2026-06-28,0.4714572802186012,0.311557799577713,0.32663315534591675,0.6582914590835571,0.43216079473495483,0.6934673190116882,0.488348,0.6,VE
2026-07-12,0.5591304439306259,0.32065218687057495,0.47826087474823,0.570652186870575,0.625,0.83152174949646,0.487981,0.6,VE
2026-07-26,0.854598942399025,0.903743326663971,0.7647058963775635,0.8395721912384033,0.7379679083824158,0.8288770318031311,0.475328,0.6,VE
2026-08-09,0.145128,0.0,0.15625,0.468594,0.046875,0.03125,0.492037,0.384,VE
2026-08-23,0.26157,0.014184,0.35461,0.551667,0.0,0.191489,0.48389,0.6,VE
2026-09-06,0.49709844440221784,0.7512953281402588,0.24870465695858002,0.6683937907218933,0.393782377243042,0.4818652868270874,0.489554,0.6,VE
2026-09-20,0.49595959931612016,0.3181818127632141,0.4848484992980957,0.47979798913002014,0.6565656661987305,0.6111111044883728,0.49043,0.6,VE
2026-10-02,0.8321212166547776,0.8787878751754761,0.8701298832893372,0.761904776096344,0.9740259647369385,0.6017315983772278,0.486989,0.6,VE
2025-10-05,0.181351,0.00813,0.199187,0.498699,0.012195,0.105691,0.488015,0.6,MX
2025-10-19,0.149922,0.033473,0.133891,0.457259,0.0,0.075314,0.494439,0.6,MX
2025-11-02,0.6415346656739712,0.6089109182357788,0.6683168411254883,0.059405941516160965,0.5049505233764648,0.8415841460227966,0.480424,0.6,MX
2025-11-16,0.9667632877826691,0.9806763529777527,0.9758453965187073,0.9951691031455994,0.7053139805793762,0.966183602809906,0.465666,0.6,MX
2025-11-30,0.21663,0.004167,0.279167,0.503271,0.0125,0.145833,0.489603,0.6,MX
2025-12-14,0.110634,0.0,0.083056,0.421944,0.013289,0.0299,0.494069,0.6,MX
2025-12-28,0.14784,0.0,0.175097,0.441089,0.003891,0.050584,0.487649,0.6,MX
2026-01-11,0.197909,0.026718,0.225191,0.520401,0.003817,0.110687,0.480477,0.6,MX
2026-01-25,0.163698,0.014252,0.180523,0.474228,0.033254,0.064133,0.489377,0.6,MX
2026-02-08,0.186011,0.011583,0.196911,0.5261,0.027027,0.100386,0.488476,0.6,MX
2026-02-22,0.959646469950676,0.9494949579238892,0.9747474789619446,0.9595959782600403,0.8434343338012695,0.9797979593276978,0.479058,0.6,MX
2026-03-08,0.8370952332019806,0.7904762029647827,0.8714285492897034,0.8523809313774109,0.6142857074737549,0.7714285850524902,0.487384,0.6,MX
2026-03-22,0.16966,0.006849,0.167808,0.519041,0.020548,0.082192,0.490682,0.6,MX
2026-04-05,0.125614,0.005435,0.108696,0.409511,0.005435,0.065217,0.491731,0.6,MX
2026-04-19,0.5323834198713303,0.2953367829322815,0.5336787700653076,0.34196892380714417,0.6113989353179932,0.787564754486084,0.490249,0.6,MX
2026-05-03,0.6545360815525055,0.8298969268798828,0.530927836894989,0.3350515365600586,0.7061855792999268,0.6597937941551208,0.490194,0.6,MX
2026-05-17,0.17856,0.0,0.213115,0.486537,0.016393,0.090164,0.490559,0.6,MX
2026-05-31,0.171952,0.005556,0.211111,0.49325,0.016667,0.055556,0.490732,0.6,MX
2026-06-14,0.155524,0.0,0.152672,0.484885,0.015267,0.076336,0.489448,0.6,MX
2026-06-28,0.48984923928976054,0.3316583037376404,0.3919597864151001,0.34170854091644287,0.4422110617160797,0.8241205811500549,0.486426,0.6,MX
2026-07-12,0.7128804314136505,0.7771739363670349,0.554347813129425,0.717391312122345,0.6847826242446899,0.7445651888847351,0.486676,0.6,MX
2026-07-26,0.6808021438121796,0.5508021116256714,0.6898396015167236,0.3743315637111664,0.7433155179023743,0.903743326663971,0.478429,0.6,MX
2026-08-09,0.146879,0.008621,0.155172,0.449138,0.017241,0.056034,0.48896,0.6,MX
2026-08-23,0.168229,0.005291,0.18254,0.487077,0.029101,0.079365,0.481732,0.6,MX
2026-09-06,0.8498445558547975,0.7668393850326538,0.8497409224510193,0.8238341808319092,0.7564767003059387,0.9533678889274597,0.483563,0.6,MX
2026-09-20,0.6797979921102525,0.7424242496490479,0.7020202279090881,0.32828283309936523,0.7575757503509521,0.6565656661987305,0.493348,0.6,MX
2026-10-02,0.8314285683631898,0.8138527870178223,0.8441558480262756,0.8701298832893372,0.826839804649353,0.6623376607894897,0.487206,0.6,MX
2025-06-01,0.63375633507967,0.48730963468551636,0.7664974331855774,0.1421319842338562,0.14720812439918518,0.9593908786773682,0.6192893385887146,0.0557,KEN
2025-10-19,0.19047619438264518,0.1428571492433548,0.005291005130857229,0.4126984179019928,0.005291005130857229,0.3492063581943512,0.13756613433361053,0.0557,KEN
2026-05-31,0.8269696833193303,0.9444444179534912,0.9797979593276978,1.0,0.1666666716337204,0.4343434274196625,0.9545454382896423,0.0557,KEN
2025-10-05,0.302195,0.026316,0.368421,0.608684,0.0,0.289474,0.474256,0.456,SU
2025-10-19,0.248248,0.0,0.276786,0.570625,0.017857,0.232143,0.483493,0.6,SU
2025-11-02,0.8059900909662246,0.7821782231330872,0.7673267126083374,0.7376237511634827,0.603960394859314,0.8811880946159363,0.465043,0.6,SU
2025-11-16,0.8951207816600799,0.8937197923660278,0.8985507488250732,0.9130434989929199,0.5362318754196167,0.9227052927017212,0.477306,0.6,SU
2025-11-30,0.122579,0.010929,0.071038,0.447842,0.0,0.071038,0.497917,0.6,SU
2025-12-14,0.289709,0.009231,0.329231,0.600092,0.009231,0.307692,0.474031,0.6,SU
2025-12-28,0.215196,0.009174,0.238532,0.554862,0.027523,0.146789,0.479198,0.6,SU
2026-01-11,0.171547,0.024,0.16,0.49704,0.016,0.104,0.478375,0.6,SU
2026-01-25,0.208016,0.0,0.216561,0.533917,0.019108,0.171975,0.478964,0.6,SU
2026-02-08,0.249435,0.0,0.260504,0.575294,0.0,0.260504,0.469795,0.6,SU
2026-02-22,0.7130808100104333,0.7424242496490479,0.6818181872367859,0.39898988604545593,0.4595959484577179,0.8939393758773804,0.480755,0.6,SU
2026-03-08,0.8879523658752443,0.8095238208770752,0.8809523582458496,0.8999999761581421,0.7571428418159485,0.8333333134651184,0.471848,0.6,SU
2026-03-22,0.268439,0.0,0.300546,0.585437,0.0,0.278689,0.467246,0.6,SU
2026-04-05,0.101724,0.0,0.021739,0.4975,0.0,0.021739,0.482279,0.276,SU
2026-04-19,0.7945077574253083,0.7357512712478638,0.8963730335235596,0.7927461266517639,0.984455943107605,0.5025906562805176,0.486681,0.6,SU
2026-05-03,0.7764948448538781,0.7268041372299194,0.7835051417350769,0.8969072103500366,0.3711340129375458,0.6855670213699341,0.474261,0.6,SU
2026-05-17,0.200267,0.010101,0.212121,0.52,0.040404,0.141414,0.466336,0.594,SU
2026-05-31,0.270274,0.0,0.307692,0.564769,0.0,0.292308,0.479338,0.39,SU
2026-06-14,0.194861,0.016129,0.225806,0.527903,0.016129,0.096774,0.471541,0.372,SU
2026-06-28,0.8870854228734971,0.929648220539093,0.9597989916801453,0.9547738432884216,0.9748743772506714,0.5175879597663879,0.47246,0.6,SU
2026-07-12,0.9409239155054092,0.9021739363670349,0.9402173757553101,0.945652186870575,0.85326087474823,0.9728260636329651,0.472446,0.6,SU
2026-07-26,0.5770053377747536,0.8983957171440125,0.28877004981040955,0.8502673506736755,0.3636363744735718,0.46524062752723694,0.486273,0.6,SU
2026-08-09,0.260677,0.0,0.297619,0.585774,0.0,0.25,0.479043,0.504,SU
2026-08-23,0.272306,0.0,0.301205,0.587108,0.012048,0.289157,0.474402,0.498,SU
2026-09-06,0.7318652930855751,0.6839378476142883,0.6683937907218933,0.8134714961051941,0.25388601422309875,0.803108811378479,0.481784,0.6,SU
2026-09-20,0.7631313115358352,0.7676767706871033,0.8838383555412292,0.8030303120613098,0.5101010203361511,0.5202020406723022,0.486003,0.6,SU
2026-10-02,0.8235065025091172,0.9004328846931458,0.8484848737716675,0.8831169009208679,0.5670995712280273,0.6147186160087585,0.480904,0.6,SU
2023-09-24,0.645251149237156,0.3835616409778595,0.7123287916183472,0.3652968108654022,0.8264840245246887,0.9497717022895813,0.42465752363204956,0.0186,SEA
2024-07-14,0.9838805937767029,0.9701492786407471,0.9950248599052429,0.9950248599052429,0.9800994992256165,0.9452736377716064,0.9950248599052429,0.0186,SEA
2024-08-25,0.8140096582472324,0.8502415418624878,0.8502415418624878,0.782608687877655,0.15942029654979706,0.9951691031455994,0.782608687877655,0.0186,SEA
2025-10-05,0.147242,0.025,0.1,0.479125,0.0,0.1,0.483349,0.24,TS
2025-10-19,0.0774,0.0,0.0,0.43,0.0,0.0,0.484199,0.036,TS
2025-11-02,0.18163366228342057,0.06435643881559372,0.1683168262243271,0.301980197429657,0.09900990128517151,0.19801980257034302,0.49453,0.5814,TS
2025-11-16,0.5061835812032223,0.38164252042770386,0.7342995405197144,0.3140096664428711,0.9227052927017212,0.2028985470533371,0.502106,0.5814,TS
2025-11-30,0.211868,0.095238,0.269841,0.591508,0.0,0.0,0.438439,0.378,TS
2025-12-14,0.267682,0.127273,0.254545,0.675,0.0,0.163636,0.450556,0.33,TS
2025-12-28,0.085081,0.0,0.0625,0.361563,0.0,0.0,0.509739,0.096,TS
2026-01-11,0.28755,0.0,0.321429,0.5975,0.0,0.321429,0.477195,0.168,TS
2026-01-25,0.0606,0.0,0.0,0.336667,0.0,0.0,0.49134,0.09,TS
2026-02-08,0.155722,0.0,0.111111,0.519444,0.0,0.111111,0.505118,0.054,TS
2026-02-22,0.9375757616758347,0.9898989796638489,0.9848484992980957,0.9646464586257935,0.9898989796638489,0.631313145160675,0.4597,0.5814,TS
2026-03-08,0.5732380944490433,0.6380952596664429,0.7666666507720947,0.3095238208770752,0.8142856955528259,0.20000000298023224,0.486474,0.5814,TS
2026-03-22,0.107488,0.0,0.08,0.4016,0.0,0.04,0.493749,0.15,TS
2026-04-05,0.064929,0.0,0.0,0.360714,0.0,0.0,0.497522,0.042,TS
2026-05-03,0.9221134200692177,1.0,0.9948453903198242,0.9948453903198242,0.34020617604255676,0.7680412530899048,0.493751,0.5814,TS
2026-05-17,0.18311,0.096774,0.16129,0.58,0.0,0.032258,0.444434,0.186,TS
2026-05-31,0.147681,0.0,0.125,0.431562,0.0,0.125,0.498733,0.096,TS
2026-06-14,0.124533,0.166667,0.0,0.506667,0.0,0.0,0.490002,0.036,TS
2026-06-28,0.4651256281137467,0.5929648280143738,0.22110553085803986,0.6984924674034119,0.2613065242767334,0.5376884341239929,0.503083,0.5814,TS
2026-07-26,0.6686631095409394,0.866310179233551,0.5026738047599792,0.8021390438079834,0.8235294222831726,0.4385026693344116,0.475543,0.5814,TS
2026-08-09,0.0735,0.0,0.0,0.408333,0.0,0.0,0.516913,0.036,TS
2026-08-23,0.090685,0.050633,0.012658,0.408165,0.0,0.012658,0.489967,0.474,TS
2026-09-06,0.5552331626415252,0.393782377243042,0.5595855116844177,0.5284973978996277,0.8445596098899841,0.5284973978996277,0.490545,0.5814,TS
2026-09-20,0.5470202046632767,0.6666666865348816,0.4545454680919647,0.5303030014038086,0.808080792427063,0.3787878751754761,0.479348,0.5814,TS
2026-10-02,0.8099134188890458,0.8095238208770752,0.8095238208770752,0.7922077775001526,0.9090909361839294,0.6580086350440979,0.484032,0.5814,TS
2025-12-14,0.0756,0.0,0.0,0.42,0.0,0.0,0.494714,0.012,AQ
2025-12-28,0.0642,0.0,0.0,0.356667,0.0,0.0,0.499565,0.018,AQ
2026-01-11,0.482133,0.0,0.666667,0.826667,0.0,0.5,0.464355,0.036,AQ
2026-03-08,0.09,0.0,0.0,0.5,0.0,0.0,0.502747,0.006,AQ
2026-03-22,0.0954,0.0,0.0,0.53,0.0,0.0,0.487481,0.024,AQ
2026-04-05,0.108,0.0,0.0,0.6,0.0,0.0,0.501193,0.012,AQ
2026-05-17,0.070536,0.0,0.0,0.391864,0.0,0.0,0.514523,0.354,AQ
2026-06-14,0.06885,0.0,0.0,0.3825,0.0,0.0,0.502836,0.012,AQ
2026-08-23,0.054,0.0,0.0,0.3,0.0,0.0,0.511628,0.012,AQ
2026-09-06,0.25481864745728666,0.8963730335235596,0.005181347019970417,0.031088082119822502,0.005181347019970417,0.02590673603117466,0.469016,0.068,AQ
2026-10-02,0.8084415590763093,0.8311688303947449,0.7359307408332825,0.8311688303947449,0.5151515007019043,0.9047619104385376,0.486133,0.068,AQ
2023-09-10,0.8050934517383576,0.8691588640213013,0.9392523169517517,0.8785046935081482,0.9953271150588989,0.30841121077537537,0.8785046935081482,0.0062,NER
2025-10-05,0.252496,0.005872,0.28104,0.590021,0.031879,0.220638,0.479936,0.6,RS
2025-10-19,0.171783,0.014398,0.162304,0.4918,0.024869,0.111257,0.487466,0.6,RS
2025-11-02,0.8933663320541383,0.8861386179924011,0.896039605140686,0.8811880946159363,0.6633663177490234,0.9405940771102905,0.481643,0.6,RS
2025-11-16,0.6975362309813499,0.6714975833892822,0.7149758338928223,0.3526569902896881,0.47342994809150696,0.8164251446723938,0.484918,0.6,RS
2025-11-30,0.181708,0.003984,0.189528,0.488495,0.02675,0.126921,0.48375,0.6,RS
2025-12-14,0.154094,0.003993,0.13976,0.474889,0.022818,0.089561,0.487495,0.6,RS
2025-12-28,0.164075,0.002079,0.154262,0.481037,0.026611,0.107692,0.489957,0.6,RS
2026-01-11,0.223323,0.006358,0.237965,0.564682,0.028156,0.176203,0.482061,0.6,RS
2026-01-25,0.177675,0.003404,0.180395,0.490752,0.021784,0.122532,0.486441,0.6,RS
2026-02-08,0.207544,0.001693,0.235327,0.520214,0.020316,0.153499,0.479476,0.6,RS
2026-02-22,0.8852020221948624,0.8383838534355164,0.8888888955116272,0.868686854839325,0.747474730014801,0.9040403962135315,0.48277,0.6,RS
2026-03-08,0.6525714385509491,0.7428571581840515,0.6523809432983398,0.32380953431129456,0.6952381134033203,0.6285714507102966,0.482595,0.6,RS
2026-03-22,0.191226,0.015949,0.196172,0.516559,0.012759,0.130781,0.483683,0.6,RS
2026-04-05,0.195708,0.009434,0.206499,0.501955,0.034591,0.145702,0.482275,0.6,RS
2026-04-19,0.9132642495632172,0.9015544056892395,0.9119170904159546,0.9170984625816345,0.8238341808319092,0.803108811378479,0.8549222946166992,0.6,RS
2026-05-03,0.931030941605568,0.8865979313850403,0.9536082744598389,0.9020618796348572,0.8711340427398682,0.8917526006698608,0.8402062058448792,0.6,RS
2026-05-17,0.282514,0.001558,0.329439,0.599981,0.018692,0.281153,0.478238,0.6,RS
2026-05-31,0.207521,0.008333,0.2175,0.540858,0.03,0.153333,0.482037,0.6,RS
2026-06-14,0.192003,0.002425,0.214228,0.513553,0.025869,0.119644,0.483978,0.6,RS
2026-06-28,0.862713560461998,0.7839195728302002,0.8643215894699097,0.8592965006828308,0.713567852973938,0.909547746181488,0.8241205811500549,0.6,RS
2026-07-12,0.9140217423439025,0.885869562625885,0.9347826242446899,0.907608687877655,0.75,0.885869562625885,0.72826087474823,0.6,RS
2026-07-26,0.8488770014047622,0.8449198007583618,0.8502673506736755,0.8449198007583618,0.4224599003791809,0.8823529481887817,0.8716577291488647,0.6,RS
2026-08-09,0.232181,0.006891,0.261103,0.547041,0.022205,0.196784,0.48303,0.6,RS
2026-08-23,0.217814,0.008734,0.232897,0.54131,0.043668,0.171033,0.482908,0.6,RS
2026-09-06,0.6268912029266358,0.409326434135437,0.7461140155792236,0.5595855116844177,0.3471502661705017,0.6787564754486084,0.491216,0.6,RS
2026-09-20,0.8439898824691773,0.8333333134651184,0.8333333134651184,0.8181818127632141,0.8383838534355164,0.7373737096786499,0.481958,0.6,RS
2026-10-02,0.8025541275739669,0.8701298832893372,0.7489177584648132,0.8354978561401367,0.822510838508606,0.6536796689033508,0.483226,0.6,RS
2025-10-05,0.06885,0.0,0.0,0.3825,0.0,0.0,0.496914,0.012,TN
2025-10-19,0.09108,0.0,0.0,0.506,0.0,0.0,0.502196,0.06,TN
2025-11-02,0.7072772371768952,0.8118811845779419,0.45049506425857544,0.8168317079544067,0.5742574334144592,0.9158415794372559,0.493233,0.3588,TN
2025-12-14,0.09,0.0,0.0,0.5,0.0,0.0,0.512438,0.006,TN
2025-12-28,0.067243,0.0,0.0,0.373571,0.0,0.0,0.507676,0.126,TN
2026-01-25,0.0729,0.0,0.0,0.405,0.0,0.0,0.485075,0.198,TN
2026-02-08,0.08394,0.0,0.041667,0.364479,0.0,0.020833,0.502102,0.288,TN
2026-02-22,0.5668181903660298,0.43939393758773804,0.7878788113594055,0.21717171370983124,0.22727273404598236,0.5353535413742065,0.489694,0.3588,TN
2026-03-08,0.3054285820201039,0.6095238327980042,0.17142857611179352,0.39047619700431824,0.03809523954987526,0.2857142984867096,0.500295,0.3588,TN
2026-03-22,0.098518,0.0,0.045455,0.405909,0.0,0.045455,0.49594,0.132,TN
2026-04-05,0.0859,0.0,0.0,0.477222,0.0,0.0,0.491502,0.162,TN
2026-04-19,0.35958548724651335,0.3108808398246765,0.17098446190357208,0.5129533410072327,0.25388601422309875,0.5129533410072327,0.496613,0.3588,TN
2026-05-17,0.317167,0.0,0.333333,0.725,0.0,0.333333,0.497942,0.018,TN
2026-05-31,0.5975,0.0,1.0,0.875,0.0,0.5,0.472819,0.012,TN
2026-06-14,0.057323,0.0,0.0,0.318462,0.0,0.0,0.510375,0.078,TN
2026-08-09,0.06885,0.0,0.0,0.3825,0.0,0.0,0.508054,0.012,TN
2026-08-23,0.056025,0.0,0.0,0.31125,0.0,0.0,0.514846,0.024,TN
2026-09-06,0.088425,0.0,0.0,0.49125,0.0,0.0,0.475,0.024,TN
2026-09-20,0.2985,0.0,0.5,0.575,0.5,0.0,0.498826,0.012,TN
2026-10-02,0.8001298642158509,0.9134199023246765,0.939393937587738,0.8528138399124146,0.9826839566230774,0.3073593080043793,0.487537,0.3588,TN
2025-10-05,0.297667,0.0,0.333333,0.616667,0.0,0.333333,0.486141,0.018,BL
2025-10-19,0.570975,0.0,0.75,0.83875,0.0,0.75,0.504938,0.024,BL
2025-11-02,0.5647029764950277,0.6188119053840637,0.6188119053840637,0.5990098714828491,0.24752475321292877,0.4455445408821106,0.493018,0.4763,BL
2025-11-16,0.3186956487596035,0.10144927352666855,0.17874395847320557,0.6086956262588501,0.30917873978614807,0.47826087474823,0.48497,0.4763,BL
2025-11-30,0.078337,0.0,0.016129,0.406532,0.0,0.0,0.492139,0.372,BL
2025-12-14,0.1824,0.0,0.176471,0.621176,0.0,0.058824,0.468428,0.102,BL
2025-12-28,0.0234,0.0,0.0,0.13,0.0,0.0,0.468586,0.006,BL
2026-01-11,0.09,0.0,0.0,0.5,0.0,0.0,0.478811,0.012,BL
2026-01-25,0.073237,0.0,0.0,0.406875,0.0,0.0,0.497483,0.048,BL
2026-02-08,0.0873,0.0,0.0,0.485,0.0,0.0,0.510342,0.054,BL
2026-02-22,0.2869697013497352,0.03030303120613098,0.19696970283985138,0.6060606241226196,0.3030303120613098,0.3787878751754761,0.509031,0.4763,BL
2026-03-08,0.063,0.0,0.0,0.35,0.0,0.0,0.498556,0.006,BL
2026-03-22,0.190571,0.0,0.142857,0.614286,0.0,0.142857,0.474425,0.084,BL
2026-04-05,0.213708,0.0,0.307692,0.537692,0.0,0.076923,0.499532,0.078,BL
2026-04-19,0.23181347243487838,0.7305699586868286,0.020725388079881668,0.062176164239645004,0.05699481815099716,0.05699481815099716,0.492746,0.4763,BL
2026-05-03,0.2803092761524022,0.22680412232875824,0.3969072103500366,0.11340206116437912,0.030927835032343864,0.11340206116437912,0.454157,0.4763,BL
2026-05-17,0.237677,0.192308,0.230769,0.604615,0.038462,0.057692,0.479981,0.312,BL
2026-05-31,0.07992,0.0,0.0,0.444,0.0,0.0,0.468926,0.12,BL
2026-06-14,0.176343,0.0,0.142857,0.582857,0.0,0.107143,0.481812,0.168,BL
2026-08-09,0.137655,0.034483,0.137931,0.427586,0.137931,0.0,0.509428,0.174,BL
2026-08-23,0.455,0.0,1.0,0.75,0.0,0.0,0.470588,0.012,BL
2026-09-06,0.5744559505581857,0.3316062092781067,0.6373056769371033,0.07772020995616913,0.44041451811790466,0.9792746305465698,0.471244,0.4763,BL
2026-09-20,0.40752525329589845,0.9747474789619446,0.03030303120613098,0.939393937587738,0.03030303120613098,0.0555555559694767,0.488459,0.4763,BL
2026-10-02,0.7987013083696365,0.822510838508606,0.7272727489471436,0.7662337422370911,0.8614718317985535,0.7402597665786743,0.478973,0.4763,BL
2023-07-02,0.7970642158389092,1.0,0.9954128265380859,1.0,0.26146790385246277,0.21559633314609528,1.0,0.0062,UKR
2025-09-07,0.8479326832294465,0.7932692170143127,0.8125,0.8365384340286255,0.7307692170143127,0.9471153616905212,0.8365384340286255,0.3959,BGD
2025-09-21,0.31279998883605004,0.06499999761581421,0.2199999988079071,0.5899999737739563,0.20000000298023224,0.5299999713897705,0.14499999582767487,0.3959,BGD
2025-10-05,0.8186458390951157,0.828125,0.9479166865348816,0.9114583134651184,0.96875,0.4270833432674408,0.9114583134651184,0.3959,BGD
2025-11-02,0.4526237565279007,0.6633663177490234,0.11386138945817947,0.8217821717262268,0.2524752616882324,0.4356435537338257,0.8217821717262268,0.3959,BGD
2025-11-30,0.8764179247617722,0.9900497794151306,0.9900497794151306,1.0,0.9054726362228394,0.3681592047214508,1.0,0.3959,BGD
2025-12-14,0.19756344601511955,0.010152284055948257,0.010152284055948257,0.5177664756774902,0.2690355181694031,0.3350253701210022,0.37055838108062744,0.3959,BGD
2025-12-28,0.5862755185365676,0.6938775777816772,0.5,0.5867347121238708,0.831632673740387,0.4336734712123871,0.6581632494926453,0.3959,BGD
2026-01-11,0.6120408177375793,0.4948979616165161,0.7397959232330322,0.5918367505073547,0.8928571343421936,0.3928571343421936,0.4591836631298065,0.3959,BGD
2026-01-25,0.35675392657518384,0.3193717300891876,0.1884816735982895,0.6020942330360413,0.26178011298179626,0.48691099882125854,0.2670156955718994,0.3959,BGD
2026-02-08,0.3249238562583923,0.20812182128429413,0.15228426456451416,0.6192893385887146,0.24873095750808716,0.46192893385887146,0.2791878283023834,0.3959,BGD
2026-02-22,0.851969695687294,0.8030303120613098,0.9040403962135315,0.6010100841522217,0.8737373948097229,0.9545454382896423,0.7171717286109924,0.3959,BGD
2026-03-08,0.5290000188350678,0.27619048953056335,0.6095238327980042,0.5904762148857117,0.8999999761581421,0.5142857432365417,0.20952381193637848,0.3959,BGD
2026-03-22,0.6078919014334678,0.4486486613750458,0.800000011920929,0.5675675868988037,0.3513513505458832,0.4864864945411682,0.45945945382118225,0.3959,BGD
2026-04-19,0.06886010231450201,0.015544041059911251,0.02590673603117466,0.06735751032829285,0.02590673603117466,0.06735751032829285,0.393782377243042,0.3959,BGD
2026-05-17,0.8650761538743974,0.7715736031532288,0.8629441857337952,0.8527919054031372,0.8781725764274597,0.9695431590080261,0.6548223495483398,0.3959,BGD
2026-05-31,0.8868686933442951,0.8939393758773804,0.9595959782600403,0.9343434572219849,0.04040404036641121,0.9747474789619446,1.0,0.3959,BGD
2026-07-12,0.049510869327932604,0.021739130839705467,0.03804347664117813,0.07608695328235626,0.03804347664117813,0.08152174204587936,0.021739130839705467,0.3959,BGD
2026-08-09,0.7926203227043152,0.9572192430496216,0.9786096215248108,0.9679144620895386,0.9839572310447693,0.08556149899959564,0.8128342032432556,0.3959,BGD
2026-08-23,0.9016393506526946,0.7923497557640076,0.9453551769256592,0.8633880019187927,0.8852459192276001,0.9836065769195557,0.7759562730789185,0.3959,BGD
2026-09-06,0.7952849757671355,0.9637305736541748,0.9896373152732849,0.9378238320350647,0.9948186278343201,0.08290155231952667,0.9170984625816345,0.3959,BGD
2025-10-05,0.152287,0.0,0.142857,0.480079,0.015873,0.079365,0.485309,0.378,RW
2025-10-19,0.120948,0.0,0.083333,0.468229,0.0,0.041667,0.506231,0.288,RW
2025-11-02,0.4803465275466442,0.5841584205627441,0.5594059228897095,0.3564356565475464,0.4207920730113983,0.34158414602279663,0.498265,0.6,RW
2025-11-16,0.5915942150354385,0.8840579986572266,0.38164252042770386,0.748792290687561,0.7584540843963623,0.3333333432674408,0.487084,0.6,RW
2025-11-30,0.05445,0.0,0.0,0.3025,0.0,0.0,0.506868,0.168,RW
2025-12-14,0.125851,0.0,0.09009,0.439414,0.009009,0.072072,0.481716,0.6,RW
2025-12-28,0.163555,0.083333,0.1,0.536417,0.033333,0.066667,0.486135,0.36,RW
2026-01-11,0.07623,0.0,0.021739,0.35587,0.0,0.021739,0.516655,0.276,RW
2026-01-25,0.112746,0.0,0.076923,0.489615,0.0,0.0,0.504071,0.078,RW
2026-02-08,0.10714,0.0,0.05,0.473,0.0,0.025,0.483949,0.24,RW
2026-02-22,0.72237373650074,0.8181818127632141,0.5858585834503174,0.8282828330993652,0.3232323229312897,0.7929292917251587,0.500652,0.6,RW
2026-03-08,0.3325238188356161,0.22857142984867096,0.2904762029647827,0.3333333432674408,0.3857142925262451,0.37142857909202576,0.497633,0.6,RW
2026-03-22,0.069429,0.0,0.0,0.385714,0.0,0.0,0.489814,0.084,RW
2026-04-05,0.090866,0.0,0.057143,0.381,0.057143,0.0,0.505831,0.21,RW
2026-04-19,0.33233160361647607,0.19170984625816345,0.18134714663028717,0.5544041395187378,0.3108808398246765,0.5544041395187378,0.507409,0.6,RW
2026-05-03,0.3474226680397987,0.19587628543376923,0.20618556439876556,0.5773195624351501,0.2886597812175751,0.5567010045051575,0.507569,0.6,RW
2026-05-17,0.157132,0.0,0.166667,0.486884,0.007246,0.065217,0.480058,0.6,RW
2026-05-31,0.1958,0.0,0.225806,0.519677,0.096774,0.096774,0.487661,0.186,RW
2026-06-14,0.23101,0.0,0.238095,0.587619,0.047619,0.190476,0.491086,0.126,RW
2026-06-28,0.8170854377746583,0.8291457295417786,0.7688442468643188,0.7788944840431213,0.6984924674034119,0.9346733689308167,0.494538,0.6,RW
2026-07-12,0.3861956611275673,0.28260868787765503,0.32608696818351746,0.45108696818351746,0.30978259444236755,0.5271739363670349,0.512919,0.6,RW
2026-07-26,0.3428342317044735,0.11764705926179886,0.32085561752319336,0.6096256971359253,0.22994652390480042,0.4438502788543701,0.509661,0.6,RW
2026-08-09,0.28256,0.0,0.4,0.592,0.0,0.2,0.474928,0.03,RW
2026-08-23,0.114813,0.0,0.066667,0.430444,0.0,0.066667,0.495516,0.27,RW
2026-09-06,0.2870984470844269,0.05181347206234932,0.14507772028446198,0.5440414547920227,0.29015544056892395,0.5440414547920227,0.507795,0.6,RW
2026-09-20,0.27868686273694043,0.1515151560306549,0.14646464586257935,0.5909090638160706,0.28787878155708313,0.39898988604545593,0.51249,0.6,RW
2026-10-02,0.7934632128477096,0.8008658289909363,0.822510838508606,0.7402597665786743,0.9307359457015991,0.6450216174125671,0.492511,0.6,RW
2025-04-20,0.4685853752493858,0.4536585509777069,0.5512195229530334,0.3853658437728882,0.21463415026664734,0.36097562313079834,0.4585365951061249,0.1361,SAU
2025-12-28,0.3780612245574594,0.795918345451355,0.010204081423580647,0.831632673740387,0.05612244829535484,0.1785714328289032,0.831632673740387,0.1361,SAU
2026-01-25,0.8670680624246598,0.6649214625358582,0.8848167657852173,0.8952879309654236,0.9214659929275513,0.963350772857666,0.8952879309654236,0.1361,SAU
2026-02-08,0.9833502459526061,0.9746192693710327,0.989847719669342,0.9644669890403748,0.9746192693710327,0.9847715497016907,0.9644669890403748,0.1361,SAU
2026-03-08,0.7915238036215305,0.7714285850524902,0.8999999761581421,0.3380952477455139,0.9666666388511658,0.9857142567634583,0.6047618985176086,0.1361,SAU
2026-01-11,0.7926020282506943,0.7653061151504517,0.9132652878761292,0.7857142686843872,0.9795918464660645,0.4642857015132904,0.7857142686843872,0.099,CHN
2026-02-08,0.26979695305228235,0.04568528011441231,0.13197968900203705,0.4720812141895294,0.29441624879837036,0.4568527936935425,0.11167512834072113,0.099,CHN
2026-09-20,0.7914646439999341,0.5909090638160706,0.8535353541374207,0.7272727489471436,0.9545454382896423,0.9595959782600403,0.08080808073282242,0.099,CHN
2025-10-05,0.117046,0.023256,0.088372,0.436302,0.0,0.023256,0.498054,0.6,GR
2025-10-19,0.135661,0.027322,0.125683,0.460109,0.027322,0.021858,0.493569,0.6,GR
2025-11-02,0.8558415764570235,0.7227723002433777,0.8910890817642212,0.8415841460227966,0.7376237511634827,0.9306930899620056,0.486843,0.6,GR
2025-11-16,0.41125604055821896,0.15942029654979706,0.33816424012184143,0.6618357300758362,0.3913043439388275,0.6376811861991882,0.501205,0.6,GR
2025-11-30,0.147447,0.030612,0.112245,0.46182,0.003401,0.091837,0.492935,0.6,GR
2025-12-14,0.124617,0.013825,0.101382,0.45371,0.0,0.032258,0.494497,0.6,GR
2025-12-28,0.108238,0.011765,0.058824,0.436618,0.0,0.035294,0.493771,0.6,GR
2026-01-11,0.123881,0.004808,0.086538,0.471346,0.0,0.043269,0.497326,0.6,GR
2026-01-25,0.120142,0.005882,0.088235,0.436735,0.011765,0.047059,0.493701,0.6,GR
2026-02-08,0.105059,0.007143,0.067857,0.426518,0.0,0.021429,0.496565,0.6,GR
2026-02-22,0.7948989826440811,0.7222222089767456,0.7979797720909119,0.752525269985199,0.631313145160675,0.8989899158477783,0.49568,0.6,GR
2026-03-08,0.624000005722046,0.6428571343421936,0.48571428656578064,0.6523809432983398,0.5142857432365417,0.7142857313156128,0.494695,0.6,GR
2026-03-22,0.09617,0.0,0.051429,0.412371,0.0,0.022857,0.500971,0.6,GR
2026-04-05,0.129702,0.015957,0.090426,0.475,0.026596,0.042553,0.493292,0.6,GR
2026-04-19,0.5984974044561385,0.3678756356239319,0.6891191601753235,0.2953367829322815,0.5647668242454529,0.7927461266517639,0.491522,0.6,GR
2026-05-03,0.31376287519931795,0.27835050225257874,0.32474225759506226,0.2835051417350769,0.4175257682800293,0.2989690601825714,0.496213,0.6,GR
2026-05-17,0.136457,0.0,0.145078,0.4475,0.046632,0.025907,0.489465,0.6,GR
2026-05-31,0.118771,0.006849,0.09589,0.439897,0.013699,0.027397,0.49806,0.6,GR
2026-06-14,0.132433,0.006494,0.11039,0.460487,0.006494,0.051948,0.491892,0.6,GR
2026-06-28,0.5986432060599327,0.41206029057502747,0.5628140568733215,0.286432147026062,0.6783919334411621,0.8492462038993835,0.499599,0.6,GR
2026-07-12,0.7550543403625488,0.5978260636329651,0.717391312122345,0.7119565010070801,0.8152173757553101,0.8369565010070801,0.48837,0.6,GR
2026-07-26,0.4586096258461475,0.22994652390480042,0.46524062752723694,0.31016042828559875,0.3689839541912079,0.6684492230415344,0.494282,0.6,GR
2026-08-09,0.171762,0.030457,0.152284,0.513173,0.020305,0.096447,0.489901,0.6,GR
2026-08-23,0.18001,0.0,0.172222,0.513944,0.005556,0.133333,0.494353,0.6,GR
2026-09-06,0.5118134623765946,0.5647668242454529,0.6113989353179932,0.31606218218803406,0.5958549380302429,0.31606218218803406,0.491419,0.6,GR
2026-09-20,0.5129292929172516,0.469696968793869,0.39393940567970276,0.29797980189323425,0.5353535413742065,0.7222222089767456,0.496133,0.6,GR
2026-10-02,0.7896103909611701,0.7142857313156128,0.8051947951316833,0.8441558480262756,0.27272728085517883,0.9870129823684692,0.490211,0.6,GR
2025-10-05,0.185907,0.066667,0.166667,0.534667,0.1,0.066667,0.48725,0.18,RB
2025-10-19,0.270827,0.272727,0.181818,0.635909,0.0,0.181818,0.479583,0.066,RB
2025-11-02,0.44118812084197995,0.8069307208061218,0.24752475321292877,0.3366336524486542,0.1881188154220581,0.31683167815208435,0.454215,0.5691,RB
2025-11-16,0.9949758493900299,0.9951691031455994,1.0,0.9855072498321533,1.0,0.8792270421981812,0.475567,0.5691,RB
2025-11-30,0.69775,0.0,1.0,0.9875,0.0,1.0,0.489327,0.012,RB
2025-12-14,0.290467,0.0,0.333333,0.576667,0.0,0.333333,0.478348,0.036,RB
2025-12-28,0.308308,0.0,0.351351,0.61973,0.0,0.351351,0.480263,0.222,RB
2026-01-11,0.065571,0.0,0.0,0.364286,0.0,0.0,0.480909,0.084,RB
2026-01-25,0.132,0.0,0.2,0.3,0.2,0.0,0.493298,0.03,RB
2026-02-08,0.271938,0.0,0.307692,0.626154,0.076923,0.230769,0.48174,0.078,RB
2026-02-22,0.7342929470539092,0.8484848737716675,0.9343434572219849,0.8989899158477783,0.9090909361839294,0.05050504952669144,0.475669,0.5691,RB
2026-03-08,0.7813809376955033,0.8809523582458496,0.8904761672019958,0.9190475940704346,0.7952380776405334,0.30000001192092896,0.481981,0.5691,RB
2026-03-22,0.304267,0.0,0.333333,0.653333,0.0,0.333333,0.48782,0.036,RB
2026-04-05,0.163402,0.0,0.127273,0.529,0.018182,0.109091,0.482169,0.33,RB
2026-04-19,0.5598445704579353,0.39896371960639954,0.5958549380302429,0.5854922533035278,0.47668394446372986,0.5854922533035278,0.504894,0.5691,RB
2026-05-03,0.3327835013903677,0.11340206116437912,0.2164948433637619,0.5670102834701538,0.2989690601825714,0.592783510684967,0.517527,0.5691,RB
2026-05-17,0.072,0.0,0.0,0.4,0.0,0.0,0.5131,0.18,RB
2026-05-31,0.06785,0.0,0.0,0.376944,0.0,0.0,0.516576,0.108,RB
2026-06-14,0.366694,0.0,0.555556,0.679167,0.0,0.277778,0.470789,0.108,RB
2026-06-28,0.8130653232336045,0.80402010679245,0.6783919334411621,0.8442211151123047,0.839195966720581,0.8190954923629761,0.474737,0.5691,RB
2026-07-12,0.399673919081688,0.16304348409175873,0.32065218687057495,0.4728260934352875,0.6195651888847351,0.4728260934352875,0.478971,0.5691,RB
2026-08-09,0.173303,0.0,0.183333,0.474833,0.016667,0.116667,0.485159,0.36,RB
2026-08-23,0.302192,0.0,0.346154,0.601923,0.0,0.346154,0.496208,0.156,RB
2026-09-06,0.33823835372924804,0.04663212597370148,0.17098446190357208,0.5854922533035278,0.2953367829322815,0.5854922533035278,0.479497,0.5691,RB
2026-09-20,0.108,0.0,0.0,0.6,0.0,0.0,0.482902,0.006,RB
2026-10-02,0.7862337720394135,0.9047619104385376,0.8008658289909363,0.9134199023246765,0.6536796689033508,0.4675324559211731,0.474064,0.5691,RB
2023-07-16,0.7819724714756012,0.8302752375602722,0.9311926364898682,0.8623853325843811,0.9816513657569885,0.27981650829315186,0.8623853325843811,0.0062,LKA
2025-08-10,0.545145641565323,0.8883495330810547,0.582524299621582,0.7572815418243408,0.29611650109291077,0.033980581909418106,0.7572815418243408,0.0866,POL
2025-09-07,0.7608653837442398,0.7307692170143127,0.9038461446762085,0.8317307829856873,0.9759615659713745,0.3365384638309479,0.8317307829856873,0.0866,POL
2026-05-17,0.7816751334071159,0.8680202960968018,0.9390863180160522,0.9644669890403748,0.22335025668144226,0.4263959527015686,0.5329949259757996,0.0866,POL
2025-10-05,0.11145,0.0,0.09375,0.4525,0.0,0.0,0.498057,0.192,LY
2025-10-19,0.184263,0.076923,0.169231,0.493769,0.0,0.107692,0.478009,0.39,LY
2025-11-02,0.4564851558580995,0.5742574334144592,0.7227723002433777,0.009900989942252636,0.8910890817642212,0.03465346619486809,0.487016,0.6,LY
2025-11-16,0.4417874388024211,0.15458936989307404,0.4589371979236603,0.19323670864105225,0.03864734247326851,0.8937197923660278,0.477523,0.6,LY
2025-11-30,0.131762,0.0,0.076923,0.492692,0.0,0.076923,0.482089,0.078,LY
2025-12-14,0.229501,0.0,0.272727,0.513011,0.011364,0.204545,0.481951,0.528,LY
2025-12-28,0.188065,0.0,0.1875,0.481146,0.020833,0.166667,0.477162,0.288,LY
2026-01-11,0.134333,0.0,0.111111,0.505556,0.111111,0.0,0.473372,0.054,LY
2026-01-25,0.070216,0.0,0.038961,0.303506,0.0,0.012987,0.510035,0.462,LY
2026-02-08,0.230038,0.0,0.263158,0.564539,0.0,0.184211,0.466939,0.456,LY
2026-02-22,0.251464651376009,0.19696970283985138,0.2777777910232544,0.04545454680919647,0.10606060922145844,0.2626262605190277,0.48137,0.6,LY
2026-03-08,0.7858095288276673,0.6952381134033203,0.7904762029647827,0.7904762029647827,0.8238095045089722,0.6904761791229248,0.475398,0.6,LY
2026-03-22,0.185438,0.0,0.241379,0.509138,0.0,0.068966,0.487843,0.174,LY
2026-04-05,0.283626,0.0,0.322581,0.602581,0.032258,0.290323,0.481268,0.186,LY
2026-04-19,0.7769430100917817,0.6113989353179932,0.7927461266517639,0.8082901835441589,0.3730570077896118,0.9792746305465698,0.471808,0.6,LY
2026-05-03,0.7479896819591522,0.8659793734550476,0.5051546096801758,0.7886598110198975,0.6701030731201172,0.8659793734550476,0.485801,0.6,LY
2026-05-17,0.261043,0.0,0.333333,0.592833,0.166667,0.15,0.480714,0.36,LY
2026-05-31,0.135446,0.0,0.230769,0.312308,0.076923,0.0,0.480049,0.078,LY
2026-06-14,0.128314,0.0,0.107143,0.427143,0.0,0.071429,0.470908,0.168,LY
2026-06-28,0.5179899591207504,0.4070351719856262,0.7035176157951355,0.43718594312667847,0.7939698696136475,0.21608039736747742,0.48736,0.6,LY
2026-07-12,0.5562500062584878,0.29891303181648254,0.6413043737411499,0.41847825050354004,0.41304346919059753,0.70652174949646,0.479769,0.6,LY
2026-07-26,0.9019786131381989,0.855614960193634,0.9090909361839294,0.8716577291488647,0.9251337051391602,0.9732620120048523,0.491918,0.6,LY
2026-08-09,0.101608,0.0,0.083333,0.379306,0.0,0.027778,0.496957,0.216,LY
2026-08-23,0.193533,0.027778,0.194444,0.528889,0.055556,0.111111,0.488626,0.216,LY
2026-09-06,0.7118134808540344,0.6010362505912781,0.8082901835441589,0.818652868270874,0.7616580128669739,0.44041451811790466,0.477157,0.6,LY
2026-09-20,0.2685858627408743,0.15656565129756927,0.06060606241226196,0.8383838534355164,0.1818181872367859,0.21212121844291687,0.501072,0.6,LY
2026-10-02,0.779307352900505,0.7056276798248291,0.7835497856140137,0.5497835278511047,0.7835497856140137,0.9653679728507996,0.483217,0.6,LY
2025-10-05,0.170409,0.013449,0.169813,0.49713,0.026225,0.091915,0.487089,0.6,US
2025-10-19,0.16104,0.065492,0.130387,0.495671,0.014165,0.066688,0.487998,0.6,US
2025-11-02,0.587871299982071,0.5544554591178894,0.5643564462661743,0.24752475321292877,0.6782178282737732,0.7029703259468079,0.490762,0.6,US
2025-11-16,0.6479227036237717,0.6135265827178955,0.6618357300758362,0.2415459007024765,0.7198067903518677,0.739130437374115,0.490637,0.6,US
2025-11-30,0.16446,0.006926,0.162422,0.486384,0.011915,0.094653,0.487845,0.6,US
2025-12-14,0.181752,0.004711,0.188548,0.502587,0.008993,0.122415,0.486546,0.6,US
2025-12-28,0.156421,0.003305,0.148922,0.47487,0.007256,0.09217,0.489492,0.6,US
2026-01-11,0.178283,0.024505,0.173674,0.509344,0.008993,0.106228,0.485818,0.6,US
2026-01-25,0.176636,0.014768,0.172782,0.504473,0.016331,0.110181,0.48556,0.6,US
2026-02-08,0.146991,0.007204,0.134396,0.471443,0.010201,0.070704,0.488895,0.6,US
2026-02-22,0.659848491549492,0.6212121248245239,0.691919207572937,0.25757575035095215,0.7070707082748413,0.7424242496490479,0.490578,0.6,US
2026-03-08,0.6692380940914153,0.6714285612106323,0.6952381134033203,0.23333333432674408,0.7476190328598022,0.699999988079071,0.489153,0.6,US
2026-03-22,0.157247,0.008855,0.146048,0.479943,0.008657,0.090603,0.489514,0.6,US
2026-04-05,0.165079,0.006152,0.160111,0.488795,0.006812,0.100637,0.489507,0.6,US
2026-04-19,0.8077720266580581,0.7098445892333984,0.8238341808319092,0.7098445892333984,0.7409326434135437,0.8601036071777344,0.488396,0.6,US
2026-05-03,0.7409793835878372,0.6443299055099487,0.6958763003349304,0.7268041372299194,0.7319587469100952,0.8041236996650696,0.491586,0.6,US
2026-05-17,0.150324,0.005764,0.137368,0.47608,0.008774,0.07877,0.491039,0.6,US
2026-05-31,0.158367,0.009334,0.152666,0.48272,0.008746,0.083937,0.488925,0.6,US
2026-06-14,0.152188,0.007444,0.137329,0.472453,0.008685,0.087934,0.492766,0.6,US
2026-06-28,0.7263819074630737,0.6532663106918335,0.6582914590835571,0.7035176157951355,0.6532663106918335,0.8291457295417786,0.491482,0.6,US
2026-07-12,0.567608706355095,0.3913043439388275,0.4836956560611725,0.5597826242446899,0.570652186870575,0.7663043737411499,0.491016,0.6,US
2026-07-26,0.6689839488267899,0.5935828685760498,0.5828877091407776,0.5508021116256714,0.6791443824768066,0.8128342032432556,0.490429,0.6,US
2026-08-09,0.150043,0.004202,0.13698,0.474753,0.009216,0.080286,0.490366,0.6,US
2026-08-23,0.156712,0.004109,0.148933,0.482725,0.009516,0.086145,0.489694,0.6,US
2026-09-06,0.6672539055347442,0.5492228269577026,0.621761679649353,0.7409326434135437,0.590673565864563,0.7461140155792236,0.489197,0.6,US
2026-09-20,0.6641414099931717,0.5858585834503174,0.631313145160675,0.6717171669006348,0.7070707082748413,0.6767676472663879,0.490718,0.6,US
2026-10-02,0.7774458813667298,0.701298713684082,0.7186146974563599,0.7445887327194214,0.7359307408332825,0.9264069199562073,0.488832,0.6,US
2026-01-25,0.14575916513800619,0.03664921596646309,0.04712041839957237,0.20942407846450806,0.08376963436603546,0.2931937277317047,0.3403141498565674,0.0433,NPL
2026-06-28,0.7766331753134729,0.7085427045822144,0.8994975090026855,0.8844221234321594,0.3065326511859894,0.6080402135848999,0.6834170818328857,0.0433,NPL
2025-10-19,0.054,0.0,0.0,0.3,0.0,0.0,0.490826,0.024,GK
2025-11-16,0.6540096509456634,0.6280193328857422,0.6328502297401428,0.6473429799079895,0.8647342920303345,0.5410627722740173,0.48246,0.2165,GK
2025-12-14,0.054,0.0,0.0,0.3,0.0,0.0,0.503093,0.012,GK
2026-01-11,0.069187,0.0,0.0,0.384375,0.0,0.0,0.508522,0.048,GK
2026-01-25,0.112956,0.0,0.111111,0.43,0.0,0.0,0.500833,0.054,GK
2026-02-08,0.0567,0.0,0.0,0.315,0.0,0.0,0.516206,0.114,GK
2026-02-22,0.17464646380394697,0.08585858345031738,0.09090909361839294,0.6616161465644836,0.17171716690063477,0.13636364042758942,0.523036,0.2165,GK
2026-03-08,0.6816666716337205,0.4523809552192688,0.6904761791229248,0.7714285850524902,0.9523809552192688,0.5809524059295654,0.488188,0.2165,GK
2026-03-22,0.078814,0.0,0.0,0.437857,0.0,0.0,0.503063,0.042,GK
2026-04-19,0.7777720288932324,0.9792746305465698,0.9792746305465698,0.984455943107605,0.15025906264781952,0.31606218218803406,0.496017,0.2165,GK
2026-05-17,0.0648,0.0,0.0,0.36,0.0,0.0,0.513667,0.006,GK
2026-05-31,0.069943,0.0,0.0,0.388571,0.0,0.0,0.498395,0.042,GK
2026-06-14,0.054,0.0,0.0,0.3,0.0,0.0,0.508422,0.012,GK
2026-07-12,0.29288043692708016,0.42391303181648254,0.08695652335882187,0.33695653080940247,0.17391304671764374,0.34239131212234497,0.491877,0.2165,GK
2026-07-26,0.5029946529865266,0.4064171016216278,0.6684492230415344,0.32620319724082947,0.7914438247680664,0.32620319724082947,0.506974,0.2165,GK
2026-08-09,0.054,0.0,0.0,0.3,0.0,0.0,0.499435,0.012,GK
2026-08-23,0.09,0.0,0.0,0.5,0.0,0.0,0.5,0.006,GK
2026-09-20,0.0756,0.0,0.0,0.42,0.0,0.0,0.503133,0.024,GK
2026-10-02,0.776536809206009,0.9307359457015991,0.9307359457015991,0.8571428656578064,0.9696969985961914,0.24242424964904785,0.492227,0.2165,GK
2025-10-05,0.125306,0.00995,0.094527,0.442139,0.004975,0.054726,0.496377,0.6,BR
2025-10-19,0.11613,0.023669,0.08284,0.409467,0.017751,0.04142,0.493394,0.6,BR
2025-11-02,0.8243564283847808,0.9950494766235352,0.8118811845779419,0.9554455280303955,0.4356435537338257,0.5643564462661743,0.493332,0.6,BR
2025-11-16,0.6754106205701828,0.7536231875419617,0.512077271938324,0.4637681245803833,0.6328502297401428,0.8405796885490417,0.495788,0.6,BR
2025-11-30,0.118863,0.005181,0.088083,0.420855,0.020725,0.051813,0.499031,0.6,BR
2025-12-14,0.097602,0.0,0.052083,0.412891,0.005208,0.026042,0.499626,0.6,BR
2025-12-28,0.15765,0.0,0.179104,0.493856,0.00995,0.044776,0.482808,0.6,BR
2026-01-11,0.147958,0.021898,0.10219,0.499197,0.0,0.087591,0.490851,0.6,BR
2026-01-25,0.155605,0.0,0.169492,0.476836,0.028249,0.056497,0.492519,0.6,BR
2026-02-08,0.128694,0.0,0.107345,0.418672,0.0,0.079096,0.490105,0.6,BR
2026-02-22,0.38070706322789194,0.21212121844291687,0.2525252401828766,0.42424243688583374,0.4898989796638489,0.6515151262283325,0.50106,0.6,BR
2026-03-08,0.9137618920207023,0.961904764175415,0.9285714030265808,0.9476190209388733,0.46666666865348816,1.0,0.493838,0.6,BR
2026-03-22,0.137469,0.008929,0.107143,0.46808,0.0,0.071429,0.495513,0.6,BR
2026-04-05,0.107284,0.034483,0.086207,0.381466,0.0,0.017241,0.504059,0.348,BR
2026-04-19,0.42554404586553574,0.18134714663028717,0.3108808398246765,0.10362694412469864,0.5233160853385925,0.8341968655586243,0.486726,0.6,BR
2026-05-03,0.6186597888544202,0.5515463948249817,0.6391752362251282,0.09793814271688461,0.7783505320549011,0.9175257682800293,0.488809,0.6,BR
2026-05-17,0.13466,0.018692,0.11215,0.437103,0.009346,0.065421,0.496192,0.6,BR
2026-05-31,0.118784,0.0,0.095745,0.418777,0.0,0.053191,0.494392,0.564,BR
2026-06-14,0.145562,0.008403,0.117647,0.482815,0.016807,0.07563,0.485447,0.6,BR
2026-06-28,0.3600502524711192,0.22110553085803986,0.2964824140071869,0.11557789146900177,0.49246230721473694,0.6582914590835571,0.491473,0.6,BR
2026-07-12,0.18070652417838573,0.15760870277881622,0.35326087474823,0.054347824305295944,0.05978260934352875,0.06521739065647125,0.504243,0.6,BR
2026-07-26,0.44871657282114036,0.7165775299072266,0.49732619524002075,0.10695187002420425,0.7967914342880249,0.10695187002420425,0.495344,0.6,BR
2026-08-09,0.120001,0.0,0.082759,0.46169,0.006897,0.041379,0.497018,0.6,BR
2026-08-23,0.18187,0.0,0.197531,0.465123,0.012346,0.141975,0.493981,0.6,BR
2026-09-06,0.4317616625130176,0.5077720284461975,0.5958549380302429,0.062176164239645004,0.8341968655586243,0.11917098611593246,0.491445,0.6,BR
2026-09-20,0.35045454144477844,0.1666666716337204,0.2525252401828766,0.1111111119389534,0.4343434274196625,0.5858585834503174,0.492776,0.6,BR
2026-10-02,0.771038972735405,0.8051947951316833,0.761904776096344,0.822510838508606,0.8658008575439453,0.5714285969734192,0.489447,0.6,BR
2025-10-05,0.228755,0.0,0.254545,0.503182,0.0,0.236364,0.478169,0.33,AM
2025-10-19,0.203056,0.0,0.213115,0.524262,0.016393,0.163934,0.489442,0.366,AM
2025-11-02,0.7584158378839493,0.7673267126083374,0.7821782231330872,0.5445544719696045,0.7425742745399475,0.7673267126083374,0.482111,0.6,AM
2025-11-16,0.6171497529745102,0.5314009785652161,0.6908212304115295,0.5458937287330627,0.8357487916946411,0.49275362491607666,0.49151,0.6,AM
2025-11-30,0.116071,0.003676,0.106618,0.420368,0.003676,0.022059,0.498337,0.6,AM
2025-12-14,0.131809,0.0,0.086957,0.461739,0.0,0.086957,0.469009,0.138,AM
2025-12-28,0.165307,0.0,0.133333,0.503556,0.0,0.133333,0.493566,0.27,AM
2026-01-11,0.196129,0.0,0.176471,0.540588,0.0,0.176471,0.502577,0.102,AM
2026-01-25,0.068145,0.0,0.0,0.378585,0.0,0.0,0.512546,0.318,AM
2026-02-08,0.102484,0.012658,0.063291,0.409019,0.0,0.025316,0.490942,0.6,AM
2026-02-22,0.5379293006658554,0.39898988604545593,0.5808081030845642,0.5454545617103577,0.8787878751754761,0.44949495792388916,0.486783,0.6,AM
2026-03-08,0.48128573179244993,0.3857142925262451,0.523809552192688,0.5333333611488342,0.523809552192688,0.39047619700431824,0.493626,0.6,AM
2026-03-22,0.101819,0.037037,0.037037,0.444259,0.037037,0.0,0.483902,0.162,AM
2026-04-05,0.114262,0.019231,0.076923,0.425385,0.0,0.038462,0.490056,0.312,AM
2026-04-19,0.46170984663069253,0.621761679649353,0.7253885865211487,0.02590673603117466,0.8082901835441589,0.02590673603117466,0.493932,0.6,AM
2026-05-03,0.3132989574410021,0.21134020388126373,0.25773194432258606,0.036082472652196884,0.34536081552505493,0.6288659572601318,0.502005,0.6,AM
2026-05-17,0.093626,0.0,0.051724,0.42819,0.0,0.0,0.483517,0.348,AM
2026-05-31,0.089094,0.0,0.028986,0.418478,0.014493,0.014493,0.499911,0.414,AM
2026-06-14,0.10662,0.010638,0.074468,0.443989,0.010638,0.0,0.501397,0.564,AM
2026-06-28,0.7867336639761926,0.7587939500808716,0.7788944840431213,0.839195966720581,0.4170854389667511,0.733668327331543,0.47573,0.6,AM
2026-07-12,0.7434239120781423,0.9239130616188049,0.907608687877655,0.929347813129425,0.97826087474823,0.027173912152647972,0.479811,0.6,AM
2026-07-26,0.2943315578252077,0.4545454680919647,0.3743315637111664,0.026737967506051064,0.759358286857605,0.026737967506051064,0.499778,0.6,AM
2026-08-09,0.142652,0.008065,0.145161,0.460968,0.0,0.048387,0.495027,0.6,AM
2026-08-23,0.097,0.0,0.05,0.45,0.0,0.0,0.487941,0.12,AM
2026-09-06,0.19082901840098204,0.24352331459522247,0.27979275584220886,0.02590673603117466,0.4559585452079773,0.020725388079881668,0.503631,0.6,AM
2026-09-20,0.17838383927941326,0.27272728085517883,0.20202019810676575,0.02525252476334572,0.3585858643054962,0.02525252476334572,0.493138,0.6,AM
2026-10-02,0.7676623409986496,0.761904776096344,0.7878788113594055,0.7792207598686218,0.6406926512718201,0.6709956526756287,0.490035,0.6,AM
2025-10-05,0.173276,0.0,0.195652,0.496217,0.021739,0.082609,0.479939,0.6,TH
2025-10-19,0.212852,0.0,0.248677,0.533188,0.015873,0.150794,0.481913,0.6,TH
2025-11-02,0.5787128591537476,0.47029703855514526,0.5990098714828491,0.3118811845779419,0.7227723002433777,0.6831682920455933,0.49716,0.6,TH
2025-11-16,0.6557004874944687,0.5458937287330627,0.7536231875419617,0.3913043439388275,0.7681159377098083,0.5990338325500488,0.486957,0.6,TH
2025-11-30,0.137757,0.0,0.123552,0.447857,0.0,0.073359,0.488067,0.6,TH
2025-12-14,0.268474,0.0,0.33179,0.591489,0.009259,0.229938,0.478148,0.6,TH
2025-12-28,0.141041,0.001527,0.131298,0.422748,0.00916,0.091603,0.49187,0.6,TH
2026-01-11,0.242316,0.005495,0.296703,0.566593,0.010989,0.181319,0.480293,0.6,TH
2026-01-25,0.147483,0.040541,0.114865,0.48902,0.0,0.060811,0.488993,0.6,TH
2026-02-08,0.164841,0.002604,0.169271,0.484648,0.041667,0.083333,0.498304,0.6,TH
2026-02-22,0.5431313115358353,0.32828283309936523,0.5454545617103577,0.2525252401828766,0.6868686676025391,0.8333333134651184,0.494625,0.6,TH
2026-03-08,0.40452381849288943,0.261904776096344,0.4714285731315613,0.3857142925262451,0.6857143044471741,0.3285714387893677,0.50118,0.6,TH
2026-03-22,0.110579,0.0,0.06383,0.458298,0.0,0.031915,0.491514,0.564,TH
2026-04-05,0.145644,0.024,0.12,0.4838,0.0,0.064,0.487191,0.6,TH
2026-04-19,0.8805181443691255,0.8549222946166992,0.9274611473083496,0.9222797751426697,0.409326434135437,0.8082901835441589,0.483214,0.6,TH
2026-05-03,0.7605670174956322,0.6958763003349304,0.8505154848098755,0.8298969268798828,0.8402062058448792,0.5360824465751648,0.491509,0.6,TH
2026-05-17,0.171875,0.021552,0.193966,0.485754,0.021552,0.068966,0.484414,0.6,TH
2026-05-31,0.12911,0.005376,0.107527,0.449355,0.016129,0.048387,0.49349,0.6,TH
2026-06-14,0.161838,0.0,0.195489,0.492669,0.022556,0.037594,0.484232,0.6,TH
2026-06-28,0.9609547859430314,0.9447236061096191,0.979899525642395,0.9748743772506714,0.9195979833602905,0.7939698696136475,0.479719,0.6,TH
2026-07-12,0.912608689069748,0.97826087474823,0.97826087474823,0.9836956262588501,0.5760869383811951,0.679347813129425,0.486592,0.6,TH
2026-07-26,0.6545454621315002,0.47058823704719543,0.6042780876159668,0.5882353186607361,0.6951871514320374,0.8502673506736755,0.495999,0.6,TH
2026-08-09,0.24188,0.0,0.283654,0.561995,0.004808,0.206731,0.480026,0.6,TH
2026-08-23,0.184245,0.0,0.189369,0.514169,0.0,0.129568,0.484135,0.6,TH
2026-09-06,0.5590155535936356,0.4300518035888672,0.5233160853385925,0.7046632170677185,0.6943005323410034,0.5336787700653076,0.491133,0.6,TH
2026-09-20,0.7831818258762359,0.7020202279090881,0.7626262903213501,0.7121211886405945,0.8585858345031738,0.7929292917251587,0.490389,0.6,TH
2026-10-02,0.7617315995693207,0.7186146974563599,0.8787878751754761,0.6709956526756287,0.9783549904823303,0.5454545617103577,0.497926,0.6,TH
2025-10-05,0.172423,0.0,0.15625,0.471797,0.0,0.15625,0.500142,0.384,KV
2025-10-19,0.371545,0.0,0.454545,0.65,0.0,0.454545,0.471444,0.066,KV
2025-12-14,0.07605,0.0,0.0,0.4225,0.0,0.0,0.497245,0.06,KV
2025-12-28,0.171534,0.017857,0.142857,0.522411,0.035714,0.107143,0.482946,0.336,KV
2026-01-11,0.1502,0.0,0.25,0.39,0.0,0.0,0.477551,0.024,KV
2026-01-25,0.221283,0.0,0.166667,0.710833,0.0,0.166667,0.485526,0.036,KV
2026-02-08,0.0681,0.0,0.0,0.378333,0.0,0.0,0.498374,0.036,KV
2026-02-22,0.28020201772451403,0.5656565427780151,0.10101009905338287,0.1818181872367859,0.14141413569450378,0.3030303120613098,0.499835,0.4825,KV
2026-03-08,0.46923810124397275,0.538095235824585,0.380952388048172,0.4095238149166107,0.6571428775787354,0.380952388048172,0.490439,0.4825,KV
2026-03-22,0.1006,0.0,0.038462,0.439231,0.0,0.038462,0.484454,0.156,KV
2026-04-05,0.218704,0.0,0.217391,0.538696,0.0,0.217391,0.495998,0.138,KV
2026-04-19,0.5115544086694717,0.5492228269577026,0.43523314595222473,0.4300518035888672,0.7668393850326538,0.40414509177207947,0.480017,0.4825,KV
2026-05-03,0.8093814396858217,0.9587628841400146,0.8350515365600586,0.907216489315033,0.9123711585998535,0.4020618498325348,0.486655,0.4825,KV
2026-05-17,0.119977,0.0,0.115385,0.358846,0.0,0.076923,0.493683,0.156,KV
2026-05-31,0.107664,0.060606,0.030303,0.436515,0.0,0.030303,0.500741,0.198,KV
2026-06-14,0.223471,0.0,0.294118,0.561765,0.0,0.117647,0.479231,0.102,KV
2026-06-28,0.5144221170246602,0.8994975090026855,0.17587940394878387,0.8190954923629761,0.17587940394878387,0.3919597864151001,0.487027,0.4825,KV
2026-07-12,0.6611956496536732,0.91847825050354,0.5489130616188049,0.9510869383811951,0.18478260934352875,0.41847825050354004,0.490722,0.4825,KV
2026-08-09,0.099871,0.0,0.071429,0.427857,0.0,0.0,0.489823,0.084,KV
2026-08-23,0.09135,0.0,0.0,0.5075,0.0,0.0,0.506816,0.036,KV
2026-09-06,0.7129533699154854,0.8497409224510193,0.8393782377243042,0.8911917209625244,0.17616580426692963,0.409326434135437,0.512465,0.4825,KV
2026-09-20,0.3139393965899945,0.3333333432674408,0.2626262605190277,0.3888888955116272,0.17171716690063477,0.35353535413742065,0.509736,0.4825,KV
2026-10-02,0.7598701196908951,0.948051929473877,0.8528138399124146,0.9220778942108154,0.8008658289909363,0.190476194024086,0.46262,0.4825,KV
2025-10-05,0.3264,0.0,0.5,0.73,0.5,0.0,0.474093,0.012,BK
2025-10-19,0.201743,0.071429,0.285714,0.505714,0.071429,0.0,0.487763,0.084,BK
2025-11-16,0.8003381675481797,0.8309178948402405,0.8647342920303345,0.8743961453437805,0.8454106450080872,0.47342994809150696,0.47456,0.3464,BK
2025-11-30,0.159783,0.0,0.166667,0.369167,0.0,0.166667,0.49477,0.036,BK
2026-01-11,0.291618,0.0,0.363636,0.61,0.0,0.272727,0.46374,0.066,BK
2026-01-25,0.087853,0.0,0.066667,0.280667,0.0,0.066667,0.486287,0.09,BK
2026-02-08,0.09,0.0,0.0,0.5,0.0,0.0,0.486462,0.006,BK
2026-03-08,0.8152380906045438,0.8666666746139526,0.9476190209388733,0.9571428298950195,0.2380952388048172,0.523809552192688,0.487593,0.3464,BK
2026-03-22,0.108,0.0,0.0,0.6,0.0,0.0,0.470242,0.006,BK
2026-04-05,0.0765,0.0,0.0,0.425,0.0,0.0,0.493034,0.066,BK
2026-04-19,0.41010362725704913,0.9896373152732849,0.036269430071115494,0.9378238320350647,0.020725388079881668,0.062176164239645004,0.492244,0.3464,BK
2026-05-17,0.2453,0.0,0.25,0.585,0.0,0.25,0.487395,0.024,BK
2026-05-31,0.09,0.0,0.0,0.5,0.0,0.0,0.485066,0.012,BK
2026-06-28,0.3482914546318353,0.7638190984725952,0.030150754377245903,0.7989949584007263,0.030150754377245903,0.055276382714509964,0.479516,0.3464,BK
2026-07-12,0.22717390947043897,0.804347813129425,0.021739130839705467,0.07065217196941376,0.032608695328235626,0.07608695328235626,0.482313,0.3464,BK
2026-08-09,0.455,0.0,1.0,0.75,0.0,0.0,0.461611,0.012,BK
2026-08-23,0.7,0.0,1.0,1.0,0.0,1.0,0.471572,0.012,BK
2026-09-06,0.45321243882179263,0.5699481964111328,0.6787564754486084,0.08290155231952667,0.6839378476142883,0.07772020995616913,0.491423,0.3464,BK
2026-09-20,0.0438,0.0,0.0,0.243333,0.0,0.0,0.476912,0.018,BK
2026-10-02,0.7535064899921418,0.887445867061615,0.9523809552192688,0.9177489280700684,0.9956709742546082,0.03896103799343109,0.477249,0.3464,BK
2025-10-05,0.074725,0.009524,0.028571,0.353762,0.0,0.0,0.523721,0.6,KU
2025-10-19,0.095383,0.0,0.054545,0.3895,0.018182,0.027273,0.520222,0.6,KU
2025-11-02,0.21059406169690192,0.13861386477947235,0.24257425963878632,0.1782178282737732,0.5445544719696045,0.16336633265018463,0.516793,0.6,KU
2025-11-16,0.22188406515866518,0.3188405930995941,0.17391304671764374,0.17391304671764374,0.3188405930995941,0.15942029654979706,0.512559,0.6,KU
2025-11-30,0.104096,0.0,0.074074,0.432222,0.037037,0.0,0.483741,0.162,KU
2025-12-14,0.087378,0.0,0.047619,0.394603,0.015873,0.0,0.509124,0.378,KU
2025-12-28,0.074373,0.0,0.0,0.413182,0.0,0.0,0.497689,0.066,KU
2026-01-11,0.111207,0.0,0.073171,0.445732,0.02439,0.02439,0.497727,0.246,KU
2026-01-25,0.089474,0.0,0.052632,0.368421,0.0,0.026316,0.515234,0.228,KU
2026-02-08,0.190391,0.0,0.212766,0.529362,0.021277,0.106383,0.498683,0.282,KU
2026-02-22,0.4162121310830117,0.3636363744735718,0.4848484992980957,0.17676767706871033,0.7727272510528564,0.3080808222293854,0.494374,0.6,KU
2026-03-08,0.9461904564499855,0.9857142567634583,0.9952380657196045,0.9952380657196045,0.34285715222358704,0.9809523820877075,0.47845,0.6,KU
2026-03-22,0.282554,0.010309,0.329897,0.616134,0.030928,0.257732,0.485009,0.582,KU
2026-04-05,0.291366,0.0,0.330855,0.626134,0.007435,0.301115,0.482416,0.6,KU
2026-04-19,0.7312953358888628,0.8704662919044495,0.8082901835441589,0.8756476640701294,0.3834196925163269,0.39896371960639954,0.490288,0.6,KU
2026-05-03,0.5476804035902023,0.47422680258750916,0.7010309100151062,0.4793814420700073,0.42783504724502563,0.3969072103500366,0.490645,0.6,KU
2026-05-17,0.173067,0.0,0.15625,0.531797,0.015625,0.109375,0.491665,0.384,KU
2026-05-31,0.235186,0.0,0.263158,0.551228,0.017544,0.210526,0.504117,0.342,KU
2026-06-14,0.13369,0.0,0.095238,0.446429,0.0,0.095238,0.513514,0.252,KU
2026-06-28,0.5662813958525658,0.6683416962623596,0.5879396796226501,0.45728641748428345,0.38693466782569885,0.38693466782569885,0.474147,0.6,KU
2026-07-12,0.9397826153039931,0.95652174949646,0.967391312122345,0.967391312122345,0.89673912525177,0.72826087474823,0.479159,0.6,KU
2026-07-26,0.523475942015648,0.5668449401855469,0.5668449401855469,0.4171122908592224,0.5721924901008606,0.3689839541912079,0.489506,0.6,KU
2026-08-09,0.109175,0.0,0.045455,0.465114,0.0,0.045455,0.497612,0.528,KU
2026-08-23,0.116732,0.0,0.080645,0.434355,0.016129,0.048387,0.509245,0.372,KU
2026-09-06,0.5102590680122375,0.590673565864563,0.47668394446372986,0.409326434135437,0.5025906562805176,0.41450777649879456,0.49379,0.6,KU
2026-09-20,0.5628787797689437,1.0,0.21717171370983124,0.8585858345031738,0.36868685483932495,0.3484848439693451,0.483129,0.6,KU
2026-10-02,0.75073592543602,0.7965368032455444,0.887445867061615,0.826839804649353,0.9653679728507996,0.2857142984867096,0.487238,0.6,KU
2025-10-05,0.4905208377540112,0.8385416865348816,0.3333333432674408,0.5677083134651184,0.1458333283662796,0.375,0.640625,0.6,CAN
2025-10-19,0.35925926491618154,0.1269841343164444,0.21164020895957947,0.44973546266555786,0.29629629850387573,0.7460317611694336,0.05291005223989487,0.6,CAN
2025-11-02,0.3800495105609297,0.29207921028137207,0.3762376308441162,0.44059404730796814,0.46039605140686035,0.45049506425857544,0.029702970758080482,0.6,CAN
2025-11-16,0.28705313920974734,0.09661835432052612,0.19806763529777527,0.4444444477558136,0.2753623127937317,0.4396135210990906,0.1835748851299286,0.6,CAN
2025-11-30,0.6950746190547944,0.7860696315765381,0.7910447716712952,0.46268656849861145,0.7562189102172852,0.4875621795654297,0.7313432693481445,0.6,CAN
2025-12-14,0.509340108036995,0.15228426456451416,0.5025380849838257,0.44162437319755554,0.5228426456451416,0.9441624283790588,0.21827411651611328,0.6,CAN
2025-12-28,0.5550510209798813,0.3877550959587097,0.7448979616165161,0.4234693944454193,0.8469387888908386,0.37244898080825806,0.38265305757522583,0.6,CAN
2026-01-11,0.8204081598669292,0.9489796161651611,0.6785714030265808,0.8673469424247742,0.7755101919174194,0.8928571343421936,0.8673469424247742,0.6,CAN
2026-01-25,0.673246073126793,0.7748690843582153,0.7696335315704346,0.45026177167892456,0.7801046967506409,0.43455496430397034,0.7068063020706177,0.6,CAN
2026-02-08,0.4536040621995926,0.4010152220726013,0.44162437319755554,0.44162437319755554,0.5482233762741089,0.49238577485084534,0.22842639684677124,0.6,CAN
2026-02-22,0.5503535288572311,0.35353535413742065,0.6868686676025391,0.44949495792388916,0.5454545617103577,0.4898989796638489,0.5101010203361511,0.6,CAN
2026-03-08,0.6058571438491345,0.37142857909202576,0.6047618985176086,0.41904762387275696,0.6333333253860474,0.8714285492897034,0.6380952596664429,0.6,CAN
2026-03-22,0.5582162088155747,0.5405405163764954,0.5945945978164673,0.5405405163764954,0.8648648858070374,0.44324323534965515,0.1945945918560028,0.6,CAN
2026-04-05,0.39268421553075317,0.6368421316146851,0.5789473652839661,0.09473684430122375,0.06315789371728897,0.08947368711233139,0.34210526943206787,0.6,CAN
2026-04-19,0.3509844490885735,0.3316062092781067,0.590673565864563,0.16580310463905334,0.08290155231952667,0.16580310463905334,0.08290155231952667,0.6,CAN
2026-05-03,0.5814948469400406,0.6030927896499634,0.561855673789978,0.1649484485387802,0.4536082446575165,0.9845361113548279,0.6030927896499634,0.6,CAN
2026-05-17,0.2779187747836113,0.25380709767341614,0.41624364256858826,0.0964467003941536,0.5329949259757996,0.08629441261291504,0.29441624879837036,0.6,CAN
2026-05-31,0.25565656475722787,0.27272728085517883,0.3232323229312897,0.09595959633588791,0.7373737096786499,0.08585858345031738,0.38383838534355164,0.6,CAN
2026-06-14,0.5294300520420074,0.44041451811790466,0.46113988757133484,0.08808290213346481,0.48704662919044495,0.9274611473083496,0.4663212299346924,0.6,CAN
2026-06-28,0.10924623243510724,0.23115578293800354,0.055276382714509964,0.10552763938903809,0.055276382714509964,0.08542713522911072,0.035175878554582596,0.6,CAN
2026-07-12,0.7689673972129821,0.614130437374115,0.72826087474823,0.7771739363670349,0.782608687877655,0.95652174949646,0.614130437374115,0.6,CAN
2026-07-26,0.14625668238848447,0.12834224104881287,0.2032085508108139,0.09625668078660965,0.05347593501210213,0.09090909361839294,0.4331550896167755,0.6,CAN
2026-08-09,0.10016042627394199,0.13903743028640747,0.03208556026220322,0.09090909361839294,0.03208556026220322,0.10695187002420425,0.6363636255264282,0.6,CAN
2026-08-23,0.5557377025485039,0.7540983557701111,0.562841534614563,0.7704917788505554,0.693989098072052,0.10382513701915741,0.4207650125026703,0.6,CAN
2026-09-06,0.36393782705068595,0.4922279715538025,0.5336787700653076,0.11398963630199432,0.5181347131729126,0.08808290213346481,0.27979275584220886,0.6,CAN
2026-09-20,0.6766161607950926,0.6969696879386902,0.7676767706871033,0.09595959633588791,0.7929292917251587,0.8535353541374207,0.05050504952669144,0.6,CAN
2026-10-02,0.7304328915476799,0.6623376607894897,0.8614718317985535,0.12121212482452393,0.9567099809646606,0.8484848737716675,0.32900431752204895,0.6,CAN
2025-10-19,0.455,0.0,1.0,0.75,0.0,0.0,0.487445,0.006,PU
2025-11-02,0.7462376224994659,0.8465346693992615,0.801980197429657,0.8316831588745117,0.9752475023269653,0.3118811845779419,0.472614,0.1794,PU
2025-11-30,0.138016,0.0,0.117647,0.499869,0.058824,0.026144,0.482797,0.6,PU
2025-12-14,0.099606,0.0,0.03125,0.497812,0.0,0.0,0.483561,0.192,PU
2025-12-28,0.196217,0.0,0.333333,0.4975,0.0,0.0,0.476923,0.036,PU
2026-01-11,0.16099,0.0,0.2,0.4055,0.0,0.1,0.477876,0.06,PU
2026-02-08,0.098554,0.0,0.076923,0.410769,0.0,0.0,0.499847,0.078,PU
2026-03-08,0.455,0.0,1.0,0.75,0.0,0.0,0.471282,0.006,PU
2026-04-05,0.108,0.0,0.0,0.6,0.0,0.0,0.460251,0.012,PU
2026-06-14,0.042525,0.0,0.0,0.23625,0.0,0.0,0.508624,0.048,PU
2026-06-28,0.3527135738730431,0.11557789146900177,0.2261306494474411,0.5829145908355713,0.29145729541778564,0.5427135825157166,0.536876,0.1794,PU
2026-08-09,0.057712,0.0,0.0,0.320625,0.0,0.0,0.493984,0.096,PU
2026-09-20,0.7025757601857187,0.8636363744735718,0.7424242496490479,0.8838383555412292,0.3030303120613098,0.42424243688583374,0.498043,0.1794,PU
2026-10-02,0.7280519506335258,0.6883116960525513,0.8354978561401367,0.7532467246055603,0.9523809552192688,0.46320345997810364,0.492501,0.1794,PU
2025-10-05,0.12944,0.0,0.1,0.408,0.0,0.1,0.508959,0.06,BM
2025-10-19,0.072788,0.0,0.0,0.404375,0.0,0.0,0.494288,0.096,BM
2025-11-02,0.2326732706837356,0.049504950642585754,0.049504950642585754,0.603960394859314,0.24257425963878632,0.4554455578327179,0.511858,0.5814,BM
2025-11-16,0.6219323739409447,0.52173912525177,0.8454106450080872,0.6135265827178955,0.9516907930374146,0.3671497702598572,0.498058,0.5814,BM
2025-11-30,0.163616,0.0,0.28,0.4112,0.0,0.0,0.485122,0.15,BM
2025-12-14,0.182902,0.021277,0.255319,0.510213,0.0,0.021277,0.476773,0.282,BM
2025-12-28,0.184189,0.016722,0.180602,0.577157,0.010033,0.076923,0.47764,0.6,BM
2026-01-11,0.179727,0.023256,0.193798,0.545426,0.0,0.062016,0.481324,0.6,BM
2026-01-25,0.108971,0.0,0.073171,0.459055,0.0,0.012195,0.487299,0.6,BM
2026-02-08,0.212022,0.0,0.206897,0.534224,0.0,0.206897,0.511103,0.348,BM
2026-02-22,0.7375252395868303,0.631313145160675,0.8838383555412292,0.7979797720909119,0.9494949579238892,0.3737373650074005,0.475293,0.5814,BM
2026-03-08,0.0891,0.0,0.0,0.495,0.0,0.0,0.514361,0.024,BM
2026-03-22,0.077175,0.0,0.0,0.42875,0.0,0.0,0.490182,0.024,BM
2026-04-05,0.259771,0.0,0.285714,0.554286,0.0,0.285714,0.503079,0.042,BM
2026-04-19,0.7122279757261276,0.7512953281402588,0.9378238320350647,0.8652849793434143,0.7253885865211487,0.10880828648805618,0.47462,0.5814,BM
2026-05-03,0.518402057737112,0.3298968970775604,0.623711347579956,0.11855670064687729,0.8195876479148865,0.6391752362251282,0.491102,0.5814,BM
2026-05-17,0.232185,0.0,0.384615,0.606154,0.0,0.0,0.484198,0.078,BM
2026-05-31,0.179008,0.020408,0.163265,0.463878,0.0,0.163265,0.494184,0.294,BM
2026-06-14,0.182924,0.0,0.235294,0.480294,0.0,0.088235,0.494067,0.204,BM
2026-06-28,0.3341206087172032,0.5025125741958618,0.402010053396225,0.055276382714509964,0.7286432385444641,0.060301508754491806,0.486583,0.5814,BM
2026-07-26,0.7093048080056907,0.9144384860992432,0.9518716335296631,0.7486631274223328,0.9893048405647278,0.06951871514320374,0.501881,0.5814,BM
2026-08-09,0.105781,0.0,0.0625,0.476562,0.0,0.0,0.494423,0.192,BM
2026-08-23,0.185069,0.0,0.192308,0.481154,0.0,0.153846,0.483273,0.156,BM
2026-09-06,0.7285492205619811,0.8082901835441589,0.9326424598693848,0.9170984625816345,0.9326424598693848,0.07253886014223099,0.482256,0.5814,BM
2026-09-20,0.9273737394809723,0.8484848737716675,0.9494949579238892,0.9191918969154358,0.868686854839325,0.9545454382896423,0.470697,0.5814,BM
2026-10-02,0.7253679570555687,0.8658008575439453,0.9610389471054077,0.887445867061615,0.6753246784210205,0.043290045112371445,0.479376,0.5814,BM
2025-10-05,0.082142,0.001049,0.033578,0.370593,0.013641,0.01469,0.486808,0.6,EG
2025-10-19,0.156414,0.006969,0.144019,0.461945,0.013937,0.103368,0.481156,0.6,EG
2025-11-02,0.43198019653558734,0.2772277295589447,0.32673266530036926,0.5148515105247498,0.3910891115665436,0.6633663177490234,0.502095,0.6,EG
2025-11-16,0.4365700501203537,0.25120773911476135,0.3188405930995941,0.49275362491607666,0.4444444477558136,0.6763284802436829,0.499232,0.6,EG
2025-11-30,0.105591,0.004739,0.066351,0.395201,0.004739,0.049763,0.50413,0.6,EG
2025-12-14,0.126077,0.0,0.107143,0.428316,0.0,0.061224,0.49494,0.6,EG
2025-12-28,0.109744,0.004938,0.091358,0.407358,0.012346,0.022222,0.490623,0.6,EG
2026-01-11,0.12232,0.011628,0.093023,0.430203,0.023256,0.046512,0.497565,0.6,EG
2026-01-25,0.136774,0.0,0.108974,0.449669,0.00641,0.08547,0.492719,0.6,EG
2026-02-08,0.114252,0.0,0.073634,0.422803,0.004751,0.059382,0.494053,0.6,EG
2026-02-22,0.5000000035762787,0.6363636255264282,0.29797980189323425,0.6161616444587708,0.3888888955116272,0.560606062412262,0.489687,0.6,EG
2026-03-08,0.47823809772729875,0.3142857253551483,0.3380952477455139,0.48571428656578064,0.34761905670166016,0.8238095045089722,0.489423,0.6,EG
2026-03-22,0.144626,0.0,0.122047,0.45374,0.003937,0.098425,0.487197,0.6,EG
2026-04-05,0.122518,0.018182,0.081818,0.466515,0.0,0.036364,0.484803,0.6,EG
2026-04-19,0.5660621869564056,0.4455958604812622,0.5595855116844177,0.1865285038948059,0.4559585452079773,0.818652868270874,0.492642,0.6,EG
2026-05-03,0.40180411815643313,0.42783504724502563,0.42268040776252747,0.2319587618112564,0.6391752362251282,0.19072164595127106,0.499044,0.6,EG
2026-05-17,0.156056,0.013201,0.151815,0.457921,0.0033,0.092409,0.494203,0.6,EG
2026-05-31,0.108602,0.0,0.084507,0.406162,0.0,0.035211,0.50495,0.6,EG
2026-06-14,0.099984,0.002747,0.065934,0.399025,0.008242,0.024725,0.494942,0.6,EG
2026-06-28,0.31708542332053186,0.2964824140071869,0.47236180305480957,0.23115578293800354,0.0954773873090744,0.18592964112758636,0.50354,0.6,EG
2026-07-12,0.4903260815143586,0.31521740555763245,0.5869565010070801,0.21739129722118378,0.3695652186870575,0.635869562625885,0.49044,0.6,EG
2026-07-26,0.42620320409536366,0.2032085508108139,0.3475935757160187,0.2085561454296112,0.32620319724082947,0.9465240836143494,0.492593,0.6,EG
2026-08-09,0.125118,0.0,0.096045,0.436469,0.022599,0.059322,0.494187,0.6,EG
2026-08-23,0.113624,0.014563,0.07767,0.404709,0.019417,0.048544,0.49591,0.6,EG
2026-09-06,0.7378756368160247,0.6735751032829285,0.787564754486084,0.2331606149673462,0.8911917209625244,0.8911917209625244,0.491921,0.6,EG
2026-09-20,0.42641413599252703,0.3585858643054962,0.36868685483932495,0.22727273404598236,0.5202020406723022,0.6010100841522217,0.494502,0.6,EG
2026-10-02,0.722597387433052,0.8744588494300842,0.6839826703071594,0.1428571492433548,0.8701298832893372,0.7532467246055603,0.478994,0.6,EG
2025-10-05,0.057187,0.0,0.0,0.317708,0.0,0.0,0.498499,0.144,LO
2025-10-19,0.361167,0.0,0.666667,0.691667,0.333333,0.0,0.493853,0.036,LO
2025-11-02,0.39633662752807136,0.7772276997566223,0.23762376606464386,0.7574257254600525,0.1782178282737732,0.014851485379040241,0.493413,0.5381,LO
2025-11-16,0.15628019463270904,0.4492753744125366,0.06763284653425217,0.18840579688549042,0.043478261679410934,0.009661835618317127,0.500491,0.5381,LO
2025-11-30,0.091044,0.0,0.0625,0.394688,0.0,0.0,0.496447,0.096,LO
2025-12-14,0.214629,0.0,0.214286,0.525714,0.0,0.214286,0.487618,0.084,LO
2025-12-28,0.057,0.0,0.0,0.316667,0.0,0.0,0.507648,0.036,LO
2026-01-11,0.06785,0.0,0.0,0.376944,0.0,0.0,0.487466,0.108,LO
2026-01-25,0.0738,0.0,0.0,0.41,0.0,0.0,0.488966,0.03,LO
2026-02-08,0.169462,0.0,0.25,0.389375,0.0625,0.0625,0.501221,0.096,LO
2026-02-22,0.7614141319692136,0.9444444179534912,0.9191918969154358,0.9494949579238892,0.18686868250370026,0.27272728085517883,0.467213,0.5381,LO
2026-03-08,0.6555714303255081,0.9904761910438538,0.5857142806053162,0.9142857193946838,0.561904788017273,0.17619048058986664,0.481471,0.5381,LO
2026-03-22,0.14855,0.25,0.0,0.5475,0.0,0.0,0.488392,0.024,LO
2026-04-05,0.08235,0.0,0.0,0.4575,0.0,0.0,0.466936,0.036,LO
2026-04-19,0.4452849739789963,0.5854922533035278,0.2694300413131714,0.45077720284461975,0.196891188621521,0.4300518035888672,0.475704,0.5381,LO
2026-05-03,0.18917525544762612,0.05154639109969139,0.10309278219938278,0.36082473397254944,0.19072164595127106,0.22680412232875824,0.511045,0.5381,LO
2026-05-17,0.129285,0.153846,0.0,0.547308,0.0,0.0,0.492265,0.078,LO
2026-05-31,0.0524,0.0,0.0,0.291111,0.0,0.0,0.485591,0.054,LO
2026-06-14,0.062167,0.0,0.004854,0.334854,0.004854,0.0,0.523012,0.6,LO
2026-06-28,0.42547738730907436,0.25628140568733215,0.5929648280143738,0.43216079473495483,0.8542713522911072,0.21105527877807617,0.511462,0.5381,LO
2026-08-09,0.100769,0.0,0.076923,0.423077,0.0,0.0,0.505024,0.078,LO
2026-08-23,0.3772,0.0,0.5,0.54,0.0,0.5,0.483254,0.012,LO
2026-09-06,0.09,0.0,0.0,0.5,0.0,0.0,0.513283,0.012,LO
2026-09-20,0.4849495039880276,0.9949495196342468,0.10606060922145844,0.8989899158477783,0.18686868250370026,0.2222222238779068,0.48295,0.5381,LO
2026-10-02,0.7202597391605376,0.8961039185523987,0.8181818127632141,0.8744588494300842,0.8571428656578064,0.16883116960525513,0.48278,0.5381,LO
2025-10-05,0.089415,0.0,0.076923,0.36,0.0,0.0,0.503324,0.078,NU
2025-10-19,0.1107,0.0,0.0,0.615,0.0,0.0,0.497406,0.012,NU
2025-11-02,0.547227720245719,0.8762376308441162,0.4356435537338257,0.7475247383117676,0.11881188303232193,0.26237624883651733,0.47438,0.5505,NU
2025-11-30,0.104765,0.0,0.1,0.40425,0.0,0.0,0.468586,0.12,NU
2025-12-14,0.137156,0.0,0.111111,0.564444,0.0,0.0,0.477057,0.108,NU
2025-12-28,0.051988,0.0,0.0,0.288824,0.0,0.0,0.48763,0.102,NU
2026-01-11,0.131525,0.024096,0.13253,0.42012,0.0,0.036145,0.47496,0.498,NU
2026-01-25,0.349806,0.0,0.5,0.637813,0.0,0.3125,0.466456,0.096,NU
2026-02-08,0.079425,0.0,0.0,0.44125,0.0,0.0,0.490048,0.048,NU
2026-02-22,0.7642424196004867,0.7777777910232544,0.747474730014801,0.8434343338012695,0.08585858345031738,0.9747474789619446,0.49501,0.5505,NU
2026-03-08,0.5029999984800816,0.5523809790611267,0.8047618865966797,0.05238095298409462,0.9857142567634583,0.06190476194024086,0.487124,0.5505,NU
2026-03-22,0.108,0.0,0.0,0.6,0.0,0.0,0.459384,0.006,NU
2026-04-05,0.4033,0.0,0.5,0.685,0.0,0.5,0.483513,0.072,NU
2026-04-19,0.6251295495033263,0.5077720284461975,0.5699481964111328,0.6476684212684631,0.8549222946166992,0.6476684212684631,0.45931,0.5505,NU
2026-05-31,0.215642,0.0,0.289474,0.554737,0.0,0.096491,0.47236,0.6,NU
2026-06-14,0.0712,0.0,0.0,0.395556,0.0,0.0,0.472514,0.054,NU
2026-07-12,0.42989131063222885,0.532608687877655,0.17391304671764374,0.64673912525177,0.34239131212234497,0.5163043737411499,0.493605,0.5505,NU
2026-07-26,0.5736363554000854,0.5026738047599792,0.7540106773376465,0.3903743326663971,0.9304812550544739,0.26737967133522034,0.468869,0.5505,NU
2026-08-09,0.1326,0.0,0.142857,0.427143,0.142857,0.0,0.479927,0.042,NU
2026-08-23,0.165173,0.0,0.181818,0.473182,0.0,0.090909,0.485633,0.066,NU
2026-09-06,0.7768393754959106,0.8290155529975891,0.7616580128669739,0.7668393850326538,0.8549222946166992,0.6165803074836731,0.484812,0.5505,NU
2026-09-20,0.3432323187589645,0.20202019810676575,0.15656565129756927,0.6262626051902771,0.3181818127632141,0.560606062412262,0.491846,0.5505,NU
2026-10-02,0.7201731586456299,0.6796537041664124,0.6580086350440979,0.4848484992980957,0.7965368032455444,0.9134199023246765,0.482858,0.5505,NU
2025-10-05,0.118339,0.0,0.073171,0.462317,0.0,0.04878,0.504631,0.246,BN
2025-10-19,0.115615,0.0,0.074074,0.411852,0.0,0.074074,0.519561,0.162,BN
2025-11-02,0.5144059503078461,0.2574257552623749,0.594059407711029,0.5247524976730347,0.9207921028137207,0.46039605140686035,0.484147,0.6,BN
2025-11-16,0.39913043260574343,0.7971014380455017,0.019323671236634254,0.5265700221061707,0.2801932394504547,0.4975845515727997,0.49793,0.6,BN
2025-11-30,0.097618,0.045455,0.0,0.491818,0.0,0.0,0.485843,0.132,BN
2025-12-14,0.091292,0.0,0.033613,0.440882,0.016807,0.0,0.489368,0.6,BN
2025-12-28,0.176969,0.040816,0.204082,0.493367,0.0,0.061224,0.491766,0.294,BN
2026-01-11,0.25297,0.08,0.32,0.6065,0.02,0.1,0.488145,0.3,BN
2026-01-25,0.256582,0.0,0.411765,0.615,0.0,0.058824,0.491906,0.102,BN
2026-02-08,0.201856,0.0,0.326923,0.488942,0.0,0.038462,0.490288,0.312,BN
2026-02-22,0.5427272748947144,0.4292929172515869,0.6414141654968262,0.5202020406723022,0.7373737096786499,0.36868685483932495,0.49959,0.6,BN
2026-03-08,0.5837619125843048,0.5809524059295654,0.5095238089561462,0.6000000238418579,0.8380952477455139,0.5285714268684387,0.511603,0.6,BN
2026-03-22,0.185465,0.058824,0.176471,0.494412,0.0,0.117647,0.508503,0.102,BN
2026-04-05,0.04944,0.0,0.0,0.274667,0.0,0.0,0.515481,0.09,BN
2026-04-19,0.7241968753933907,0.8860103487968445,0.8704662919044495,0.8963730335235596,0.9792746305465698,0.05181347206234932,0.476878,0.6,BN
2026-05-03,0.7002061903476715,0.7525773048400879,0.8917526006698608,0.876288652420044,0.6855670213699341,0.12371134012937546,0.467151,0.6,BN
2026-05-17,0.072975,0.0,0.0,0.405417,0.0,0.0,0.506591,0.072,BN
2026-05-31,0.254238,0.0,0.378378,0.574595,0.054054,0.108108,0.48244,0.222,BN
2026-06-14,0.222005,0.05,0.2,0.62225,0.0,0.15,0.485758,0.12,BN
2026-06-28,0.8277889305353164,0.8542713522911072,0.7185929417610168,0.7839195728302002,0.9145728349685669,0.8643215894699097,0.485953,0.6,BN
2026-07-12,0.07652173724025488,0.14130434393882751,0.027173912152647972,0.06521739065647125,0.027173912152647972,0.07065217196941376,0.515866,0.6,BN
2026-07-26,0.37320855498313904,0.3903743326663971,0.51871657371521,0.06951871514320374,0.866310179233551,0.07486630976200104,0.498253,0.6,BN
2026-08-09,0.276622,0.0,0.35,0.595125,0.05,0.225,0.47668,0.24,BN
2026-08-23,0.155561,0.0,0.156863,0.480784,0.0,0.078431,0.49441,0.306,BN
2026-09-06,0.6816580170392991,0.772020697593689,0.8756476640701294,0.772020697593689,0.9222797751426697,0.06735751032829285,0.471572,0.6,BN
2026-09-20,0.596565667539835,0.4747474789619446,0.6818181872367859,0.12121212482452393,0.9343434572219849,0.7020202279090881,0.504108,0.6,BN
2026-10-02,0.7145454451628029,0.9826839566230774,1.0,0.9826839566230774,0.021645022556185722,0.0476190485060215,0.499977,0.6,BN
2025-10-05,0.7592708283662796,0.75,0.7552083134651184,0.875,0.8385416865348816,0.5625,0.875,0.4082,FRA
2025-11-16,0.2869565235823393,0.07246376574039459,0.16908212006092072,0.6570048332214355,0.08212560415267944,0.5169082283973694,0.1111111119389534,0.4082,FRA
2025-11-30,0.6891044798493386,0.4079602062702179,0.7562189102172852,0.6616915464401245,0.8059701323509216,0.9701492786407471,0.20398010313510895,0.4082,FRA
2025-12-28,0.3986734562367201,0.6785714030265808,0.040816325694322586,0.6530612111091614,0.10204081982374191,0.5510203838348389,0.4642857015132904,0.4082,FRA
2026-01-11,0.20602040575817226,0.005102040711790323,0.020408162847161293,0.41326531767845154,0.10204081982374191,0.5306122303009033,0.19897958636283875,0.4082,FRA
2026-01-25,0.5941361194849015,0.5130890011787415,0.5706806182861328,0.727748692035675,0.717277467250824,0.5445026159286499,0.5078533887863159,0.4082,FRA
2026-02-22,0.39606059424579143,0.14141413569450378,0.3787878751754761,0.6868686676025391,0.09595959633588791,0.5050504803657532,0.5404040217399597,0.4082,FRA
2026-03-22,0.4413513444364071,0.7135134935379028,0.11891891807317734,0.6594594717025757,0.2918919026851654,0.5891891717910767,0.2702702581882477,0.4082,FRA
2026-05-03,0.1415979355573654,0.030927835032343864,0.06185567006468773,0.17525772750377655,0.11855670064687729,0.17010308802127838,0.5154638886451721,0.4082,FRA
2026-05-17,0.5718274086713792,0.4467005133628845,0.7918781638145447,0.3147208094596863,0.9492385983467102,0.31979694962501526,0.4771573543548584,0.4082,FRA
2026-05-31,0.5629797989130021,0.6161616444587708,0.7323232293128967,0.7979797720909119,0.08585858345031738,0.1818181872367859,0.4040403962135315,0.4082,FRA
2026-06-28,0.5972864243388175,0.37185928225517273,0.7085427045822144,0.18592964112758636,0.7989949584007263,0.9547738432884216,0.08542713522911072,0.4082,FRA
2026-07-12,0.7953804244101048,0.9945651888847351,0.9619565010070801,0.95652174949646,1.0,0.18478260934352875,0.07065217196941376,0.4082,FRA
2026-07-26,0.8007486617565155,0.9946523904800415,1.0,0.9839572310447693,0.5882353186607361,0.1925133615732193,0.5775400996208191,0.4082,FRA
2026-10-02,0.7041991263628006,0.7922077775001526,0.8138527870178223,0.7489177584648132,0.8441558480262756,0.25974026322364807,0.9696969985961914,0.4082,FRA
2024-12-29,0.7005581275373697,0.7116279006004333,0.8883720636367798,0.8418604731559753,0.11627907305955887,0.46046510338783264,0.8418604731559753,0.0062,PER
2026-03-22,0.09,0.0,0.0,0.5,0.0,0.0,0.472789,0.006,PF
2026-05-31,0.027,0.0,0.0,0.15,0.0,0.0,0.493802,0.006,PF
2026-10-02,0.7001731598377228,0.7445887327194214,0.9090909361839294,0.8614718317985535,0.21645021438598633,0.2943722903728485,0.496399,0.0186,PF
2025-10-05,0.17582,0.027778,0.163889,0.511653,0.005556,0.105556,0.476707,0.6,IR
2025-10-19,0.166083,0.026455,0.15873,0.501019,0.029101,0.074074,0.478515,0.6,IR
2025-11-02,0.6044059458374977,0.6683168411254883,0.5742574334144592,0.11386138945817947,0.7326732873916626,0.7178217768669128,0.484988,0.6,IR
2025-11-16,0.4786956539750099,0.37681159377098083,0.4396135210990906,0.1111111119389534,0.39613527059555054,0.695652186870575,0.482804,0.6,IR
2025-11-30,0.194056,0.002653,0.212202,0.506618,0.037135,0.132626,0.485858,0.6,IR
2025-12-14,0.198715,0.020741,0.21037,0.539444,0.019259,0.12,0.478063,0.6,IR
2025-12-28,0.190246,0.005017,0.19398,0.531839,0.013378,0.12709,0.477629,0.6,IR
2026-01-11,0.197518,0.082246,0.164492,0.573151,0.021554,0.098979,0.469316,0.6,IR
2026-01-25,0.244732,0.042208,0.269481,0.59181,0.043019,0.168831,0.46944,0.6,IR
2026-02-08,0.146221,0.012302,0.130053,0.469016,0.018161,0.068541,0.485154,0.6,IR
2026-02-22,0.8550000035762786,0.9191918969154358,0.7777777910232544,0.9040403962135315,0.6666666865348816,0.7777777910232544,0.479486,0.6,IR
2026-03-08,0.8135714119672774,0.8619047403335571,0.776190459728241,0.8619047403335571,0.4238095283508301,0.7571428418159485,0.479227,0.6,IR
2026-03-22,0.230329,0.015497,0.232461,0.587277,0.017997,0.191135,0.476651,0.6,IR
2026-04-05,0.227706,0.005887,0.24282,0.559295,0.01637,0.195864,0.479543,0.6,IR
2026-04-19,0.6898445570468903,0.6787564754486084,0.7046632170677185,0.2746114134788513,0.6373056769371033,0.7979274392127991,0.480011,0.6,IR
2026-05-03,0.7805670070648194,0.7886598110198975,0.7216494679450989,0.8092783689498901,0.6082473993301392,0.7525773048400879,0.481971,0.6,IR
2026-05-17,0.162544,0.006805,0.140913,0.502146,0.017214,0.102082,0.48206,0.6,IR
2026-05-31,0.191881,0.007403,0.189636,0.529305,0.027335,0.135535,0.483875,0.6,IR
2026-06-14,0.140103,0.013459,0.104225,0.466928,0.014397,0.079186,0.488628,0.6,IR
2026-06-28,0.8310552790760994,0.9045225977897644,0.8592965006828308,0.8994975090026855,0.37185928225517273,0.6683416962623596,0.480214,0.6,IR
2026-07-12,0.8471195691823958,0.9130434989929199,0.8152173757553101,0.864130437374115,0.385869562625885,0.8097826242446899,0.479895,0.6,IR
2026-07-26,0.7348128372430801,0.7219251394271851,0.7005347609519958,0.7433155179023743,0.5775400996208191,0.7005347609519958,0.480739,0.6,IR
2026-08-09,0.179831,0.013998,0.166853,0.50472,0.013438,0.132699,0.483584,0.6,IR
2026-08-23,0.158213,0.009174,0.146249,0.499817,0.037777,0.070696,0.48026,0.6,IR
2026-09-06,0.9241450759768486,0.9740932583808899,0.9378238320350647,0.9637305736541748,0.39896371960639954,0.8601036071777344,0.473917,0.6,IR
2026-09-20,0.6806565600633622,0.7828282713890076,0.6616161465644836,0.2626262605190277,0.7222222089767456,0.691919207572937,0.481083,0.6,IR
2026-10-02,0.6987012895941734,0.7662337422370911,0.6147186160087585,0.8181818127632141,0.380952388048172,0.6233766078948975,0.482196,0.6,IR
2025-10-05,0.188007,0.0,0.178571,0.488929,0.0,0.178571,0.488322,0.168,DJ
2025-10-19,0.087319,0.0,0.037037,0.419259,0.0,0.0,0.492982,0.162,DJ
2025-11-02,0.47950494647026065,0.23762376606464386,0.5792078971862793,0.5,0.9009901285171509,0.3910891115665436,0.503385,0.5814,DJ
2025-11-16,0.4393719765543938,0.30434781312942505,0.5072463750839233,0.48792269825935364,0.22705313563346863,0.37681159377098083,0.485963,0.5814,DJ
2025-11-30,0.097842,0.0,0.069767,0.419535,0.0,0.0,0.479631,0.258,DJ
2025-12-14,0.061465,0.0,0.0,0.341471,0.0,0.0,0.4925,0.102,DJ
2025-12-28,0.109613,0.0,0.067308,0.463125,0.067308,0.0,0.487761,0.6,DJ
2026-01-11,0.072432,0.0,0.0,0.4024,0.0,0.0,0.500849,0.15,DJ
2026-01-25,0.156845,0.0,0.1,0.56025,0.0,0.1,0.485826,0.12,DJ
2026-02-08,0.074625,0.0,0.0,0.414583,0.0,0.0,0.504692,0.216,DJ
2026-02-22,0.42176767721772196,0.21717171370983124,0.47979798913002014,0.49494948983192444,0.07070706784725189,0.5858585834503174,0.501197,0.5814,DJ
2026-03-08,0.679714289456606,0.5666666626930237,0.7333333492279053,0.6238095164299011,0.2142857164144516,0.8904761672019958,0.491736,0.5814,DJ
2026-03-22,0.224912,0.058824,0.235294,0.563235,0.117647,0.117647,0.478378,0.102,DJ
2026-04-05,0.124168,0.0,0.058824,0.546029,0.0,0.029412,0.477598,0.204,DJ
2026-04-19,0.7808290100097657,0.9274611473083496,0.9326424598693848,0.9067357778549194,0.9481865167617798,0.21761657297611237,0.485335,0.5814,DJ
2026-05-03,0.26927834637463094,0.2164948433637619,0.36082473397254944,0.24742268025875092,0.08762886375188828,0.20618556439876556,0.486589,0.5814,DJ
2026-05-17,0.148825,0.0,0.142857,0.449821,0.071429,0.071429,0.492889,0.168,DJ
2026-05-31,0.07125,0.0,0.0,0.395833,0.0,0.0,0.49776,0.144,DJ
2026-06-14,0.069464,0.0,0.0,0.385909,0.0,0.0,0.499373,0.132,DJ
2026-06-28,0.2673869347572327,0.21608039736747742,0.4271356761455536,0.12060301750898361,0.12562814354896545,0.12060301750898361,0.492689,0.5814,DJ
2026-07-12,0.508804352581501,0.41847825050354004,0.7663043737411499,0.15217390656471252,0.9510869383811951,0.23369565606117249,0.49653,0.5814,DJ
2026-07-26,0.9227272748947144,0.9411764740943909,0.8823529481887817,0.9358288645744324,0.8288770318031311,0.9358288645744324,0.478058,0.5814,DJ
2026-08-09,0.266018,0.0,0.292453,0.61467,0.009434,0.254717,0.480831,0.6,DJ
2026-08-23,0.227575,0.0,0.25,0.53375,0.05,0.2,0.485974,0.12,DJ
2026-09-06,0.9287046769261361,0.9274611473083496,0.9689119458198547,0.9896373152732849,0.40414509177207947,0.9948186278343201,0.478238,0.5814,DJ
2026-09-20,0.5782828342914581,0.6060606241226196,0.6010100841522217,0.24242424964904785,0.4747474789619446,0.6161616444587708,0.485313,0.5814,DJ
2026-10-02,0.6880519470572471,0.7229437232017517,0.7705627679824829,0.16017316281795502,0.37662336230278015,0.7705627679824829,0.48683,0.5814,DJ
2025-10-05,0.7334375116229057,0.8229166865348816,0.6197916865348816,0.8020833134651184,0.3802083432674408,0.7447916865348816,0.8020833134651184,0.6,USA
2025-10-19,0.8987301647663117,0.8518518805503845,0.9259259104728699,0.9470899701118469,0.5555555820465088,0.8783068656921387,0.9470899701118469,0.6,USA
2025-11-02,0.7000495034456253,0.49504950642585754,0.7376237511634827,0.7277227640151978,0.5,0.7623762488365173,0.7277227640151978,0.6,USA
2025-11-16,0.6561835664510727,0.6038647294044495,0.6763284802436829,0.24637681245803833,0.782608687877655,0.7246376872062683,0.729468584060669,0.6,USA
2025-11-30,0.8153233820199965,0.6965174078941345,0.8308457732200623,0.8656716346740723,0.5522388219833374,0.8358209133148193,0.8656716346740723,0.6,USA
2025-12-14,0.909441618323326,0.8578680157661438,0.9644669890403748,0.9390863180160522,0.893401026725769,0.7461928725242615,0.9390863180160522,0.6,USA
2025-12-28,0.5953061145544052,0.4234693944454193,0.6581632494926453,0.2602040767669678,0.581632673740387,0.7857142686843872,0.5255101919174194,0.6,USA
2026-01-11,0.7811734908819199,0.6938775777816772,0.8163265585899353,0.8367347121238708,0.5867347121238708,0.7244898080825806,0.8367347121238708,0.6,USA
2026-01-25,0.7319371628761292,0.6439790725708008,0.753926694393158,0.8062826991081238,0.6282722353935242,0.6544502377510071,0.8062826991081238,0.6,USA
2026-02-08,0.5799492257833481,0.6802030205726624,0.7563451528549194,0.2588832378387451,0.7868020534515381,0.23350253701210022,0.7512690424919128,0.6,USA
2026-02-22,0.7582323199510574,0.5555555820465088,0.7727272510528564,0.7828282713890076,0.560606062412262,0.8535353541374207,0.7828282713890076,0.6,USA
2026-03-08,0.7302857148647308,0.5714285969734192,0.6809523701667786,0.7285714149475098,0.7095237970352173,0.8285714387893677,0.7285714149475098,0.6,USA
2026-03-22,0.8504324400424956,0.7783783674240112,0.8810811042785645,0.8486486673355103,0.7729730010032654,0.7783783674240112,0.8486486673355103,0.6,USA
2026-04-05,0.781894744038582,0.8105263113975525,0.7157894968986511,0.8157894611358643,0.5789473652839661,0.7631579041481018,0.6736842393875122,0.6,USA
2026-04-19,0.8649740844964982,0.9119170904159546,0.8134714961051941,0.9326424598693848,0.4818652868270874,0.9326424598693848,0.6891191601753235,0.6,USA
2026-05-03,0.806752582192421,0.6855670213699341,0.8195876479148865,0.8041236996650696,0.6494845151901245,0.9329897165298462,0.5721649527549744,0.6,USA
2026-05-17,0.7853299409151077,0.6598984599113464,0.8020304441452026,0.7614213228225708,0.5736040472984314,0.9086294174194336,0.6497461795806885,0.6,USA
2026-05-31,0.8416161710023881,0.752525269985199,0.8636363744735718,0.7878788113594055,0.747474730014801,0.939393937587738,0.6868686676025391,0.6,USA
2026-06-14,0.8141450911760331,0.6476684212684631,0.8549222946166992,0.8134714961051941,0.7357512712478638,0.8082901835441589,0.6373056769371033,0.6,USA
2026-06-28,0.7880401903390886,0.6934673190116882,0.7989949584007263,0.7185929417610168,0.7035176157951355,0.8341708779335022,0.5025125741958618,0.6,USA
2026-07-12,0.7882065302133561,0.6847826242446899,0.79347825050354,0.8097826242446899,0.60326087474823,0.7880434989929199,0.6739130616188049,0.6,USA
2026-07-26,0.6729946517944335,0.6577540040016174,0.48128342628479004,0.7540106773376465,0.48128342628479004,0.8235294222831726,0.6791443824768066,0.6,USA
2026-08-09,0.7170053404569625,0.6096256971359253,0.7540106773376465,0.7540106773376465,0.34224599599838257,0.7326202988624573,0.6096256971359253,0.6,USA
2026-08-23,0.8154098337888718,0.7759562730789185,0.7377049326896667,0.8415300250053406,0.6775956153869629,0.8306010961532593,0.8633880019187927,0.6,USA
2026-09-06,0.7743523368239403,0.621761679649353,0.8290155529975891,0.7357512712478638,0.6424870491027832,0.8341968655586243,0.39896371960639954,0.6,USA
2026-09-20,0.8262121278047563,0.7626262903213501,0.8131313323974609,0.747474730014801,0.8333333134651184,0.8484848737716675,0.6868686676025391,0.6,USA
2026-10-02,0.6878354942798616,0.5281385183334351,0.6753246784210205,0.5714285969734192,0.6233766078948975,0.826839804649353,0.6623376607894897,0.6,USA
2025-10-05,0.24703,0.0,0.276596,0.564468,0.010638,0.234043,0.472692,0.564,WE
2025-10-19,0.340036,0.0,0.452381,0.661905,0.005952,0.315476,0.47047,0.6,WE
2025-11-02,0.9055445659160614,0.9207921028137207,0.9108911156654358,0.905940592288971,0.5495049357414246,0.9554455280303955,0.46508,0.6,WE
2025-11-16,0.859855059981346,0.8792270421981812,0.8260869383811951,0.9227052927017212,0.3719806671142578,0.9033816456794739,0.462095,0.6,WE
2025-11-30,0.270085,0.0,0.334906,0.585118,0.014151,0.235849,0.471035,0.6,WE
2025-12-14,0.269321,0.0,0.307692,0.569731,0.0,0.284615,0.486141,0.6,WE
2025-12-28,0.378379,0.0,0.508621,0.688793,0.008621,0.37931,0.466022,0.6,WE
2026-01-11,0.257326,0.0,0.312,0.58692,0.0,0.216,0.470202,0.6,WE
2026-01-25,0.47554,0.0,0.625668,0.781818,0.016043,0.55615,0.460253,0.6,WE
2026-02-08,0.29388,0.0,0.342541,0.603812,0.0,0.314917,0.46363,0.6,WE
2026-02-22,0.8489393973350524,0.808080792427063,0.8484848737716675,0.8181818127632141,0.6262626051902771,0.9343434572219849,0.475265,0.6,WE
2026-03-08,0.944095228612423,0.9952380657196045,1.0,1.0,0.4476190507411957,0.7666666507720947,0.460547,0.6,WE
2026-03-22,0.459518,0.004016,0.578313,0.785141,0.004016,0.550201,0.465249,0.6,WE
2026-04-05,0.469501,0.027586,0.62069,0.757,0.0,0.537931,0.465647,0.6,WE
2026-04-19,0.653419694006443,0.4300518035888672,0.6580311059951782,0.6839378476142883,0.5284973978996277,0.8808290362358093,0.471035,0.6,WE
2026-05-03,0.9593814492225646,0.969072163105011,0.9793814420700073,0.9845361113548279,0.6443299055099487,0.8711340427398682,0.46413,0.6,WE
2026-05-17,0.433375,0.0,0.565714,0.7324,0.017143,0.497143,0.457685,0.6,WE
2026-05-31,0.467239,0.0,0.631579,0.772675,0.026316,0.517544,0.464727,0.6,WE
2026-06-14,0.296938,0.0,0.392405,0.614494,0.0,0.253165,0.469891,0.474,WE
2026-06-28,0.9305527728796006,0.8793969750404358,0.9396985173225403,0.9648241400718689,0.733668327331543,0.9597989916801453,0.45432,0.6,WE
2026-07-12,0.7295108753442765,0.760869562625885,0.6739130616188049,0.4945652186870575,0.64673912525177,0.9619565010070801,0.478159,0.6,WE
2026-07-26,0.9732085633277894,0.9679144620895386,0.9679144620895386,0.9732620120048523,0.9358288645744324,0.9839572310447693,0.463343,0.6,WE
2026-08-09,0.27589,0.004878,0.321951,0.601829,0.004878,0.263415,0.472967,0.6,WE
2026-08-23,0.39548,0.0,0.509158,0.711355,0.010989,0.432234,0.467065,0.6,WE
2026-09-06,0.9089637362957002,0.8911917209625244,0.9170984625816345,0.9222797751426697,0.6580311059951782,0.9689119458198547,0.47836,0.6,WE
2026-09-20,0.9695959669351577,0.9494949579238892,0.9949495196342468,1.0,0.7373737096786499,0.9242424368858337,0.461121,0.6,WE
2026-10-02,0.6810822558403016,0.7878788113594055,0.8658008575439453,0.5930736064910889,0.5541125535964966,0.3333333432674408,0.475119,0.6,WE
2025-10-05,0.075186,0.0,0.071429,0.290714,0.0,0.0,0.505692,0.084,MN
2025-10-19,0.1919,0.0,0.181818,0.500455,0.0,0.181818,0.519262,0.066,MN
2025-11-16,0.0745893706381321,0.13526569306850433,0.05314009636640549,0.009661835618317127,0.05314009636640549,0.05314009636640549,0.522506,0.4763,MN
2025-11-30,0.0738,0.0,0.0,0.41,0.0,0.0,0.508947,0.024,MN
2025-12-14,0.415,0.0,0.5,0.75,0.0,0.5,0.465823,0.012,MN
2025-12-28,0.08244,0.0,0.0,0.458,0.0,0.0,0.491434,0.03,MN
2026-01-11,0.08082,0.0,0.0,0.449,0.0,0.0,0.504711,0.03,MN
2026-02-08,0.0747,0.0,0.0,0.415,0.0,0.0,0.562189,0.012,MN
2026-02-22,0.0594,0.0,0.0,0.33,0.0,0.0,0.51138,0.018,MN
2026-03-08,0.7346190345659852,0.9285714030265808,0.976190447807312,0.9047619104385376,0.9809523820877075,0.014285714365541935,0.504479,0.4763,MN
2026-03-22,0.181682,0.0,0.294118,0.486471,0.0,0.0,0.509677,0.102,MN
2026-04-05,0.336928,0.0,0.388889,0.661944,0.0,0.388889,0.493807,0.108,MN
2026-05-03,0.7426804146915675,0.9639175534248352,0.7422680258750916,0.8814433217048645,0.9278350472450256,0.35567009449005127,0.503697,0.4763,MN
2026-05-17,0.039319,0.0,0.0,0.218437,0.0,0.0,0.505055,0.096,MN
2026-05-31,0.067029,0.0,0.0,0.372381,0.0,0.0,0.526418,0.126,MN
2026-06-14,0.072573,0.0,0.0,0.403182,0.0,0.0,0.50941,0.066,MN
2026-06-28,0.21683416590094567,0.07035175710916519,0.1306532621383667,0.3467336595058441,0.22110553085803986,0.3467336595058441,0.501482,0.4763,MN
2026-08-09,0.076612,0.0,0.0,0.425625,0.0,0.0,0.517597,0.048,MN
2026-08-23,0.101286,0.0,0.047619,0.459524,0.047619,0.0,0.499662,0.126,MN
2026-09-06,0.36207253716886045,0.6528497338294983,0.12435232847929001,0.3730570077896118,0.20725388824939728,0.42487046122550964,0.501675,0.4763,MN
2026-09-20,0.3681313094496727,0.24242424964904785,0.5151515007019043,0.34343433380126953,0.2222222238779068,0.2626262605190277,0.508986,0.4763,MN
2026-10-02,0.6760173156857491,0.7705627679824829,0.7229437232017517,0.9004328846931458,0.21212121844291687,0.44155845046043396,0.507313,0.4763,MN
2023-01-29,0.7697883647680283,0.7407407164573669,0.8518518805503845,0.16931216418743134,0.9523809552192688,0.9312169551849365,0.5449735522270203,0.0124,LBN
2023-03-12,0.6750000082328914,0.953125,0.8229166865348816,0.859375,0.0572916679084301,0.1510416716337204,0.859375,0.0124,LBN
2025-10-05,0.150291,0.011928,0.135189,0.466938,0.007952,0.083499,0.4877,0.6,SF
2025-10-19,0.188128,0.011494,0.181609,0.515908,0.009195,0.142529,0.490995,0.6,SF
2025-11-02,0.48331683278083803,0.35148516297340393,0.4207920730113983,0.4108910858631134,0.5841584205627441,0.594059407711029,0.482989,0.6,SF
2025-11-16,0.5508212593197823,0.47826087474823,0.4299516975879669,0.3671497702598572,0.483091801404953,0.8115941882133484,0.486106,0.6,SF
2025-11-30,0.157185,0.008562,0.143836,0.490163,0.015411,0.083904,0.487251,0.6,SF
2025-12-14,0.148772,0.003992,0.135729,0.478762,0.015968,0.071856,0.489425,0.6,SF
2025-12-28,0.16893,0.002825,0.146893,0.523559,0.0,0.112994,0.482114,0.6,SF
2026-01-11,0.176129,0.006452,0.165591,0.519118,0.015054,0.113978,0.485276,0.6,SF
2026-01-25,0.143647,0.008357,0.116992,0.486058,0.033426,0.061281,0.483909,0.6,SF
2026-02-08,0.138974,0.001678,0.120805,0.444522,0.003356,0.082215,0.491905,0.6,SF
2026-02-22,0.7519191926717759,0.747474730014801,0.7424242496490479,0.3787878751754761,0.7878788113594055,0.8737373948097229,0.484593,0.6,SF
2026-03-08,0.6250000005960464,0.4714285731315613,0.6428571343421936,0.3571428656578064,0.5714285969734192,0.938095211982727,0.49568,0.6,SF
2026-03-22,0.133331,0.002273,0.104545,0.452216,0.015909,0.070455,0.493335,0.6,SF
2026-04-05,0.181477,0.0,0.181416,0.512876,0.004425,0.128319,0.482399,0.6,SF
2026-04-19,0.9220207166671752,0.9326424598693848,0.9015544056892395,0.9481865167617798,0.6994818449020386,0.8860103487968445,0.47581,0.6,SF
2026-05-03,0.5201030910015106,0.3505154550075531,0.4329896867275238,0.530927836894989,0.4484536051750183,0.6443299055099487,0.48203,0.6,SF
2026-05-17,0.146163,0.021226,0.108491,0.487724,0.002358,0.080189,0.486801,0.6,SF
2026-05-31,0.165636,0.003854,0.159923,0.48764,0.013487,0.104046,0.485119,0.6,SF
2026-06-14,0.157823,0.026012,0.140173,0.492399,0.00578,0.078035,0.483705,0.6,SF
2026-06-28,0.6203015184402466,0.713567852973938,0.5829145908355713,0.4874371886253357,0.6733668446540833,0.4874371886253357,0.483394,0.6,SF
2026-07-12,0.6583152079582214,0.6195651888847351,0.5760869383811951,0.58152174949646,0.7336956262588501,0.717391312122345,0.485268,0.6,SF
2026-07-26,0.683636366724968,0.6951871514320374,0.6203208565711975,0.6631016135215759,0.6470588445663452,0.6631016135215759,0.48286,0.6,SF
2026-08-09,0.152511,0.025362,0.134058,0.481341,0.007246,0.072464,0.484845,0.6,SF
2026-08-23,0.133987,0.002415,0.103865,0.459481,0.002415,0.072464,0.488056,0.6,SF
2026-09-06,0.6038859963417054,0.4818652868270874,0.49740931391716003,0.5388600826263428,0.6373056769371033,0.7979274392127991,0.490566,0.6,SF
2026-09-20,0.694141418337822,0.631313145160675,0.6464646458625793,0.4898989796638489,0.6161616444587708,0.8434343338012695,0.483946,0.6,SF
2026-10-02,0.6711688381433487,0.6190476417541504,0.6060606241226196,0.709956705570221,0.4588744640350342,0.7445887327194214,0.489196,0.6,SF
2025-10-05,0.087758,0.0,0.056604,0.37434,0.0,0.009434,0.503981,0.6,MU
2025-10-19,0.094559,0.0,0.042254,0.393873,0.0,0.042254,0.510957,0.426,MU
2025-11-02,0.23950495690107348,0.20297029614448547,0.3564356565475464,0.049504950642585754,0.5544554591178894,0.06435643881559372,0.501931,0.6,MU
2025-11-16,0.17516908183693886,0.23671497404575348,0.22705313563346863,0.019323671236634254,0.5024154782295227,0.05797101557254791,0.51211,0.6,MU
2025-11-30,0.120502,0.0,0.08,0.4339,0.0,0.07,0.503885,0.6,MU
2025-12-14,0.09873,0.0,0.064935,0.393377,0.012987,0.025974,0.509614,0.462,MU
2025-12-28,0.076109,0.0,0.018519,0.389907,0.0,0.0,0.517218,0.324,MU
2026-01-11,0.06891,0.0,0.015385,0.3495,0.015385,0.0,0.515116,0.6,MU
2026-01-25,0.081145,0.0,0.036145,0.370482,0.0,0.012048,0.51919,0.498,MU
2026-02-08,0.099958,0.0,0.080268,0.382893,0.053512,0.006689,0.495097,0.6,MU
2026-02-22,0.36151514992117884,0.25757575035095215,0.23232322931289673,0.0555555559694767,0.4141414165496826,0.7070707082748413,0.493654,0.6,MU
2026-03-08,0.1705714313685894,0.1428571492433548,0.20476190745830536,0.09047619253396988,0.4047619104385376,0.02857142873108387,0.484987,0.6,MU
2026-03-22,0.127062,0.0,0.1,0.43275,0.016667,0.066667,0.480272,0.36,MU
2026-04-05,0.104112,0.0,0.057471,0.403218,0.003831,0.05364,0.49128,0.6,MU
2026-04-19,0.841502588391304,1.0,1.0,1.0,0.3471502661705017,0.3678756356239319,0.4869,0.6,MU
2026-05-03,0.30592782840132715,0.13917525112628937,0.23711340129375458,0.3865979313850403,0.24226804077625275,0.36082473397254944,0.492174,0.6,MU
2026-05-17,0.087494,0.0,0.05618,0.366854,0.011236,0.011236,0.500509,0.534,MU
2026-05-31,0.089934,0.0,0.051282,0.395171,0.034188,0.0,0.499639,0.6,MU
2026-06-14,0.141162,0.087819,0.07932,0.467266,0.016997,0.053824,0.486765,0.6,MU
2026-06-28,0.7736683312058449,0.9547738432884216,0.8894472122192383,0.9597989916801453,0.35175880789756775,0.3366834223270416,0.492153,0.6,MU
2026-07-12,0.5649456602334977,0.6739130616188049,0.5054348111152649,0.239130437374115,0.44565218687057495,0.6195651888847351,0.481542,0.6,MU
2026-07-26,0.31368983492255215,0.15508021414279938,0.3850267231464386,0.3957219123840332,0.30481284856796265,0.2513369023799896,0.488324,0.6,MU
2026-08-09,0.094852,0.009967,0.043189,0.425814,0.0,0.009967,0.491864,0.6,MU
2026-08-23,0.141863,0.0,0.138462,0.429154,0.0,0.084615,0.494476,0.6,MU
2026-09-06,0.28601035937666897,0.11398963630199432,0.25388601422309875,0.36269429326057434,0.21243523061275482,0.43523314595222473,0.505181,0.6,MU
2026-09-20,0.3734343458712101,0.17676767706871033,0.22727273404598236,0.3484848439693451,0.35353535413742065,0.7070707082748413,0.493686,0.6,MU
2026-10-02,0.6663636380434036,0.6060606241226196,0.701298713684082,0.48917749524116516,0.8528138399124146,0.5974025726318359,0.485688,0.6,MU
2025-10-05,0.6849479117989541,0.4375,0.6927083134651184,0.6875,0.671875,0.8697916865348816,0.6041666865348816,0.6,GBR
2025-10-19,0.7225396901369094,0.6084656119346619,0.6984127163887024,0.6402116417884827,0.8465608358383179,0.8518518805503845,0.43386244773864746,0.6,GBR
2025-11-02,0.913712862432003,0.9752475023269653,0.9950494766235352,0.9900990128517151,0.7722772359848022,0.6485148668289185,0.9900990128517151,0.6,GBR
2025-11-16,0.5437681168317796,0.26570048928260803,0.45410627126693726,0.6666666865348816,0.5314009785652161,0.8840579986572266,0.4202898442745209,0.6,GBR
2025-11-30,0.49592040419578554,0.4129353165626526,0.6268656849861145,0.6666666865348816,0.8557214140892029,0.12437810748815536,0.4129353165626526,0.6,GBR
2025-12-14,0.6139593863487244,0.5482233762741089,0.41624364256858826,0.6598984599113464,0.700507640838623,0.8121827244758606,0.5177664756774902,0.6,GBR
2025-12-28,0.5536734707653523,0.25,0.48469388484954834,0.6224489808082581,0.5,0.8979591727256775,0.5357142686843872,0.6,GBR
2026-01-11,0.5002040809392929,0.33673468232154846,0.47959184646606445,0.6275510191917419,0.6632652878761292,0.5102040767669678,0.3520408272743225,0.6,GBR
2026-01-25,0.4495288008451461,0.22513088583946228,0.2931937277317047,0.6335078477859497,0.3926701545715332,0.764397919178009,0.21989528834819794,0.6,GBR
2026-02-08,0.8194416201114654,0.7055837512016296,0.8324872851371765,0.7766497731208801,0.8629441857337952,0.913705587387085,0.7715736031532288,0.6,GBR
2026-02-22,0.6633838444948197,0.3888888955116272,0.631313145160675,0.7424242496490479,0.6616161465644836,0.8838383555412292,0.7424242496490479,0.6,GBR
2026-03-08,0.6773333299160004,0.6285714507102966,0.7285714149475098,0.8047618865966797,0.8333333134651184,0.4000000059604645,0.8047618865966797,0.6,GBR
2026-03-22,0.7157837837934495,0.5567567348480225,0.7405405640602112,0.6324324607849121,0.9243243336677551,0.7135134935379028,0.6648648381233215,0.6,GBR
2026-04-05,0.38636841356754303,0.44736841320991516,0.4263157844543457,0.17368420958518982,0.6684210300445557,0.19473683834075928,0.5052631497383118,0.6,GBR
2026-04-19,0.8705181407928468,0.7668393850326538,0.9170984625816345,0.8860103487968445,0.6839378476142883,0.9481865167617798,0.5440414547920227,0.6,GBR
2026-05-03,0.5302577286958694,0.469072163105011,0.6855670213699341,0.3195876181125641,0.8453608155250549,0.3195876181125641,0.4175257682800293,0.6,GBR
2026-05-17,0.7393401020765306,0.6192893385887146,0.8274111747741699,0.29949238896369934,0.8477157354354858,0.9543147087097168,0.6395938992500305,0.6,GBR
2026-05-31,0.6166161620616912,0.5252525210380554,0.6212121248245239,0.1666666716337204,0.5656565427780151,0.9797979593276978,0.6111111044883728,0.6,GBR
2026-06-14,0.6334196889400483,0.4818652868270874,0.6787564754486084,0.18134714663028717,0.8393782377243042,0.9015544056892395,0.5544041395187378,0.6,GBR
2026-06-28,0.5573869416117667,0.4170854389667511,0.48241207003593445,0.31658291816711426,0.5025125741958618,0.8693467378616333,0.41206029057502747,0.6,GBR
2026-07-12,0.7108695688843728,0.5760869383811951,0.6630434989929199,0.70652174949646,0.6902173757553101,0.9347826242446899,0.2663043439388275,0.6,GBR
2026-07-26,0.6506951794028283,0.7647058963775635,0.7914438247680664,0.7807486653327942,0.8502673506736755,0.13368983566761017,0.4117647111415863,0.6,GBR
2026-08-09,0.6468449166417123,0.5133689641952515,0.7005347609519958,0.1871657818555832,0.8502673506736755,0.8449198007583618,0.2513369023799896,0.6,GBR
2026-08-23,0.6467213088274003,0.5300546288490295,0.6666666865348816,0.19672131538391113,0.9180327653884888,0.7759562730789185,0.6284152865409851,0.6,GBR
2026-09-06,0.6147668457031251,0.49740931391716003,0.818652868270874,0.7564767003059387,0.787564754486084,0.17616580426692963,0.6580311059951782,0.6,GBR
2026-09-20,0.43000000819563866,0.21212121844291687,0.29797980189323425,0.3232323229312897,0.16161616146564484,0.7626262903213501,0.5757575631141663,0.6,GBR
2026-10-02,0.6655411207675935,0.4978354871273041,0.6969696879386902,0.25108224153518677,0.7748917937278748,0.8917748928070068,0.5324675440788269,0.6,GBR
2025-10-05,0.105065,0.02809,0.044944,0.42764,0.0,0.033708,0.494577,0.6,NL
2025-10-19,0.180774,0.0,0.190244,0.513512,0.02439,0.107317,0.491634,0.6,NL
2025-11-02,0.6122772341966629,0.6287128925323486,0.6386138796806335,0.07920791953802109,0.6237623691558838,0.7277227640151978,0.493438,0.6,NL
2025-11-16,0.9135748863220216,0.9420289993286133,0.9178743958473206,0.8647342920303345,0.95652174949646,0.748792290687561,0.483241,0.6,NL
2025-11-30,0.139656,0.013889,0.125,0.470694,0.006944,0.048611,0.491319,0.6,NL
2025-12-14,0.138828,0.013793,0.117241,0.444828,0.027586,0.068966,0.487524,0.6,NL
2025-12-28,0.169311,0.0,0.177632,0.464375,0.006579,0.118421,0.497662,0.6,NL
2026-01-11,0.131981,0.00813,0.113821,0.442805,0.00813,0.056911,0.490249,0.6,NL
2026-01-25,0.152758,0.0,0.143939,0.482917,0.022727,0.075758,0.484289,0.6,NL
2026-02-08,0.111758,0.0,0.06962,0.438038,0.0,0.044304,0.495286,0.6,NL
2026-02-22,0.6161616319417953,0.7070707082748413,0.6161616444587708,0.08585858345031738,0.8484848737716675,0.6414141654968262,0.494154,0.6,NL
2026-03-08,0.4735714374482632,0.3333333432674408,0.4476190507411957,0.03809523954987526,0.5809524059295654,0.723809540271759,0.489195,0.6,NL
2026-03-22,0.139955,0.023529,0.105882,0.459882,0.023529,0.070588,0.486732,0.6,NL
2026-04-05,0.129488,0.0,0.1125,0.42875,0.01875,0.0625,0.491072,0.6,NL
2026-04-19,0.7072538876533508,0.6010362505912781,0.6165803074836731,0.7461140155792236,0.5854922533035278,0.8704662919044495,0.488064,0.6,NL
2026-05-03,0.6718041187524795,0.48969072103500366,0.6804123520851135,0.6494845151901245,0.7577319741249084,0.7783505320549011,0.483426,0.6,NL
2026-05-17,0.08174,0.00128,0.029449,0.380986,0.010243,0.011524,0.511339,0.6,NL
2026-05-31,0.124808,0.010582,0.100529,0.458519,0.005291,0.031746,0.495766,0.6,NL
2026-06-14,0.127712,0.0,0.107438,0.452397,0.0,0.049587,0.492932,0.6,NL
2026-06-28,0.6525125554203988,0.7236180901527405,0.49246230721473694,0.8140703439712524,0.4522612988948822,0.6281406879425049,0.487943,0.6,NL
2026-07-12,0.44608696311712265,0.46739131212234497,0.45108696818351746,0.35326087474823,0.70652174949646,0.3804347813129425,0.493098,0.6,NL
2026-07-26,0.3208021335303784,0.07486630976200104,0.17112299799919128,0.3850267231464386,0.32085561752319336,0.6524063944816589,0.489406,0.6,NL
2026-08-09,0.15835,0.0,0.17757,0.473178,0.009346,0.065421,0.490077,0.6,NL
2026-08-23,0.133226,0.0,0.100592,0.503787,0.005917,0.04142,0.487525,0.6,NL
2026-09-06,0.6175647526979446,0.6632124185562134,0.7979274392127991,0.33678755164146423,0.7772020697593689,0.33678755164146423,0.495042,0.6,NL
2026-09-20,0.8989898949861528,0.8838383555412292,0.8383838534355164,0.9040403962135315,0.8939393758773804,0.8737373948097229,0.476131,0.6,NL
2026-10-02,0.665238095521927,0.6320346593856812,0.6709956526756287,0.4545454680919647,0.8787878751754761,0.6277056336402893,0.49092,0.6,NL
2025-12-28,0.6999489739816637,0.9234693646430969,0.9081632494926453,0.9591836929321289,0.010204081423580647,0.09183673560619354,0.9591836929321289,0.266,JOR
2026-02-22,0.49964647248387334,0.39393940567970276,0.7626262903213501,0.8333333134651184,0.19696970283985138,0.01515151560306549,0.8333333134651184,0.266,JOR
2026-03-22,0.0878918932378292,0.021621622145175934,0.0648648664355278,0.1459459513425827,0.08648648858070374,0.14054054021835327,0.0324324332177639,0.266,JOR
2026-04-19,0.3600518204271793,0.5595855116844177,0.14507772028446198,0.7202072739601135,0.1347150206565857,0.24352331459522247,0.13989637792110443,0.266,JOR
2026-06-14,0.779378250837326,0.8911917209625244,0.9067357778549194,0.8652849793434143,0.9896373152732849,0.23834197223186493,0.9585492014884949,0.266,JOR
2026-06-28,0.4483919697999954,0.286432147026062,0.5979899764060974,0.42211055755615234,0.8592965006828308,0.2713567912578583,0.1306532621383667,0.266,JOR
2026-07-12,0.20956521436572076,0.07608695328235626,0.14673912525177002,0.260869562625885,0.21195651590824127,0.260869562625885,0.842391312122345,0.266,JOR
2026-08-09,0.49213903903961176,0.4331550896167755,0.49732619524002075,0.8074866533279419,0.13903743028640747,0.26737967133522034,0.903743326663971,0.266,JOR
2026-09-06,0.15606217827647922,0.036269430071115494,0.07253886014223099,0.2746114134788513,0.13989637792110443,0.2590673565864563,0.6683937907218933,0.266,JOR
2026-09-20,0.2038888882100582,0.07070706784725189,0.07070706784725189,0.4141414165496826,0.13636364042758942,0.26767677068710327,0.6363636255264282,0.266,JOR
2026-10-02,0.6588311699032784,0.7532467246055603,0.9177489280700684,0.9307359457015991,0.08658009022474289,0.16017316281795502,0.08225107938051224,0.266,JOR
2024-02-25,0.8724074089527131,0.9212962985038757,0.7824074029922485,0.8842592835426331,0.8333333134651184,0.9768518805503845,0.8842592835426331,0.0619,ZWE
2024-03-10,0.9068396202847362,0.9622641801834106,0.9669811129570007,0.9716981053352356,0.004716981202363968,1.0,0.9716981053352356,0.0619,ZWE
2024-06-30,0.4067307723267004,0.7067307829856873,0.004807692486792803,0.8413461446762085,0.004807692486792803,0.3701923191547394,0.8413461446762085,0.0619,ZWE
2024-09-08,0.7901904866099357,0.8095238208770752,0.7428571581840515,0.8095238208770752,0.2857142984867096,0.9571428298950195,0.8095238208770752,0.0619,ZWE
2024-12-01,0.9089956384897232,0.9475982785224915,0.9912663698196411,0.9737991094589233,0.9388646483421326,0.567685604095459,0.9737991094589233,0.0619,ZWE
2024-12-15,0.7398139637708664,0.7162790894508362,0.8930232524871826,0.7813953757286072,0.9813953638076782,0.36279070377349854,0.7813953757286072,0.0619,ZWE
2025-01-12,0.6564788615703583,0.577464759349823,0.8497652411460876,0.40375587344169617,0.9765258431434631,0.34741783142089844,0.65727698802948,0.0619,ZWE
2025-10-05,0.100542,0.0,0.083333,0.410417,0.0,0.0,0.541529,0.072,RE
2025-11-02,0.8499504911899568,1.0,0.9653465151786804,0.9108911156654358,1.0,0.3217821717262268,0.462035,0.2845,RE
2025-11-16,0.24342995300889017,0.19323670864105225,0.10628019273281097,0.33816424012184143,0.17874395847320557,0.3188405930995941,0.513333,0.2845,RE
2025-11-30,0.08145,0.0,0.0,0.4525,0.0,0.0,0.521469,0.012,RE
2025-12-14,0.0423,0.0,0.0,0.235,0.0,0.0,0.507614,0.018,RE
2026-02-22,0.0684,0.0,0.0,0.38,0.0,0.0,0.519016,0.024,RE
2026-03-08,0.7422381018102169,0.8571428656578064,0.9333333373069763,0.961904764175415,0.15714286267757416,0.3047619163990021,0.507646,0.2845,RE
2026-03-22,0.258871,0.0,0.285714,0.549286,0.0,0.285714,0.50976,0.042,RE
2026-04-05,0.07011,0.0,0.0,0.3895,0.0,0.0,0.475424,0.06,RE
2026-05-17,0.07695,0.0,0.0,0.4275,0.0,0.0,0.506972,0.012,RE
2026-05-31,0.21874,0.0,0.2,0.593,0.0,0.2,0.503548,0.03,RE
2026-06-14,0.06885,0.0,0.0,0.3825,0.0,0.0,0.518562,0.024,RE
2026-07-12,0.75902174949646,0.64673912525177,0.8913043737411499,0.6521739363670349,0.32608696818351746,1.0,0.506633,0.2845,RE
2026-08-09,0.0594,0.0,0.0,0.33,0.0,0.0,0.554104,0.006,RE
2026-09-06,0.6050258974730969,0.34196892380714417,0.7357512712478638,0.590673565864563,0.9119170904159546,0.590673565864563,0.504,0.2845,RE
2026-09-20,0.7485353681445123,0.8131313323974609,0.9343434572219849,0.8484848737716675,0.29797980189323425,0.4343434274196625,0.501131,0.2845,RE
2026-10-02,0.6556277012825013,0.826839804649353,0.4545454680919647,0.8398268222808838,0.7662337422370911,0.4588744640350342,0.457936,0.2845,RE
2025-10-05,0.153843,0.016129,0.153226,0.475202,0.008065,0.064516,0.489207,0.6,JM
2025-10-19,0.164408,0.0,0.166667,0.488878,0.0,0.096154,0.489669,0.6,JM
2025-11-02,0.45326733231544497,0.3118811845779419,0.38118812441825867,0.1435643583536148,0.7821782231330872,0.6386138796806335,0.489142,0.6,JM
2025-11-16,0.45574879050254824,0.5362318754196167,0.6038647294044495,0.14009661972522736,0.8019323945045471,0.14009661972522736,0.490025,0.6,JM
2025-11-30,0.117709,0.006289,0.075472,0.445692,0.0,0.050314,0.49843,0.6,JM
2025-12-14,0.100092,0.005263,0.052632,0.4125,0.005263,0.031579,0.495638,0.6,JM
2025-12-28,0.124117,0.0,0.086022,0.450591,0.0,0.064516,0.489511,0.558,JM
2026-01-11,0.191252,0.0,0.214286,0.499018,0.0,0.136905,0.483936,0.6,JM
2026-01-25,0.117413,0.0,0.077922,0.435844,0.0,0.058442,0.495941,0.6,JM
2026-02-08,0.133973,0.0,0.101562,0.45957,0.0,0.078125,0.488042,0.6,JM
2026-02-22,0.6574747520685196,0.5505050420761108,0.7171717286109924,0.1515151560306549,0.6818181872367859,0.8888888955116272,0.493709,0.6,JM
2026-03-08,0.2662857215851545,0.3380952477455139,0.3095238208770752,0.12857143580913544,0.4761904776096344,0.12380952388048172,0.507423,0.6,JM
2026-03-22,0.120655,0.0,0.108434,0.440723,0.012048,0.024096,0.499066,0.498,JM
2026-04-05,0.214072,0.0,0.264706,0.503015,0.0,0.161765,0.493426,0.408,JM
2026-04-19,0.61803108304739,0.43523314595222473,0.6321243643760681,0.44041451811790466,0.6787564754486084,0.772020697593689,0.496255,0.6,JM
2026-05-03,0.5163401992619038,0.29381442070007324,0.5103092789649963,0.4175257682800293,0.4639175236225128,0.7422680258750916,0.503528,0.6,JM
2026-05-17,0.128469,0.006803,0.088435,0.443878,0.013605,0.07483,0.500673,0.6,JM
2026-05-31,0.075909,0.0,0.015625,0.390898,0.007812,0.0,0.507509,0.6,JM
2026-06-14,0.08822,0.0,0.039062,0.389414,0.0,0.023438,0.496399,0.6,JM
2026-06-28,0.5015577880293131,0.3366834223270416,0.4522612988948822,0.24120603501796722,0.44723618030548096,0.9195979833602905,0.505364,0.6,JM
2026-07-12,0.4670108708739281,0.29347825050354004,0.4021739065647125,0.2445652186870575,0.635869562625885,0.7771739363670349,0.500359,0.6,JM
2026-07-26,0.5827272665500641,0.5614973306655884,0.7700534462928772,0.25668448209762573,0.903743326663971,0.29411765933036804,0.480998,0.6,JM
2026-08-09,0.153978,0.0,0.168317,0.450594,0.0,0.079208,0.509883,0.6,JM
2026-08-23,0.139072,0.0,0.112069,0.458448,0.0,0.086207,0.488754,0.6,JM
2026-09-06,0.4345595848560333,0.42487046122550964,0.4818652868270874,0.44041451811790466,0.5440414547920227,0.26424869894981384,0.49706,0.6,JM
2026-09-20,0.4246464598178864,0.38383838534355164,0.49494948983192444,0.4191919267177582,0.4040403962135315,0.28282827138900757,0.497375,0.6,JM
2026-10-02,0.6545454525947572,0.6017315983772278,0.5757575631141663,0.380952388048172,0.6320346593856812,0.8658008575439453,0.491263,0.6,JM
2025-10-05,0.157988,0.021778,0.141221,0.494571,0.008756,0.078357,0.488284,0.6,UK
2025-10-19,0.142013,0.008817,0.128915,0.466976,0.009121,0.059593,0.493662,0.6,UK
2025-11-02,0.5390099012851715,0.4752475321292877,0.47029703855514526,0.24257425963878632,0.7277227640151978,0.6534653306007385,0.48636,0.6,UK
2025-11-16,0.4604830950498581,0.3526569902896881,0.36231884360313416,0.23188406229019165,0.5603864789009094,0.6811594367027283,0.491922,0.6,UK
2025-11-30,0.156609,0.019327,0.149938,0.481855,0.014963,0.070761,0.493508,0.6,UK
2025-12-14,0.151968,0.010722,0.131504,0.488821,0.015137,0.077893,0.489204,0.6,UK
2025-12-28,0.139286,0.018662,0.122587,0.465896,0.007079,0.049871,0.490298,0.6,UK
2026-01-11,0.139215,0.015427,0.123757,0.463778,0.017141,0.049366,0.491857,0.6,UK
2026-01-25,0.133641,0.015477,0.099104,0.468519,0.009775,0.057562,0.492636,0.6,UK
2026-02-08,0.12864,0.006527,0.102529,0.455383,0.010606,0.049225,0.496377,0.6,UK
2026-02-22,0.5230302932858468,0.3484848439693451,0.5,0.24747474491596222,0.7121211886405945,0.7373737096786499,0.496025,0.6,UK
2026-03-08,0.5011428636312485,0.46666666865348816,0.41904762387275696,0.22380952537059784,0.5857142806053162,0.6761904954910278,0.491607,0.6,UK
2026-03-22,0.152554,0.007345,0.131689,0.487227,0.005771,0.086831,0.493506,0.6,UK
2026-04-05,0.139009,0.008249,0.115799,0.471069,0.007297,0.0625,0.493919,0.6,UK
2026-04-19,0.7911398953199388,0.7616580128669739,0.7564767003059387,0.7772020697593689,0.5388600826263428,0.9740932583808899,0.6373056769371033,0.6,UK
2026-05-03,0.7264433091878891,0.7061855792999268,0.6649484634399414,0.7371134161949158,0.7010309100151062,0.7164948582649231,0.6855670213699341,0.6,UK
2026-05-17,0.144057,0.008382,0.121857,0.475559,0.008704,0.071567,0.491915,0.6,UK
2026-05-31,0.14613,0.003214,0.138862,0.471766,0.00675,0.065252,0.492604,0.6,UK
2026-06-14,0.155226,0.018296,0.142545,0.482624,0.012288,0.075915,0.490549,0.6,UK
2026-06-28,0.7623618063330649,0.6783919334411621,0.7386934757232666,0.6482412219047546,0.8492462038993835,0.8994975090026855,0.37185928225517273,0.6,UK
2026-07-12,0.8977717387676241,0.842391312122345,0.89673912525177,0.885869562625885,0.885869562625885,0.929347813129425,0.695652186870575,0.6,UK
2026-07-26,0.47850266367197036,0.3689839541912079,0.3957219123840332,0.5561497211456299,0.3903743326663971,0.614973247051239,0.4438502788543701,0.6,UK
2026-08-09,0.146055,0.004444,0.135385,0.475595,0.009231,0.064957,0.492798,0.6,UK
2026-08-23,0.12757,0.002592,0.101382,0.445697,0.010945,0.05674,0.496283,0.6,UK
2026-09-06,0.7072020727396011,0.7357512712478638,0.590673565864563,0.7202072739601135,0.7150259017944336,0.7098445892333984,0.49221,0.6,UK
2026-09-20,0.6626262593269349,0.560606062412262,0.6717171669006348,0.5404040217399597,0.691919207572937,0.6969696879386902,0.493351,0.6,UK
2026-10-02,0.651688323020935,0.5541125535964966,0.5454545617103577,0.6320346593856812,0.6190476417541504,0.7965368032455444,0.491504,0.6,UK
2025-10-05,0.527708321660757,0.34375,0.5989583134651184,0.7239583134651184,0.1979166716337204,0.4635416567325592,0.7239583134651184,0.6,AUS
2025-10-19,0.32682540044188496,0.14814814925193787,0.16931216418743134,0.5873016119003296,0.2222222238779068,0.5449735522270203,0.21693122386932373,0.6,AUS
2025-11-02,0.7493069246411325,0.7376237511634827,0.6881188154220581,0.7970296740531921,0.2772277295589447,0.9504950642585754,0.7970296740531921,0.6,AUS
2025-11-16,0.5053139993548393,0.2946859896183014,0.6086956262588501,0.5652173757553101,0.8840579986572266,0.3719806671142578,0.2028985470533371,0.6,AUS
2025-11-30,0.5401492518186569,0.31343284249305725,0.4029850661754608,0.5820895433425903,0.49253731966018677,0.9054726362228394,0.46268656849861145,0.6,AUS
2025-12-14,0.6203045693039895,0.5939086079597473,0.5583756566047668,0.5736040472984314,0.22335025668144226,0.9340101480484009,0.4060913622379303,0.6,AUS
2025-12-28,0.5483163285255432,0.5,0.5204081535339355,0.6020408272743225,0.6887755393981934,0.47959184646606445,0.6326530575752258,0.6,AUS
2026-01-11,0.30219387106597423,0.10204081982374191,0.1785714328289032,0.4591836631298065,0.19387754797935486,0.5612244606018066,0.0357142873108387,0.6,AUS
2026-01-25,0.4436125752329827,0.46073299646377563,0.32460734248161316,0.5654450058937073,0.6492146849632263,0.4921466112136841,0.1780104786157608,0.6,AUS
2026-02-08,0.6985279142856599,0.7563451528549194,0.6954314708709717,0.5939086079597473,0.8274111747741699,0.5888324975967407,0.6345177888870239,0.6,AUS
2026-02-22,0.6587373739480973,0.5252525210380554,0.6666666865348816,0.8939393758773804,0.7777777910232544,0.4292929172515869,0.8939393758773804,0.6,AUS
2026-03-08,0.9159047436714173,0.8904761672019958,0.9571428298950195,0.9333333373069763,0.738095223903656,0.776190459728241,0.9333333373069763,0.6,AUS
2026-03-22,0.4209729737043381,0.2702702581882477,0.34594595432281494,0.5027027130126953,0.6324324607849121,0.5135135054588318,0.23243242502212524,0.6,AUS
2026-04-05,0.6199999987706543,0.7842105031013489,0.9157894849777222,0.7736842036247253,0.021052632480859756,0.04210526496171951,0.6421052813529968,0.6,AUS
2026-04-19,0.8481347197294234,0.6165803074836731,0.8911917209625244,0.8911917209625244,0.8497409224510193,0.9637305736541748,0.6580311059951782,0.6,AUS
2026-05-03,0.7248969048261642,0.9175257682800293,0.876288652420044,0.9278350472450256,0.9226804375648499,0.06185567006468773,0.4845360815525055,0.6,AUS
2026-05-17,0.5598984721302986,0.31979694962501526,0.5939086079597473,0.055837564170360565,0.4467005133628845,0.893401026725769,0.8629441857337952,0.6,AUS
2026-05-31,0.20171717574819922,0.1818181872367859,0.3636363744735718,0.0555555559694767,0.020202020183205605,0.035353533923625946,0.4444444477558136,0.6,AUS
2026-06-14,0.025595854753628376,0.005181347019970417,0.015544041059911251,0.031088082119822502,0.015544041059911251,0.05181347206234932,0.036269430071115494,0.6,AUS
2026-06-28,0.8742210966348648,0.8241205811500549,0.8492462038993835,0.8743718862533569,0.7738693356513977,0.9698492288589478,0.8693467378616333,0.6,AUS
2026-07-12,0.3457065114378929,0.2445652186870575,0.6086956262588501,0.032608695328235626,0.7119565010070801,0.03804347664117813,0.739130437374115,0.6,AUS
2026-07-26,0.5517112311720849,0.6898396015167236,0.6363636255264282,0.7165775299072266,0.6203208565711975,0.05347593501210213,0.8288770318031311,0.6,AUS
2026-08-09,0.5567379689216614,0.8288770318031311,0.8342245817184448,0.03743315488100052,0.9625668525695801,0.04278074949979782,0.3903743326663971,0.6,AUS
2026-08-23,0.47322405233979226,0.5464481115341187,0.7322404384613037,0.06010929122567177,0.8142076730728149,0.0382513664662838,0.6830601096153259,0.6,AUS
2026-09-06,0.7483937886357308,0.9896373152732849,0.8652849793434143,0.9430052042007446,0.9481865167617798,0.036269430071115494,0.9585492014884949,0.6,AUS
2026-09-20,0.4624747521243989,0.23232322931289673,0.5101010203361511,0.06060606241226196,0.020202020183205605,0.9747474789619446,0.3080808222293854,0.6,AUS
2026-10-02,0.6493939393758774,0.7272727489471436,0.649350643157959,0.03896103799343109,0.588744580745697,0.9437229633331299,0.5064935088157654,0.6,AUS
2024-03-10,0.6466037736088036,0.8915094137191772,0.7075471878051758,0.9198113083839417,0.08962263911962509,0.16981132328510284,0.9198113083839417,0.0062,LCA
2025-10-05,0.16903,0.007994,0.171063,0.488485,0.011191,0.09992,0.492063,0.6,AS
2025-10-19,0.154715,0.027388,0.136938,0.486949,0.015449,0.069522,0.492014,0.6,AS
2025-11-02,0.7437128755450249,0.5990098714828491,0.7524752616882324,0.7227723002433777,0.6089109182357788,0.8910890817642212,0.492386,0.6,AS
2025-11-16,0.5008695673942566,0.512077271938324,0.3333333432674408,0.5603864789009094,0.4106280207633972,0.6280193328857422,0.494849,0.6,AS
2025-11-30,0.138391,0.017781,0.121622,0.465459,0.009957,0.047653,0.491409,0.6,AS
2025-12-14,0.263605,0.003505,0.290053,0.599196,0.011849,0.255841,0.471998,0.6,AS
2025-12-28,0.207971,0.002983,0.228188,0.541965,0.006711,0.15138,0.483567,0.6,AS
2026-01-11,0.158996,0.008799,0.153991,0.481502,0.013199,0.084852,0.485377,0.6,AS
2026-01-25,0.130725,0.005263,0.098947,0.463853,0.005263,0.058947,0.496294,0.6,AS
2026-02-08,0.132695,0.01815,0.112792,0.44938,0.046672,0.036733,0.489574,0.6,AS
2026-02-22,0.5883333307504653,0.5,0.5050504803657532,0.560606062412262,0.6565656661987305,0.6666666865348816,0.492691,0.6,AS
2026-03-08,0.6605238294601441,0.6000000238418579,0.6190476417541504,0.5428571701049805,0.7714285850524902,0.6666666865348816,0.492899,0.6,AS
2026-03-22,0.118851,0.0018,0.083383,0.450261,0.003599,0.043791,0.496093,0.6,AS
2026-04-05,0.147279,0.000708,0.123229,0.471349,0.008499,0.092776,0.490504,0.6,AS
2026-04-19,0.683056993931532,0.7564767003059387,0.7150259017944336,0.036269430071115494,0.8704662919044495,0.7409326434135437,0.489743,0.6,AS
2026-05-03,0.6152061887085439,0.561855673789978,0.6030927896499634,0.05670103058218956,0.561855673789978,0.9278350472450256,0.486959,0.6,AS
2026-05-17,0.134509,0.011561,0.105973,0.462858,0.013487,0.058446,0.49174,0.6,AS
2026-05-31,0.134279,0.00581,0.110394,0.449745,0.010329,0.06714,0.49733,0.6,AS
2026-06-14,0.145002,0.004422,0.130435,0.464948,0.011791,0.074429,0.49048,0.6,AS
2026-06-28,0.8783417129516603,0.909547746181488,0.909547746181488,0.8341708779335022,0.979899525642395,0.6783919334411621,0.49162,0.6,AS
2026-07-12,0.6128804321587086,0.5652173757553101,0.60326087474823,0.043478261679410934,0.7010869383811951,0.9021739363670349,0.493481,0.6,AS
2026-07-26,0.6356684395670892,0.51871657371521,0.5133689641952515,0.6577540040016174,0.46524062752723694,0.8770053386688232,0.495669,0.6,AS
2026-08-09,0.125615,0.006647,0.105613,0.439653,0.00517,0.04579,0.49184,0.6,AS
2026-08-23,0.143527,0.001732,0.131602,0.466636,0.003463,0.07013,0.495361,0.6,AS
2026-09-06,0.8087046593427658,0.7564767003059387,0.7253885865211487,0.7979274392127991,0.8393782377243042,0.8290155529975891,0.492978,0.6,AS
2026-09-20,0.55641413718462,0.42424243688583374,0.5404040217399597,0.035353533923625946,0.5757575631141663,0.8838383555412292,0.491424,0.6,AS
2026-10-02,0.6380519534647464,0.5411255359649658,0.6796537041664124,0.051948051899671555,0.701298713684082,0.9523809552192688,0.493886,0.6,AS
2025-10-05,0.131474,0.020199,0.100997,0.459537,0.007926,0.049348,0.49395,0.6,IN
2025-10-19,0.143301,0.020518,0.115551,0.478353,0.014579,0.062905,0.494592,0.6,IN
2025-11-02,0.6414851525425912,0.603960394859314,0.6138613820075989,0.41584157943725586,0.6881188154220581,0.7425742745399475,0.493578,0.6,IN
2025-11-16,0.6356521779298783,0.5797101259231567,0.5555555820465088,0.4106280207633972,0.729468584060669,0.8067632913589478,0.492192,0.6,IN
2025-11-30,0.149775,0.009272,0.138806,0.475041,0.017726,0.069812,0.491319,0.6,IN
2025-12-14,0.137352,0.0155,0.111438,0.467205,0.006414,0.058525,0.494499,0.6,IN
2025-12-28,0.154303,0.017199,0.135872,0.492375,0.009337,0.07543,0.489649,0.6,IN
2026-01-11,0.146728,0.026303,0.116956,0.485827,0.009159,0.066463,0.491594,0.6,IN
2026-01-25,0.140479,0.008222,0.121682,0.463495,0.008926,0.066009,0.496854,0.6,IN
2026-02-08,0.127774,0.017012,0.098373,0.452294,0.011834,0.044379,0.493712,0.6,IN
2026-02-22,0.637323234975338,0.6060606241226196,0.6212121248245239,0.1111111119389534,0.7323232293128967,0.8585858345031738,0.49203,0.6,IN
2026-03-08,0.5738571488857269,0.5476190447807312,0.4571428596973419,0.4047619104385376,0.5333333611488342,0.7809523940086365,0.493312,0.6,IN
2026-03-22,0.140676,0.018261,0.11792,0.4731,0.020427,0.052925,0.491677,0.6,IN
2026-04-05,0.150007,0.011285,0.131348,0.489639,0.00721,0.07116,0.48977,0.6,IN
2026-04-19,0.6427979379892349,0.6528497338294983,0.621761679649353,0.2694300413131714,0.7046632170677185,0.7461140155792236,0.490682,0.6,IN
2026-05-03,0.7005669969320297,0.6597937941551208,0.6701030731201172,0.4329896867275238,0.6185566782951355,0.8865979313850403,0.489787,0.6,IN
2026-05-17,0.139708,0.017794,0.109524,0.468486,0.006767,0.06792,0.493027,0.6,IN
2026-05-31,0.140377,0.013247,0.11736,0.468141,0.013711,0.062282,0.491828,0.6,IN
2026-06-14,0.124118,0.018202,0.085618,0.450982,0.010562,0.046517,0.49457,0.6,IN
2026-06-28,0.5549246242642403,0.5175879597663879,0.5276381969451904,0.2512562870979309,0.5477386713027954,0.7185929417610168,0.49317,0.6,IN
2026-07-12,0.6126086974143982,0.5380434989929199,0.54347825050354,0.27173912525177,0.6521739363670349,0.8478260636329651,0.487784,0.6,IN
2026-07-26,0.5838502734899521,0.5882353186607361,0.4438502788543701,0.26737967133522034,0.7005347609519958,0.7967914342880249,0.486918,0.6,IN
2026-08-09,0.138854,0.037556,0.103111,0.475544,0.012222,0.049556,0.489793,0.6,IN
2026-08-23,0.140348,0.025685,0.110734,0.473181,0.010904,0.057669,0.493427,0.6,IN
2026-09-06,0.5550258988142014,0.4663212299346924,0.4663212299346924,0.25388601422309875,0.5284973978996277,0.8549222946166992,0.489012,0.6,IN
2026-09-20,0.6468686735630036,0.6616161465644836,0.5757575631141663,0.39898988604545593,0.560606062412262,0.7828282713890076,0.490761,0.6,IN
2026-10-02,0.6336796504259109,0.6580086350440979,0.5324675440788269,0.38528138399124146,0.6883116960525513,0.7316017150878906,0.489829,0.6,IN
2025-10-05,0.295395,0.010067,0.344519,0.619457,0.022371,0.291946,0.478629,0.6,UP
2025-10-19,0.152578,0.00854,0.123447,0.48361,0.009317,0.098602,0.48591,0.6,UP
2025-11-02,0.9061881107091903,0.8712871074676514,0.9554455280303955,0.896039605140686,0.5643564462661743,0.9207921028137207,0.478355,0.6,UP
2025-11-16,0.6578260937333106,0.5700483322143555,0.748792290687561,0.23671497404575348,0.36231884360313416,0.8260869383811951,0.483121,0.6,UP
2025-11-30,0.149839,0.001628,0.130765,0.454615,0.011937,0.104178,0.486296,0.6,UP
2025-12-14,0.131317,0.00361,0.105897,0.430069,0.005415,0.078821,0.489212,0.6,UP
2025-12-28,0.124789,0.001084,0.090318,0.430428,0.015896,0.071171,0.492716,0.6,UP
2026-01-11,0.223896,0.01264,0.240169,0.540449,0.029494,0.188202,0.483476,0.6,UP
2026-01-25,0.178748,0.003946,0.175217,0.483047,0.022889,0.138911,0.486106,0.6,UP
2026-02-08,0.191522,0.000914,0.198355,0.513181,0.033821,0.138026,0.478676,0.6,UP
2026-02-22,0.9118181997537613,0.8989899158477783,0.9090909361839294,0.9090909361839294,0.7020202279090881,0.9292929172515869,0.476916,0.6,UP
2026-03-08,0.7031428694725038,0.723809540271759,0.723809540271759,0.22857142984867096,0.5047619342803955,0.8523809313774109,0.484332,0.6,UP
2026-03-22,0.194737,0.006588,0.196311,0.51168,0.007905,0.158103,0.483133,0.6,UP
2026-04-05,0.156853,0.006897,0.13908,0.45308,0.010345,0.11954,0.483145,0.6,UP
2026-04-19,0.9192227944731712,0.9170984625816345,0.9585492014884949,0.9740932583808899,0.35233160853385925,0.8911917209625244,0.9689119458198547,0.6,UP
2026-05-03,0.6136082398891449,0.39175257086753845,0.5773195624351501,0.7319587469100952,0.3659793734550476,0.8195876479148865,0.37628865242004395,0.6,UP
2026-05-17,0.310371,0.010989,0.369963,0.609371,0.009768,0.330891,0.476014,0.6,UP
2026-05-31,0.257446,0.002273,0.279545,0.595597,0.0125,0.247727,0.477398,0.6,UP
2026-06-14,0.171306,0.003452,0.163406,0.488907,0.01496,0.121979,0.484812,0.6,UP
2026-06-28,0.9390452253818512,0.9597989916801453,0.9849246144294739,0.9899497628211975,0.39698493480682373,0.9899497628211975,0.8643215894699097,0.6,UP
2026-07-12,0.5638043430447579,0.2771739065647125,0.5978260636329651,0.5652173757553101,0.760869562625885,0.6521739363670349,0.41304346919059753,0.6,UP
2026-07-26,0.8656149733066558,0.8877005577087402,0.8770053386688232,0.903743326663971,0.47593581676483154,0.7754010558128357,0.8449198007583618,0.6,UP
2026-08-09,0.270301,0.003326,0.310421,0.586175,0.013304,0.266075,0.479633,0.6,UP
2026-08-23,0.193502,0.018026,0.182833,0.517451,0.013734,0.155365,0.4849,0.6,UP
2026-09-06,0.4463730585575104,0.16580310463905334,0.3575129508972168,0.7253885865211487,0.3316062092781067,0.6839378476142883,0.491626,0.6,UP
2026-09-20,0.8885353469848635,0.9242424368858337,0.8939393758773804,0.9343434572219849,0.4292929172515869,0.7979797720909119,0.479754,0.6,UP
2026-10-02,0.6330735856294633,0.6233766078948975,0.5844155550003052,0.5670995712280273,0.3722943663597107,0.7272727489471436,0.485289,0.6,UP
2025-10-05,0.089469,0.0,0.029851,0.404179,0.0,0.029851,0.514742,0.402,GL
2025-10-19,0.027,0.0,0.0,0.15,0.0,0.0,0.466338,0.006,GL
2025-11-02,0.4357425737380981,0.801980197429657,0.024752475321292877,0.6435643434524536,0.21782177686691284,0.49504950642585754,0.489853,0.4701,GL
2025-11-16,0.6223188335448504,0.4202898442745209,0.7777777910232544,0.7584540843963623,0.9371980428695679,0.3526569902896881,0.497509,0.4701,GL
2025-11-30,0.0657,0.0,0.0,0.365,0.0,0.0,0.521358,0.018,GL
2025-12-14,0.105798,0.0,0.043478,0.4525,0.0,0.043478,0.49031,0.276,GL
2025-12-28,0.102929,0.0,0.035714,0.460714,0.0,0.035714,0.4953,0.168,GL
2026-01-11,0.134859,0.001272,0.096692,0.506781,0.038168,0.040712,0.493197,0.6,GL
2026-01-25,0.116877,0.019231,0.06213,0.455118,0.013314,0.042899,0.490671,0.6,GL
2026-02-08,0.129147,0.0,0.091429,0.454629,0.022857,0.068571,0.498898,0.6,GL
2026-02-22,0.3682828261703253,0.4343434274196625,0.3737373650074005,0.6565656661987305,0.39393940567970276,0.13131313025951385,0.499631,0.4701,GL
2026-03-08,0.3817142960429192,0.15714286267757416,0.23333333432674408,0.6666666865348816,0.46190476417541504,0.5714285969734192,0.492342,0.4701,GL
2026-03-22,0.091535,0.0,0.038462,0.425192,0.038462,0.0,0.49284,0.156,GL
2026-04-05,0.0891,0.0,0.0,0.495,0.0,0.0,0.49097,0.06,GL
2026-04-19,0.2515025889873505,0.11917098611593246,0.1606217622756958,0.31606218218803406,0.15544041991233826,0.3056994676589966,0.48163,0.4701,GL
2026-05-03,0.6423195891082287,0.9793814420700073,0.5824742317199707,0.8711340427398682,0.1494845300912857,0.3041236996650696,0.492428,0.4701,GL
2026-05-17,0.08935,0.0,0.055556,0.376019,0.055556,0.0,0.507661,0.324,GL
2026-05-31,0.06655,0.0,0.0,0.369722,0.0,0.0,0.502572,0.108,GL
2026-06-14,0.098752,0.0,0.047619,0.400476,0.0,0.047619,0.501482,0.126,GL
2026-06-28,0.33643216475844384,0.5577889680862427,0.16080401837825775,0.3065326511859894,0.1557788997888565,0.311557799577713,0.489242,0.4701,GL
2026-07-12,0.698695652782917,0.8913043737411499,0.66847825050354,0.8478260636329651,0.83152174949646,0.33695653080940247,0.490462,0.4701,GL
2026-07-26,0.5117112249135971,0.4171122908592224,0.6577540040016174,0.32085561752319336,0.8128342032432556,0.32085561752319336,0.49451,0.4701,GL
2026-08-09,0.119132,0.026316,0.052632,0.503947,0.0,0.026316,0.487421,0.228,GL
2026-08-23,0.17234,0.0,0.2,0.513,0.0,0.066667,0.495659,0.09,GL
2026-09-06,0.1903108773007989,0.12435232847929001,0.08290155231952667,0.3316062092781067,0.16580310463905334,0.32642486691474915,0.498846,0.4701,GL
2026-09-20,0.4364141435921193,0.6363636255264282,0.2222222238779068,0.3080808222293854,0.3484848439693451,0.631313145160675,0.505395,0.4701,GL
2026-10-02,0.630086569339037,0.8917748928070068,0.7532467246055603,0.8051947951316833,0.06926406919956207,0.2380952388048172,0.501641,0.4701,GL
2025-10-05,0.133388,0.010714,0.114286,0.441241,0.003571,0.0625,0.497941,0.6,BG
2025-10-19,0.16528,0.021127,0.166197,0.470725,0.040845,0.084507,0.490608,0.6,BG
2025-11-02,0.5898514771461487,0.5099009871482849,0.5099009871482849,0.594059407711029,0.6732673048973083,0.6732673048973083,0.490031,0.6,BG
2025-11-16,0.8892270499467851,0.8647342920303345,0.8743961453437805,0.8260869383811951,0.8937197923660278,0.8743961453437805,0.481871,0.6,BG
2025-11-30,0.144661,0.014946,0.13587,0.46966,0.004076,0.055707,0.492191,0.6,BG
2025-12-14,0.203599,0.005605,0.220852,0.515824,0.014574,0.158072,0.489078,0.6,BG
2025-12-28,0.187599,0.051354,0.169935,0.539104,0.008403,0.105509,0.47601,0.6,BG
2026-01-11,0.166475,0.02276,0.169275,0.482788,0.019915,0.081081,0.487349,0.6,BG
2026-01-25,0.155198,0.007246,0.152174,0.493051,0.004348,0.066667,0.487823,0.6,BG
2026-02-08,0.136053,0.018848,0.115183,0.469984,0.01466,0.040838,0.494393,0.6,BG
2026-02-22,0.6090909191966057,0.44949495792388916,0.5555555820465088,0.5959596037864685,0.7929292917251587,0.7323232293128967,0.496317,0.6,BG
2026-03-08,0.6629047644138336,0.49047619104385376,0.6238095164299011,0.5857142806053162,0.761904776096344,0.800000011920929,0.493159,0.6,BG
2026-03-22,0.201929,0.0,0.20922,0.52766,0.0,0.166667,0.483659,0.6,BG
2026-04-05,0.120116,0.0,0.082774,0.452796,0.004474,0.049217,0.494315,0.6,BG
2026-04-19,0.6010880801081657,0.5284973978996277,0.606217622756958,0.07253886014223099,0.6891191601753235,0.9015544056892395,0.493004,0.6,BG
2026-05-03,0.898762885928154,0.9278350472450256,0.8659793734550476,0.8195876479148865,0.969072163105011,0.8556700944900513,0.489722,0.6,BG
2026-05-17,0.110058,0.01227,0.076687,0.432837,0.0,0.021472,0.494467,0.6,BG
2026-05-31,0.121351,0.00369,0.110701,0.419151,0.0,0.04059,0.491813,0.6,BG
2026-06-14,0.18246,0.009615,0.209135,0.514868,0.002404,0.086538,0.489545,0.6,BG
2026-06-28,0.5390954852104187,0.5075376629829407,0.5175879597663879,0.06532663106918335,0.7688442468643188,0.7286432385444641,0.495673,0.6,BG
2026-07-12,0.44010869413614273,0.30978259444236755,0.40760868787765503,0.08152174204587936,0.6086956262588501,0.6630434989929199,0.494842,0.6,BG
2026-07-26,0.6536898249387741,0.6524063944816589,0.6310160160064697,0.08556149899959564,0.8342245817184448,0.893048107624054,0.489507,0.6,BG
2026-08-09,0.129148,0.003534,0.107774,0.447562,0.003534,0.05477,0.493168,0.6,BG
2026-08-23,0.147769,0.00177,0.134513,0.458991,0.019469,0.084956,0.491606,0.6,BG
2026-09-06,0.6454404127597808,0.5803108811378479,0.6994818449020386,0.04663212597370148,0.6476684212684631,0.7927461266517639,0.482879,0.6,BG
2026-09-20,0.8076767748594285,0.6717171669006348,0.8232323527336121,0.7929292917251587,0.7323232293128967,0.9848484992980957,0.491551,0.6,BG
2026-10-02,0.6280519527196884,0.6277056336402893,0.5800865888595581,0.07792207598686218,0.649350643157959,0.8961039185523987,0.487015,0.6,BG
2025-10-05,0.088842,0.0,0.030303,0.439697,0.0,0.0,0.483847,0.198,NG
2025-10-19,0.255694,0.0,0.333333,0.565303,0.0,0.19697,0.478746,0.396,NG
2025-11-02,0.9288118839263917,0.9158415794372559,0.9603960514068604,0.9356435537338257,0.6188119053840637,0.9752475023269653,0.476912,0.6,NG
2025-11-16,0.8317391355335713,0.8743961453437805,0.7922705411911011,0.8888888955116272,0.21739129722118378,0.9806763529777527,0.477878,0.6,NG
2025-11-30,0.290087,0.031579,0.336842,0.562474,0.021053,0.305263,0.475065,0.57,NG
2025-12-14,0.184059,0.0,0.175258,0.546031,0.0,0.123711,0.488098,0.582,NG
2025-12-28,0.193803,0.0,0.212766,0.493351,0.053191,0.138298,0.482447,0.564,NG
2026-01-11,0.360216,0.023256,0.534884,0.683372,0.0,0.255814,0.472828,0.258,NG
2026-01-25,0.121282,0.0,0.136364,0.431364,0.0,0.0,0.478026,0.132,NG
2026-02-08,0.262402,0.0,0.346154,0.544327,0.173077,0.173077,0.476782,0.312,NG
2026-02-22,0.7780808006227016,0.8434343338012695,0.7575757503509521,0.7727272510528564,0.07575757801532745,0.9444444179534912,0.485806,0.6,NG
2026-03-08,0.4405714245885611,0.44285714626312256,0.7571428418159485,0.02857142873108387,0.8428571224212646,0.08571428805589676,0.506059,0.6,NG
2026-03-22,0.277039,0.096774,0.258065,0.62871,0.0,0.258065,0.489769,0.186,NG
2026-04-05,0.18467,0.0,0.188525,0.489057,0.040984,0.139344,0.476092,0.6,NG
2026-04-19,0.955336787700653,0.984455943107605,0.9896373152732849,0.9896373152732849,0.5025906562805176,1.0,0.480774,0.6,NG
2026-05-03,0.9184020614624023,0.9845361113548279,0.969072163105011,0.969072163105011,0.9484536051750183,0.6185566782951355,0.487529,0.6,NG
2026-05-17,0.206291,0.0,0.215385,0.517,0.0,0.184615,0.485881,0.39,NG
2026-05-31,0.298585,0.0,0.37037,0.555926,0.0,0.333333,0.489857,0.162,NG
2026-06-14,0.229963,0.0,0.25,0.583125,0.0,0.1875,0.458825,0.096,NG
2026-06-28,0.5912562675774098,0.3668341636657715,0.6180904507637024,0.6381909251213074,0.8793969750404358,0.6381909251213074,0.482691,0.6,NG
2026-07-12,0.8342934828996659,0.739130437374115,0.864130437374115,0.695652186870575,0.95652174949646,0.91847825050354,0.486076,0.6,NG
2026-07-26,0.8024064081907272,0.9572192430496216,0.9732620120048523,0.8770053386688232,0.9946523904800415,0.27272728085517883,0.493915,0.6,NG
2026-08-09,0.206063,0.0,0.210526,0.489825,0.0,0.210526,0.47896,0.342,NG
2026-08-23,0.384866,0.0,0.463158,0.697211,0.0,0.463158,0.477796,0.57,NG
2026-09-06,0.9063212358951569,0.9222797751426697,0.8963730335235596,0.9067357778549194,0.8808290362358093,0.7512953281402588,0.457699,0.6,NG
2026-09-20,0.7877777647972107,0.7222222089767456,0.6767676472663879,0.7878788113594055,0.9191918969154358,0.808080792427063,0.476372,0.6,NG
2026-10-02,0.6258874386548996,0.6926407217979431,0.6450216174125671,0.46320345997810364,0.887445867061615,0.4978354871273041,0.486309,0.6,NG
2025-10-05,0.121979,0.0,0.112676,0.383451,0.0,0.070423,0.496841,0.6,JO
2025-10-19,0.141653,0.013605,0.108844,0.478571,0.0,0.07483,0.48939,0.6,JO
2025-11-02,0.5204455363750458,0.5396039485931396,0.3366336524486542,0.14851485192775726,0.6435643434524536,0.8217821717262268,0.496563,0.6,JO
2025-11-16,0.42405796706676485,0.2222222238779068,0.3864734172821045,0.14492753148078918,0.3478260934352875,0.8985507488250732,0.506949,0.6,JO
2025-11-30,0.143265,0.0,0.146667,0.464067,0.0,0.053333,0.490124,0.45,JO
2025-12-14,0.089566,0.0,0.038462,0.392582,0.0,0.027473,0.502554,0.6,JO
2025-12-28,0.139784,0.0,0.132653,0.486327,0.0,0.040816,0.50199,0.588,JO
2026-01-11,0.202463,0.008403,0.218487,0.523487,0.033613,0.142857,0.489301,0.6,JO
2026-01-25,0.226925,0.0,0.25,0.585481,0.0,0.173077,0.486184,0.6,JO
2026-02-08,0.124756,0.0,0.098592,0.461479,0.0,0.042254,0.49974,0.426,JO
2026-02-22,0.4872727183997631,0.7979797720909119,0.39898988604545593,0.7676767706871033,0.5757575631141663,0.020202020183205605,0.491323,0.6,JO
2026-03-08,0.18452381484210492,0.13333334028720856,0.22380952537059784,0.13333334028720856,0.3523809611797333,0.12857143580913544,0.493492,0.6,JO
2026-03-22,0.192599,0.0,0.209581,0.507784,0.035928,0.131737,0.485902,0.6,JO
2026-04-05,0.123291,0.0,0.121951,0.45189,0.0,0.012195,0.496413,0.492,JO
2026-04-19,0.391398963034153,0.20725388824939728,0.2953367829322815,0.24870465695858002,0.42487046122550964,0.7668393850326538,0.503321,0.6,JO
2026-05-03,0.6779381516575813,0.6134020686149597,0.7474226951599121,0.42268040776252747,0.7422680258750916,0.6958763003349304,0.493598,0.6,JO
2026-05-17,0.102518,0.0,0.07,0.4051,0.0,0.03,0.500259,0.6,JO
2026-05-31,0.1748,0.0,0.166667,0.526667,0.0,0.111111,0.486785,0.324,JO
2026-06-14,0.152243,0.0,0.1875,0.429125,0.0,0.0625,0.496694,0.48,JO
2026-06-28,0.4784924578666687,0.4974874258041382,0.5376884341239929,0.41206029057502747,0.7487437129020691,0.26633167266845703,0.488774,0.6,JO
2026-07-12,0.8391847908496857,0.8097826242446899,0.9239130616188049,0.9402173757553101,0.42934781312942505,0.6847826242446899,0.491345,0.6,JO
2026-07-26,0.914491981267929,0.8609625697135925,0.9197860956192017,0.9251337051391602,0.7807486653327942,0.8609625697135925,0.480589,0.6,JO
2026-08-09,0.119591,0.007407,0.081481,0.432296,0.0,0.059259,0.495218,0.6,JO
2026-08-23,0.178821,0.0,0.193548,0.480903,0.012903,0.122581,0.494096,0.6,JO
2026-09-06,0.6160621738433838,0.5388600826263428,0.6165803074836731,0.27979275584220886,0.7409326434135437,0.7409326434135437,0.486865,0.6,JO
2026-09-20,0.7384343442320824,0.8787878751754761,0.5252525210380554,0.752525269985199,0.4595959484577179,0.9141414165496826,0.483625,0.6,JO
2026-10-02,0.6221644955873489,0.6103895902633667,0.6363636255264282,0.33766233921051025,0.8138527870178223,0.5800865888595581,0.488732,0.6,JO
2025-10-05,0.168725,0.0,0.186667,0.501067,0.04,0.066667,0.480553,0.45,CB
2025-10-19,0.209332,0.0,0.254386,0.551842,0.017544,0.114035,0.482469,0.6,CB
2025-11-02,0.5008910912275314,0.37128713726997375,0.6237623691558838,0.4455445408821106,0.7524752616882324,0.36138615012168884,0.48778,0.6,CB
2025-11-16,0.6096618443727493,0.7198067903518677,0.6280193328857422,0.4492753744125366,0.748792290687561,0.43478259444236755,0.487255,0.6,CB
2025-11-30,0.095785,0.0,0.076923,0.395385,0.0,0.0,0.503082,0.078,CB
2025-12-14,0.236939,0.0,0.2607,0.551518,0.007782,0.223735,0.476724,0.6,CB
2025-12-28,0.131448,0.0,0.115385,0.376923,0.003497,0.11014,0.487452,0.6,CB
2026-01-11,0.116486,0.0,0.116279,0.409419,0.0,0.023256,0.489162,0.258,CB
2026-01-25,0.119268,0.0,0.114943,0.442931,0.0,0.011494,0.497618,0.522,CB
2026-02-08,0.188233,0.014388,0.194245,0.511367,0.05036,0.115108,0.499905,0.6,CB
2026-02-22,0.5087373769283294,0.29797980189323425,0.6565656661987305,0.4545454680919647,0.4191919267177582,0.5757575631141663,0.508548,0.6,CB
2026-03-08,0.5432857209444046,0.8380952477455139,0.3761904835700989,0.4238095283508301,0.7428571581840515,0.39523810148239136,0.492288,0.6,CB
2026-03-22,0.102654,0.076923,0.019231,0.425,0.0,0.019231,0.514106,0.312,CB
2026-04-05,0.131275,0.027778,0.138889,0.451528,0.0,0.0,0.501669,0.216,CB
2026-04-19,0.31507771924138067,0.44041451811790466,0.33678755164146423,0.1606217622756958,0.5595855116844177,0.1606217622756958,0.508566,0.6,CB
2026-05-03,0.4440721518546343,0.5154638886451721,0.7628865838050842,0.15979380905628204,0.37628865242004395,0.1649484485387802,0.507155,0.6,CB
2026-05-17,0.149206,0.0,0.151163,0.442616,0.023256,0.081395,0.495969,0.516,CB
2026-05-31,0.206127,0.0,0.246914,0.525123,0.0,0.135802,0.498567,0.486,CB
2026-06-14,0.129252,0.0,0.1,0.473625,0.0,0.05,0.497801,0.24,CB
2026-06-28,0.8124623185396196,0.9849246144294739,0.9899497628211975,0.9396985173225403,1.0,0.16080401837825775,0.508252,0.6,CB
2026-07-12,0.20130434811115264,0.11413043737411499,0.239130437374115,0.09239130467176437,0.3804347813129425,0.10869564861059189,0.49342,0.6,CB
2026-07-26,0.4777005346864462,0.3368983864784241,0.5614973306655884,0.09090909361839294,0.048128340393304825,0.9197860956192017,0.508861,0.6,CB
2026-08-09,0.106484,0.0,0.0625,0.480469,0.0,0.0,0.486111,0.192,CB
2026-08-23,0.145913,0.0,0.173913,0.443478,0.0,0.043478,0.498768,0.138,CB
2026-09-06,0.3186010365188122,0.32642486691474915,0.4455958604812622,0.08808290213346481,0.5803108811378479,0.1347150206565857,0.498131,0.6,CB
2026-09-20,0.2616161617636681,0.22727273404598236,0.2929292917251587,0.16161616146564484,0.40909090638160706,0.16161616146564484,0.49722,0.6,CB
2026-10-02,0.620043295621872,0.5757575631141663,0.7965368032455444,0.7748917937278748,0.7402597665786743,0.12987013161182404,0.491799,0.6,CB
2025-10-05,0.131674,0.002146,0.109442,0.449453,0.012876,0.060086,0.4925,0.6,RP
2025-10-19,0.142334,0.005859,0.140625,0.472061,0.005859,0.044922,0.495147,0.6,RP
2025-11-02,0.45138615228235723,0.24257425963878632,0.3663366436958313,0.35148516297340393,0.4653465449810028,0.8069307208061218,0.49738,0.6,RP
2025-11-16,0.910628011226654,0.9613526463508606,0.9082125425338745,0.9613526463508606,0.3671497702598572,0.9613526463508606,0.491372,0.6,RP
2025-11-30,0.167021,0.065574,0.136612,0.499781,0.022951,0.077596,0.483729,0.6,RP
2025-12-14,0.116797,0.002137,0.087607,0.446239,0.019231,0.027778,0.491909,0.6,RP
2025-12-28,0.112489,0.002066,0.078512,0.443233,0.010331,0.02686,0.493894,0.6,RP
2026-01-11,0.12382,0.0,0.08881,0.454121,0.012433,0.053286,0.494835,0.6,RP
2026-01-25,0.147569,0.0,0.141623,0.462029,0.01209,0.075993,0.488352,0.6,RP
2026-02-08,0.108913,0.00335,0.072027,0.436918,0.001675,0.026801,0.496116,0.6,RP
2026-02-22,0.6119191902875901,0.5454545617103577,0.5252525210380554,0.35353535413742065,0.7626262903213501,0.7979797720909119,0.493068,0.6,RP
2026-03-08,0.5217619046568871,0.4952380955219269,0.4761904776096344,0.3142857253551483,0.7190476059913635,0.5952380895614624,0.496455,0.6,RP
2026-03-22,0.142681,0.008427,0.123596,0.474635,0.016854,0.061798,0.491802,0.6,RP
2026-04-05,0.191056,0.006834,0.218679,0.518144,0.034169,0.100228,0.490824,0.6,RP
2026-04-19,0.7500518238544464,0.7409326434135437,0.7202072739601135,0.5595855116844177,0.6943005323410034,0.8497409224510193,0.489515,0.6,RP
2026-05-03,0.6576288557052612,0.7319587469100952,0.5721649527549744,0.5463917255401611,0.6958763003349304,0.6494845151901245,0.491925,0.6,RP
2026-05-17,0.179293,0.007622,0.193598,0.513262,0.010671,0.094512,0.481944,0.6,RP
2026-05-31,0.105097,0.009631,0.0626,0.430225,0.020867,0.017657,0.498486,0.6,RP
2026-06-14,0.144158,0.005263,0.119298,0.483921,0.014035,0.070175,0.496097,0.6,RP
2026-06-28,0.6221105587482453,0.5829145908355713,0.552763819694519,0.5376884341239929,0.6482412219047546,0.713567852973938,0.495129,0.6,RP
2026-07-12,0.4688587009906769,0.3478260934352875,0.3695652186870575,0.44565218687057495,0.6304348111152649,0.625,0.495245,0.6,RP
2026-07-26,0.49700533986091616,0.31550800800323486,0.4385026693344116,0.6042780876159668,0.625668466091156,0.6310160160064697,0.497499,0.6,RP
2026-08-09,0.117679,0.004608,0.082949,0.450495,0.02765,0.029954,0.495741,0.6,RP
2026-08-23,0.137692,0.0,0.125628,0.451583,0.007538,0.065327,0.49086,0.6,RP
2026-09-06,0.6293264228105545,0.5181347131729126,0.5803108811378479,0.5647668242454529,0.7823834419250488,0.7150259017944336,0.49035,0.6,RP
2026-09-20,0.7056565666198731,0.6818181872367859,0.6565656661987305,0.7171717286109924,0.5858585834503174,0.7121211886405945,0.489336,0.6,RP
2026-10-02,0.6192207729816436,0.46320345997810364,0.5281385183334351,0.7316017150878906,0.6796537041664124,0.7575757503509521,0.495993,0.6,RP
2025-10-05,0.243023,0.15,0.25,0.612625,0.025,0.0875,0.468047,0.48,GG
2025-10-19,0.190439,0.036145,0.204819,0.566024,0.060241,0.048193,0.479187,0.498,GG
2025-11-02,0.5977227795124055,0.3762376308441162,0.6485148668289185,0.6237623691558838,0.9455445408821106,0.5544554591178894,0.473347,0.5443,GG
2025-11-16,0.6771980679035187,0.7681159377098083,0.5458937287330627,0.7536231875419617,0.8599033951759338,0.5362318754196167,0.481448,0.5443,GG
2025-11-30,0.193924,0.4,0.04,0.5618,0.0,0.0,0.473696,0.15,GG
2025-12-14,0.176254,0.0,0.166667,0.539375,0.083333,0.083333,0.487529,0.144,GG
2025-12-28,0.188381,0.190476,0.142857,0.580952,0.0,0.0,0.470748,0.126,GG
2026-01-11,0.306988,0.156863,0.431373,0.685882,0.0,0.058824,0.468489,0.306,GG
2026-01-25,0.272517,0.0,0.375,0.615833,0.166667,0.125,0.476452,0.144,GG
2026-02-08,0.211163,0.052632,0.157895,0.623421,0.0,0.157895,0.494233,0.114,GG
2026-02-22,0.7349494922161104,0.9292929172515869,0.7323232293128967,0.8787878751754761,0.8232323527336121,0.3232323229312897,0.483462,0.5443,GG
2026-03-08,0.9376666474342347,0.938095211982727,0.9095237851142883,0.9285714030265808,0.9571428298950195,0.9714285731315613,0.482171,0.5443,GG
2026-03-22,0.10568,0.039216,0.039216,0.473824,0.0,0.0,0.49352,0.306,GG
2026-04-05,0.153424,0.041667,0.180556,0.485069,0.0,0.0,0.459342,0.432,GG
2026-04-19,0.5081865239143373,0.8756476640701294,0.16580310463905334,0.9119170904159546,0.1606217622756958,0.32642486691474915,0.484253,0.5443,GG
2026-05-03,0.22865978583693505,0.07216494530439377,0.1340206116437912,0.3144329786300659,0.15463916957378387,0.3144329786300659,0.486047,0.5443,GG
2026-05-17,0.192656,0.0,0.1875,0.570312,0.0,0.125,0.480289,0.096,GG
2026-05-31,0.154843,0.0,0.142857,0.550714,0.142857,0.0,0.489056,0.084,GG
2026-06-14,0.146679,0.214286,0.0,0.576786,0.0,0.0,0.48023,0.084,GG
2026-06-28,0.8289447110891341,0.9497487545013428,0.9547738432884216,0.9145728349685669,0.9949748516082764,0.31658291816711426,0.4808,0.5443,GG
2026-07-12,0.5577717405557633,0.7554348111152649,0.6902173757553101,0.18478260934352875,0.9402173757553101,0.17934782803058624,0.492463,0.5443,GG
2026-07-26,0.41197860822081567,0.30481284856796265,0.5935828685760498,0.1871657818555832,0.8823529481887817,0.1764705926179886,0.468432,0.5443,GG
2026-08-09,0.144365,0.0,0.117647,0.57,0.058824,0.0,0.481638,0.102,GG
2026-08-23,0.13761,0.047619,0.142857,0.457619,0.0,0.0,0.490796,0.126,GG
2026-09-06,0.6813989686965943,0.8808290362358093,0.7409326434135437,0.7512953281402588,0.9170984625816345,0.17098446190357208,0.468926,0.5443,GG
2026-09-20,0.45797979831695557,0.691919207572937,0.3232323229312897,0.3181818127632141,0.6010100841522217,0.3232323229312897,0.486554,0.5443,GG
2026-10-02,0.6173593011498452,0.4372294247150421,0.6103895902633667,0.2554112672805786,0.7705627679824829,0.8614718317985535,0.491256,0.5443,GG
2025-10-05,0.154728,0.052083,0.119792,0.477656,0.0,0.083333,0.475834,0.6,CU
2025-10-19,0.140766,0.065868,0.107784,0.482964,0.005988,0.023952,0.484781,0.6,CU
2025-11-02,0.73207920730114,0.7574257254600525,0.7623762488365173,0.48514851927757263,0.9603960514068604,0.6435643434524536,0.476421,0.6,CU
2025-11-16,0.7437681186199188,0.966183602809906,0.4492753744125366,0.8212560415267944,0.5748792290687561,0.7874395847320557,0.466932,0.6,CU
2025-11-30,0.186383,0.022422,0.188341,0.540695,0.008969,0.098655,0.474526,0.6,CU
2025-12-14,0.194499,0.0,0.235294,0.543294,0.023529,0.082353,0.482976,0.51,CU
2025-12-28,0.103992,0.017544,0.046784,0.465,0.005848,0.005848,0.482131,0.6,CU
2026-01-11,0.157202,0.004734,0.134911,0.505426,0.023669,0.085207,0.481622,0.6,CU
2026-01-25,0.16501,0.017301,0.16609,0.497076,0.044983,0.065744,0.477359,0.6,CU
2026-02-08,0.128481,0.003497,0.115385,0.450577,0.031469,0.031469,0.478578,0.6,CU
2026-02-22,0.737424231171608,0.6515151262283325,0.7121211886405945,0.47979798913002014,0.8333333134651184,0.8383838534355164,0.481675,0.6,CU
2026-03-08,0.7321904760599137,0.9190475940704346,0.561904788017273,0.776190459728241,0.8285714387893677,0.6238095164299011,0.485203,0.6,CU
2026-03-22,0.135036,0.01312,0.110787,0.462945,0.024781,0.049563,0.478633,0.6,CU
2026-04-05,0.104844,0.0,0.080925,0.396532,0.028902,0.023121,0.479442,0.6,CU
2026-04-19,0.7221243488788606,0.7823834419250488,0.4922279715538025,0.7979274392127991,0.590673565864563,0.8445596098899841,0.479187,0.6,CU
2026-05-03,0.8862886589765548,0.9020618796348572,0.8144329786300659,0.8659793734550476,0.8659793734550476,0.876288652420044,0.471799,0.6,CU
2026-05-17,0.153313,0.019691,0.132208,0.502855,0.043601,0.056259,0.474662,0.6,CU
2026-05-31,0.175373,0.0,0.179641,0.508892,0.005988,0.107784,0.480164,0.6,CU
2026-06-14,0.162237,0.05137,0.15411,0.49226,0.047945,0.044521,0.481271,0.6,CU
2026-06-28,0.4231658214330673,0.6381909251213074,0.44723618030548096,0.1306532621383667,0.7537688612937927,0.1306532621383667,0.483229,0.6,CU
2026-07-12,0.5961956614255906,0.717391312122345,0.44021740555763245,0.135869562625885,0.679347813129425,0.7554348111152649,0.469454,0.6,CU
2026-07-26,0.7194652390480043,0.7914438247680664,0.5454545617103577,0.7272727489471436,0.8021390438079834,0.7112299203872681,0.470258,0.6,CU
2026-08-09,0.132339,0.015228,0.111675,0.482538,0.060914,0.010152,0.476285,0.6,CU
2026-08-23,0.147682,0.021201,0.155477,0.478092,0.0,0.031802,0.479736,0.6,CU
2026-09-06,0.6744041341543198,0.6994818449020386,0.6632124185562134,0.12953367829322815,0.7357512712478638,0.7772020697593689,0.477537,0.6,CU
2026-09-20,0.9129292917251588,0.8888888955116272,0.9141414165496826,0.8939393758773804,0.9898989796638489,0.7676767706871033,0.478282,0.6,CU
2026-10-02,0.6167099678516388,0.6536796689033508,0.4848484992980957,0.16883116960525513,0.6926407217979431,0.8571428656578064,0.478959,0.6,CU
2025-10-05,0.097578,0.024793,0.024793,0.45624,0.008264,0.008264,0.485713,0.6,CO
2025-10-19,0.204644,0.01735,0.222397,0.541751,0.031546,0.126183,0.471463,0.6,CO
2025-11-02,0.7770792335271834,0.7029703259468079,0.7029703259468079,0.7326732873916626,0.8168317079544067,0.8267326951026917,0.481623,0.6,CO
2025-11-16,0.639420289695263,0.6859903335571289,0.8067632913589478,0.512077271938324,0.4202898442745209,0.39613527059555054,0.47662,0.6,CO
2025-11-30,0.120781,0.0,0.090909,0.447338,0.025974,0.038961,0.487844,0.462,CO
2025-12-14,0.180705,0.024691,0.160494,0.53821,0.012346,0.111111,0.478825,0.486,CO
2025-12-28,0.175507,0.0,0.219512,0.519756,0.0,0.04878,0.474359,0.246,CO
2026-01-11,0.161036,0.014286,0.164286,0.46925,0.057143,0.071429,0.482616,0.6,CO
2026-01-25,0.122613,0.014925,0.119403,0.420821,0.029851,0.014925,0.489579,0.402,CO
2026-02-08,0.109306,0.018868,0.056604,0.48566,0.0,0.0,0.477663,0.318,CO
2026-02-22,0.515555562376976,0.6262626051902771,0.27272728085517883,0.4747474789619446,0.4545454680919647,0.7626262903213501,0.48566,0.6,CO
2026-03-08,0.8970476168394089,0.8761904835700989,0.8761904835700989,0.9095237851142883,0.8714285492897034,0.9523809552192688,0.489386,0.6,CO
2026-03-22,0.201514,0.0,0.25,0.553864,0.0,0.090909,0.46847,0.528,CO
2026-04-05,0.136535,0.0,0.135135,0.446216,0.0,0.054054,0.497061,0.222,CO
2026-04-19,0.7957513037323951,0.8290155529975891,0.7668393850326538,0.8445596098899841,0.06735751032829285,0.984455943107605,0.477974,0.6,CO
2026-05-03,0.15324741743505002,0.2989690601825714,0.05154639109969139,0.2010309249162674,0.07216494530439377,0.12886597216129303,0.487357,0.6,CO
2026-05-17,0.197276,0.0,0.242647,0.497941,0.0,0.125,0.478898,0.6,CO
2026-05-31,0.157908,0.0,0.163333,0.43875,0.026667,0.103333,0.488923,0.6,CO
2026-06-14,0.170623,0.0,0.166667,0.473833,0.0,0.133333,0.488167,0.18,CO
2026-06-28,0.8577386927604674,0.7889447212219238,0.9045225977897644,0.7537688612937927,0.8190954923629761,0.9648241400718689,0.488263,0.6,CO
2026-07-12,0.8847826099395752,0.89673912525177,0.83152174949646,0.8369565010070801,0.8804348111152649,0.9836956262588501,0.475678,0.6,CO
2026-07-26,0.6678609617054463,0.7860962748527527,0.855614960193634,0.9197860956192017,0.08556149899959564,0.16577540338039398,0.47863,0.6,CO
2026-08-09,0.173049,0.0,0.164474,0.490987,0.006579,0.131579,0.482926,0.6,CO
2026-08-23,0.208843,0.0,0.25,0.490486,0.055556,0.152778,0.497062,0.432,CO
2026-09-06,0.907253882586956,0.9430052042007446,0.9119170904159546,0.9326424598693848,0.42487046122550964,0.9896373152732849,0.472486,0.6,CO
2026-09-20,0.9307070803642272,0.8989899158477783,0.9747474789619446,0.9292929172515869,0.7171717286109924,0.8232323527336121,0.485599,0.6,CO
2026-10-02,0.6086147195100784,0.4458874464035034,0.6277056336402893,0.09956710040569305,0.8311688303947449,0.8181818127632141,0.492384,0.6,CO
2024-12-01,0.3698689898848534,0.5982532501220703,0.06550218164920807,0.528384268283844,0.24890829622745514,0.4628821015357971,0.5414847135543823,0.0186,EGY
2025-04-20,0.6078048688173293,0.47804877161979675,0.8292682766914368,0.6341463327407837,0.25853657722473145,0.4097560942173004,0.4536585509777069,0.0186,EGY
2025-10-05,0.101035,0.003937,0.055118,0.419134,0.007874,0.027559,0.50376,0.6,EZ
2025-10-19,0.075596,0.017094,0.051282,0.298419,0.0,0.008547,0.491376,0.6,EZ
2025-11-02,0.36346534736454483,0.5495049357414246,0.08415841311216354,0.7029703259468079,0.07425742596387863,0.4801980257034302,0.498904,0.6,EZ
2025-11-16,0.311497592702508,0.14009661972522736,0.08695652335882187,0.695652186870575,0.10144927352666855,0.5700483322143555,0.501471,0.6,EZ
2025-11-30,0.090536,0.0,0.04,0.378533,0.0,0.04,0.501557,0.45,EZ
2025-12-14,0.152466,0.0,0.15625,0.503281,0.0625,0.03125,0.500642,0.192,EZ
2025-12-28,0.09275,0.0,0.045455,0.373864,0.0,0.045455,0.507838,0.264,EZ
2026-01-11,0.13088,0.0,0.1,0.416,0.0,0.1,0.509591,0.12,EZ
2026-01-25,0.067453,0.018868,0.0,0.353774,0.0,0.0,0.496744,0.318,EZ
2026-02-08,0.085878,0.0,0.020408,0.440816,0.0,0.0,0.491184,0.294,EZ
2026-02-22,0.6964646422863007,0.6464646458625793,0.7676767706871033,0.7373737096786499,0.6212121248245239,0.5252525210380554,0.493244,0.6,EZ
2026-03-08,0.6283333345875144,0.4571428596973419,0.6857143044471741,0.699999988079071,0.06190476194024086,0.8047618865966797,0.497665,0.6,EZ
2026-03-22,0.159151,0.081081,0.135135,0.507297,0.027027,0.027027,0.48645,0.222,EZ
2026-04-05,0.123354,0.0,0.108108,0.493108,0.0,0.0,0.48931,0.222,EZ
2026-04-19,0.7856994837522508,0.9740932583808899,0.8756476640701294,0.9637305736541748,0.9430052042007446,0.1865285038948059,0.483192,0.6,EZ
2026-05-03,0.5331443211436271,0.37628865242004395,0.5257731676101685,0.2525773048400879,0.6649484634399414,0.7371134161949158,0.499554,0.6,EZ
2026-05-17,0.111207,0.0,0.071429,0.443214,0.0,0.035714,0.495751,0.168,EZ
2026-05-31,0.076827,0.0,0.0,0.426818,0.0,0.0,0.499583,0.132,EZ
2026-06-14,0.099324,0.0,0.037037,0.436574,0.0,0.037037,0.49094,0.324,EZ
2026-06-28,0.34346733868122103,0.643216073513031,0.2713567912578583,0.17587940394878387,0.42211055755615234,0.17085427045822144,0.497859,0.6,EZ
2026-07-12,0.19070652417838574,0.34239131212234497,0.06521739065647125,0.1195652186870575,0.10869564861059189,0.239130437374115,0.510869,0.6,EZ
2026-07-26,0.6593048044294119,0.8395721912384033,0.893048107624054,0.8181818127632141,0.10695187002420425,0.12834224104881287,0.487422,0.6,EZ
2026-08-09,0.06399,0.0,0.0,0.3555,0.0,0.0,0.490721,0.06,EZ
2026-08-23,0.07065,0.0,0.0,0.3925,0.0,0.0,0.503916,0.072,EZ
2026-09-06,0.2730569947510958,0.24870465695858002,0.37823835015296936,0.19170984625816345,0.10880828648805618,0.2331606149673462,0.510626,0.6,EZ
2026-09-20,0.10469697043299675,0.03030303120613098,0.04545454680919647,0.17676767706871033,0.10606060922145844,0.1111111119389534,0.502401,0.6,EZ
2026-10-02,0.6059740243852139,0.5670995712280273,0.6017315983772278,0.2770562767982483,0.31168830394744873,0.9696969985961914,0.499862,0.6,EZ
2025-10-05,0.1591,0.0,0.130435,0.560217,0.086957,0.043478,0.474958,0.138,EN
2025-10-19,0.201781,0.0,0.285714,0.520476,0.238095,0.0,0.491151,0.126,EN
2025-11-02,0.7593069291114807,0.8811880946159363,0.9702970385551453,0.9257425665855408,0.09405940771102905,0.37128713726997375,0.486282,0.5567,EN
2025-11-16,0.3938647324591875,0.21739129722118378,0.5507246255874634,0.5024154782295227,0.1111111119389534,0.36231884360313416,0.493474,0.5567,EN
2025-11-30,0.2239,0.0,0.333333,0.521667,0.333333,0.0,0.490668,0.036,EN
2025-12-14,0.07965,0.0,0.0,0.4425,0.0,0.0,0.502552,0.06,EN
2025-12-28,0.207344,0.0,0.222222,0.460556,0.0,0.222222,0.48912,0.054,EN
2026-01-11,0.145843,0.0,0.142857,0.500714,0.142857,0.0,0.482597,0.042,EN
2026-01-25,0.064516,0.0,0.0,0.358421,0.0,0.0,0.494874,0.114,EN
2026-02-08,0.160675,0.0,0.125,0.50375,0.0,0.125,0.484692,0.048,EN
2026-02-22,0.40525253064930444,0.28282827138900757,0.3030303120613098,0.7171717286109924,0.035353533923625946,0.5454545617103577,0.492568,0.5567,EN
2026-03-08,0.2613333354145289,0.24285714328289032,0.05238095298409462,0.5,0.08571428805589676,0.4571428596973419,0.509907,0.5567,EN
2026-04-05,0.290644,0.0,0.333333,0.627037,0.0,0.296296,0.483621,0.162,EN
2026-05-03,0.6040721697360278,0.9226804375648499,0.5515463948249817,0.938144326210022,0.10309278219938278,0.1855670064687729,0.482575,0.5567,EN
2026-05-17,0.13528,0.0,0.146341,0.44939,0.02439,0.02439,0.488735,0.246,EN
2026-05-31,0.108068,0.0,0.054054,0.468243,0.0,0.027027,0.498172,0.222,EN
2026-06-28,0.13035175714641808,0.030150754377245903,0.09045226126909256,0.20603014528751373,0.10050251334905624,0.20603014528751373,0.504578,0.5567,EN
2026-07-12,0.1094021711871028,0.027173912152647972,0.054347824305295944,0.20652173459529877,0.09782608598470688,0.21195651590824127,0.515311,0.5567,EN
2026-08-09,0.1192,0.0,0.090909,0.44,0.0,0.045455,0.487736,0.132,EN
2026-08-23,0.089109,0.0,0.045455,0.353636,0.0,0.045455,0.490472,0.132,EN
2026-09-06,0.3148186510056257,0.21243523061275482,0.4196891188621521,0.18134714663028717,0.4818652868270874,0.24352331459522247,0.486377,0.5567,EN
2026-09-20,0.4306060644984246,0.7070707082748413,0.4747474789619446,0.19696970283985138,0.09090909361839294,0.19191919267177582,0.486811,0.5567,EN
2026-10-02,0.6049783509969712,0.709956705570221,0.7056276798248291,0.8008658289909363,0.7316017150878906,0.095238097012043,0.488163,0.5567,EN
2024-11-17,0.6036818179488181,0.5181818008422852,0.800000011920929,0.6272727251052856,0.3499999940395355,0.4318181872367859,0.5272727012634277,0.0062,BGR
2025-10-05,0.118312,0.015152,0.080808,0.444419,0.013468,0.035354,0.493495,0.6,GM
2025-10-19,0.169527,0.043609,0.16391,0.495534,0.021053,0.073684,0.489693,0.6,GM
2025-11-02,0.6825247502326965,0.4653465449810028,0.6534653306007385,0.6534653306007385,0.8069307208061218,0.8712871074676514,0.49264,0.6,GM
2025-11-16,0.6882608723640442,0.6473429799079895,0.7198067903518677,0.7342995405197144,0.5265700221061707,0.5942028760910034,0.491693,0.6,GM
2025-11-30,0.155141,0.04793,0.130719,0.4793,0.03268,0.063181,0.494857,0.6,GM
2025-12-14,0.109077,0.005272,0.070299,0.419104,0.017575,0.036907,0.492442,0.6,GM
2025-12-28,0.158827,0.004751,0.154394,0.49177,0.0,0.083135,0.491581,0.6,GM
2026-01-11,0.117072,0.020997,0.07874,0.421982,0.014436,0.044619,0.495631,0.6,GM
2026-01-25,0.183361,0.024,0.188,0.503337,0.02,0.11,0.489422,0.6,GM
2026-02-08,0.163671,0.010899,0.158038,0.482248,0.008174,0.098093,0.488947,0.6,GM
2026-02-22,0.5164646506309509,0.36868685483932495,0.4191919267177582,0.6515151262283325,0.5101010203361511,0.7020202279090881,0.4974,0.6,GM
2026-03-08,0.6268571552634239,0.5095238089561462,0.6000000238418579,0.6904761791229248,0.6666666865348816,0.6476190686225891,0.493034,0.6,GM
2026-03-22,0.126668,0.015385,0.087179,0.462256,0.002564,0.051282,0.493314,0.6,GM
2026-04-05,0.148521,0.015424,0.125964,0.481645,0.007712,0.07455,0.490768,0.6,GM
2026-04-19,0.5359067317843438,0.5440414547920227,0.36269429326057434,0.3212435245513916,0.5440414547920227,0.8238341808319092,0.27979275584220886,0.6,GM
2026-05-03,0.47556700602173807,0.41237112879753113,0.4175257682800293,0.2989690601825714,0.5567010045051575,0.6546391844749451,0.7628865838050842,0.6,GM
2026-05-17,0.114921,0.004082,0.079592,0.426316,0.002041,0.04898,0.493925,0.6,GM
2026-05-31,0.144424,0.004505,0.128378,0.453131,0.02027,0.081081,0.493004,0.6,GM
2026-06-14,0.129,0.0,0.105128,0.458833,0.015385,0.048718,0.494011,0.6,GM
2026-06-28,0.5203015196323395,0.5678392052650452,0.35175880789756775,0.2964824140071869,0.47236180305480957,0.7688442468643188,0.643216073513031,0.6,GM
2026-07-12,0.6247282588481904,0.41304346919059753,0.679347813129425,0.33152174949645996,0.5380434989929199,0.85326087474823,0.29347825050354004,0.6,GM
2026-07-26,0.7446524077653885,0.6363636255264282,0.6631016135215759,0.7219251394271851,0.7540106773376465,0.866310179233551,0.7486631274223328,0.6,GM
2026-08-09,0.191898,0.018182,0.197727,0.525443,0.013636,0.122727,0.483472,0.6,GM
2026-08-23,0.135396,0.003899,0.11306,0.453304,0.0,0.070175,0.492234,0.6,GM
2026-09-06,0.6084455993771554,0.6787564754486084,0.5284973978996277,0.32642486691474915,0.5595855116844177,0.7202072739601135,0.491894,0.6,GM
2026-09-20,0.7296969717741013,0.7171717286109924,0.752525269985199,0.7323232293128967,0.5909090638160706,0.6363636255264282,0.492195,0.6,GM
2026-10-02,0.6029004362225532,0.7316017150878906,0.5714285969734192,0.21212121844291687,0.7878788113594055,0.5627705454826355,0.493074,0.6,GM
2025-10-05,0.145237,0.01,0.135,0.46715,0.005,0.065,0.489337,0.6,ZI
2025-10-19,0.174978,0.039326,0.151685,0.489579,0.011236,0.123596,0.487934,0.6,ZI
2025-11-02,0.4029703035950661,0.27227723598480225,0.3217821717262268,0.6188119053840637,0.7623762488365173,0.3564356565475464,0.494736,0.6,ZI
2025-11-16,0.6092270588874817,0.5072463750839233,0.483091801404953,0.6280193328857422,0.52173912525177,0.9082125425338745,0.49205,0.6,ZI
2025-11-30,0.119012,0.03871,0.070968,0.466194,0.0,0.019355,0.488215,0.6,ZI
2025-12-14,0.113675,0.011834,0.071006,0.458284,0.005917,0.023669,0.495518,0.6,ZI
2025-12-28,0.18599,0.020202,0.191919,0.513636,0.020202,0.111111,0.47617,0.594,ZI
2026-01-11,0.104181,0.0,0.059603,0.428675,0.0,0.033113,0.492202,0.6,ZI
2026-01-25,0.121208,0.0,0.106557,0.433852,0.016393,0.032787,0.488435,0.6,ZI
2026-02-08,0.113269,0.0,0.080925,0.462283,0.0,0.017341,0.486753,0.6,ZI
2026-02-22,0.6180807960033418,0.4595959484577179,0.6515151262283325,0.7121211886405945,0.5252525210380554,0.6818181872367859,0.496099,0.6,ZI
2026-03-08,0.7277619087696077,0.6571428775787354,0.6619047522544861,0.6952381134033203,0.723809540271759,0.8619047403335571,0.498923,0.6,ZI
2026-03-22,0.110023,0.007092,0.06383,0.452057,0.0,0.028369,0.492377,0.6,ZI
2026-04-05,0.133763,0.007634,0.114504,0.449656,0.0,0.061069,0.492507,0.6,ZI
2026-04-19,0.5808808326721191,0.6321243643760681,0.5181347131729126,0.6943005323410034,0.606217622756958,0.46113988757133484,0.490654,0.6,ZI
2026-05-03,0.571340201497078,0.5773195624351501,0.469072163105011,0.7577319741249084,0.7164948582649231,0.4845360815525055,0.494237,0.6,ZI
2026-05-17,0.138641,0.004505,0.117117,0.459167,0.004505,0.072072,0.493167,0.6,ZI
2026-05-31,0.182322,0.0,0.184783,0.516522,0.021739,0.119565,0.485937,0.552,ZI
2026-06-14,0.13562,0.014493,0.108696,0.477681,0.021739,0.043478,0.48675,0.6,ZI
2026-06-28,0.4276884381473065,0.30150753259658813,0.34170854091644287,0.7085427045822144,0.643216073513031,0.4271356761455536,0.498318,0.6,ZI
2026-07-12,0.6845108830928803,0.6413043737411499,0.570652186870575,0.510869562625885,0.875,0.820652186870575,0.48577,0.6,ZI
2026-07-26,0.6349732783436774,0.6470588445663452,0.529411792755127,0.5133689641952515,0.7112299203872681,0.7486631274223328,0.499319,0.6,ZI
2026-08-09,0.13835,0.006897,0.117241,0.469759,0.0,0.062069,0.490025,0.6,ZI
2026-08-23,0.122674,0.0,0.08589,0.452822,0.006135,0.055215,0.494426,0.6,ZI
2026-09-06,0.6965803009271622,0.6943005323410034,0.772020697593689,0.6787564754486084,0.8497409224510193,0.46113988757133484,0.488403,0.6,ZI
2026-09-20,0.8056565642356873,0.8232323527336121,0.7828282713890076,0.6969696879386902,0.9595959782600403,0.747474730014801,0.478357,0.6,ZI
2026-10-02,0.6026406872272492,0.411255419254303,0.536796510219574,0.6190476417541504,0.7445887327194214,0.709956705570221,0.489299,0.6,ZI
2025-10-05,0.16633,0.016807,0.151907,0.49491,0.006464,0.103426,0.489198,0.6,PK
2025-10-19,0.163503,0.002566,0.157793,0.467716,0.017319,0.112893,0.48682,0.6,PK
2025-11-02,0.8809406036138535,0.8663366436958313,0.8564356565475464,0.8465346693992615,0.801980197429657,0.9009901285171509,0.486047,0.6,PK
2025-11-16,0.6489371985197068,0.6183574795722961,0.6135265827178955,0.20772947371006012,0.6473429799079895,0.8502415418624878,0.490875,0.6,PK
2025-11-30,0.189007,0.020961,0.188646,0.506419,0.017467,0.133624,0.486104,0.6,PK
2025-12-14,0.194334,0.002235,0.206704,0.523145,0.012291,0.136313,0.483035,0.6,PK
2025-12-28,0.1937,0.013805,0.198447,0.518831,0.018982,0.136324,0.486623,0.6,PK
2026-01-11,0.156483,0.03428,0.128306,0.483129,0.009794,0.087169,0.485841,0.6,PK
2026-01-25,0.160989,0.011483,0.150239,0.493584,0.01244,0.087081,0.487115,0.6,PK
2026-02-08,0.191591,0.015782,0.193687,0.531237,0.010043,0.125538,0.48124,0.6,PK
2026-02-22,0.9310101103782655,0.9696969985961914,0.939393937587738,0.9696969985961914,0.46464645862579346,0.9595959782600403,0.474909,0.6,PK
2026-03-08,0.9311904793977739,0.9047619104385376,0.9238095283508301,0.9238095283508301,0.8761904835700989,0.8952381014823914,0.476552,0.6,PK
2026-03-22,0.188067,0.013459,0.196501,0.525303,0.016151,0.111709,0.485282,0.6,PK
2026-04-05,0.147189,0.009605,0.122732,0.48047,0.004269,0.080043,0.487417,0.6,PK
2026-04-19,0.644663205742836,0.4559585452079773,0.6994818449020386,0.6165803074836731,0.6165803074836731,0.7046632170677185,0.486888,0.6,PK
2026-05-03,0.7379381400346756,0.5979381203651428,0.7113401889801025,0.6030927896499634,0.7989690899848938,0.8092783689498901,0.485998,0.6,PK
2026-05-17,0.152216,0.0036,0.134113,0.463605,0.007201,0.10261,0.488496,0.6,PK
2026-05-31,0.1473,0.017582,0.12967,0.489275,0.010989,0.056044,0.488943,0.6,PK
2026-06-14,0.165699,0.018139,0.153785,0.478517,0.008675,0.108833,0.486913,0.6,PK
2026-06-28,0.9199999946355819,0.8944723606109619,0.9195979833602905,0.9195979833602905,0.7437185645103455,0.8743718862533569,0.471851,0.6,PK
2026-07-12,0.680597819685936,0.54347825050354,0.635869562625885,0.625,0.532608687877655,0.8152173757553101,0.483096,0.6,PK
2026-07-26,0.7911764720082284,0.7967914342880249,0.7754010558128357,0.7860962748527527,0.49197861552238464,0.7647058963775635,0.485487,0.6,PK
2026-08-09,0.161249,0.013605,0.151701,0.469976,0.008163,0.103401,0.490276,0.6,PK
2026-08-23,0.151862,0.006154,0.14,0.461285,0.009231,0.092308,0.487267,0.6,PK
2026-09-06,0.8287564837932586,0.787564754486084,0.7823834419250488,0.8445596098899841,0.6994818449020386,0.9170984625816345,0.487574,0.6,PK
2026-09-20,0.883333323597908,0.8434343338012695,0.868686854839325,0.8333333134651184,0.8787878751754761,0.8888888955116272,0.480896,0.6,PK
2026-10-02,0.6015151420235634,0.4935064911842346,0.5627705454826355,0.43290042877197266,0.2857142984867096,0.8051947951316833,0.486741,0.6,PK
2025-10-05,0.180701,0.002591,0.170984,0.506917,0.018135,0.137306,0.486896,0.6,SY
2025-10-19,0.179163,0.015152,0.174242,0.486932,0.0,0.136364,0.484604,0.6,SY
2025-11-02,0.5066336661577224,0.28217822313308716,0.5,0.4009900987148285,0.4900990128517151,0.6881188154220581,0.487232,0.6,SY
2025-11-16,0.851062805056572,0.7342995405197144,0.8888888955116272,0.7439613342285156,0.8888888955116272,0.8695651888847351,0.486288,0.6,SY
2025-11-30,0.242237,0.006329,0.287975,0.557611,0.041139,0.189873,0.478405,0.6,SY
2025-12-14,0.300468,0.0,0.348534,0.630086,0.017915,0.309446,0.470442,0.6,SY
2025-12-28,0.300055,0.056863,0.343137,0.635382,0.027451,0.260784,0.47085,0.6,SY
2026-01-11,0.281475,0.003797,0.339241,0.590405,0.034177,0.264557,0.476208,0.6,SY
2026-01-25,0.174639,0.00519,0.181661,0.478581,0.015571,0.117647,0.484855,0.6,SY
2026-02-08,0.157236,0.0,0.165605,0.448551,0.019108,0.092357,0.495556,0.6,SY
2026-02-22,0.5933333379030228,0.4848484992980957,0.5505050420761108,0.3080808222293854,0.5353535413742065,0.8030303120613098,0.481587,0.6,SY
2026-03-08,0.840857145190239,0.8476190567016602,0.9190475940704346,0.8952381014823914,0.7809523940086365,0.5904762148857117,0.488803,0.6,SY
2026-03-22,0.195603,0.027778,0.177778,0.559833,0.005556,0.133333,0.482401,0.6,SY
2026-04-05,0.138289,0.003636,0.118182,0.441809,0.014545,0.08,0.48908,0.6,SY
2026-04-19,0.8238859981298446,0.8497409224510193,0.787564754486084,0.787564754486084,0.8808290362358093,0.7357512712478638,0.48952,0.6,SY
2026-05-03,0.797938137948513,0.7577319741249084,0.8247422575950623,0.7835051417350769,0.42268040776252747,0.7938144207000732,0.487077,0.6,SY
2026-05-17,0.172968,0.016304,0.173913,0.484484,0.01087,0.108696,0.487885,0.6,SY
2026-05-31,0.166816,0.004902,0.166667,0.479314,0.004902,0.107843,0.490862,0.6,SY
2026-06-14,0.169908,0.015152,0.161616,0.464697,0.0,0.131313,0.497859,0.6,SY
2026-06-28,0.8580402135849,0.9246231317520142,0.8090452551841736,0.9497487545013428,0.5226130485534668,0.7487437129020691,0.478378,0.6,SY
2026-07-12,0.55951087474823,0.4836956560611725,0.375,0.60326087474823,0.46195653080940247,0.7989130616188049,0.496677,0.6,SY
2026-07-26,0.6936363631486894,0.5775400996208191,0.6844919919967651,0.5989304780960083,0.8074866533279419,0.7540106773376465,0.486795,0.6,SY
2026-08-09,0.173364,0.0,0.20339,0.462034,0.019774,0.09887,0.493316,0.6,SY
2026-08-23,0.155896,0.00155,0.147287,0.466434,0.031008,0.093023,0.484305,0.6,SY
2026-09-06,0.7655440324544907,0.6891191601753235,0.7150259017944336,0.7616580128669739,0.6632124185562134,0.8497409224510193,0.489019,0.6,SY
2026-09-20,0.8447474670410156,0.7323232293128967,0.8434343338012695,0.7828282713890076,0.8838383555412292,0.9090909361839294,0.482281,0.6,SY
2026-10-02,0.6002597427368164,0.43290042877197266,0.4675324559211731,0.6883116960525513,0.6277056336402893,0.7878788113594055,0.485356,0.6,SY
2025-08-24,0.25000000283122065,0.5858585834503174,0.04040404036641121,0.21212121844291687,0.18686868250370026,0.19696970283985138,0.2777777910232544,0.3278,PHL
2025-10-05,0.3575520811975002,0.1979166716337204,0.4947916567325592,0.328125,0.8541666865348816,0.2083333283662796,0.0729166641831398,0.3278,PHL
2025-11-02,0.6380693034827709,0.6237623691558838,0.8712871074676514,0.7425742745399475,0.1336633712053299,0.2871287167072296,0.7425742745399475,0.3278,PHL
2026-01-11,0.38280611924827107,0.19387754797935486,0.5051020383834839,0.20408163964748383,0.8061224222183228,0.31122449040412903,0.040816325694322586,0.3278,PHL
2026-02-08,0.593705583512783,0.5786802172660828,0.8680202960968018,0.20812182128429413,0.9695431590080261,0.3096446692943573,0.13197968900203705,0.3278,PHL
2026-05-17,0.3613705536723137,0.2893401086330414,0.15736040472984314,0.6091370582580566,0.29441624879837036,0.6040608882904053,0.3096446692943573,0.3278,PHL
2026-05-31,0.8837878715991974,0.8838383555412292,0.9545454382896423,0.939393937587738,0.9747474789619446,0.5707070827484131,0.9090909361839294,0.3278,PHL
2026-08-23,0.5999453520774841,0.7978141903877258,0.568306028842926,0.6830601096153259,0.24590164422988892,0.5027322173118591,0.7322404384613037,0.3278,PHL
2025-10-05,0.331648,0.0,0.407407,0.575,0.0,0.407407,0.474737,0.162,CG
2025-10-19,0.313315,0.0,0.423077,0.599615,0.076923,0.269231,0.487066,0.156,CG
2025-11-02,0.8493069300055505,0.9801980257034302,1.0,1.0,0.32673266530036926,0.42574256658554077,0.477285,0.5753,CG
2025-11-16,0.748840560913086,0.8695651888847351,0.8550724387168884,0.9371980428695679,0.260869562625885,0.4106280207633972,0.493869,0.5753,CG
2025-11-30,0.063437,0.0,0.0,0.352429,0.0,0.0,0.494333,0.21,CG
2025-12-14,0.128132,0.0,0.090909,0.429015,0.0,0.090909,0.489275,0.396,CG
2025-12-28,0.197169,0.0625,0.1875,0.525938,0.0,0.125,0.47799,0.096,CG
2026-01-11,0.123026,0.0,0.111111,0.372778,0.037037,0.074074,0.48026,0.162,CG
2026-01-25,0.06318,0.0,0.0,0.351,0.0,0.0,0.468591,0.06,CG
2026-02-08,0.04248,0.0,0.0,0.236,0.0,0.0,0.489255,0.03,CG
2026-02-22,0.9370201992988586,0.9747474789619446,0.9898989796638489,1.0,0.3181818127632141,0.9949495196342468,0.474005,0.5753,CG
2026-03-08,0.26647619500756264,0.21904762089252472,0.02380952425301075,0.43809524178504944,0.3333333432674408,0.41428571939468384,0.502646,0.5753,CG
2026-03-22,0.210565,0.0,0.217391,0.493478,0.0,0.217391,0.475017,0.138,CG
2026-04-05,0.069525,0.0,0.0,0.38625,0.0,0.0,0.50851,0.048,CG
2026-04-19,0.5106217676401138,0.4922279715538025,0.818652868270874,0.13989637792110443,0.8756476640701294,0.14507772028446198,0.494181,0.5753,CG
2026-05-03,0.797938157916069,0.7989690899848938,0.9020618796348572,0.13917525112628937,0.8917526006698608,0.9226804375648499,0.461418,0.5753,CG
2026-05-17,0.084124,0.0,0.014184,0.423227,0.0,0.014184,0.46691,0.6,CG
2026-05-31,0.110185,0.0,0.069444,0.433125,0.0,0.041667,0.482423,0.432,CG
2026-06-14,0.191312,0.0,0.176471,0.513824,0.0,0.176471,0.473595,0.102,CG
2026-06-28,0.21809045173227787,0.1909547746181488,0.28140702843666077,0.14572864770889282,0.07537688314914703,0.14572864770889282,0.468487,0.5753,CG
2026-07-12,0.584945655465126,0.46195653080940247,0.70652174949646,0.77173912525177,0.8695651888847351,0.17391304671764374,0.481925,0.5753,CG
2026-07-26,0.8606951969861985,0.9090909361839294,0.8074866533279419,0.855614960193634,0.5347593426704407,0.9411764740943909,0.468997,0.5753,CG
2026-08-09,0.156196,0.0,0.166667,0.467292,0.125,0.041667,0.493655,0.144,CG
2026-08-23,0.090541,0.0,0.037037,0.387778,0.0,0.037037,0.490472,0.162,CG
2026-09-06,0.4450258983671665,0.575129508972168,0.6528497338294983,0.15544041991233826,0.07772020995616913,0.1606217622756958,0.490112,0.5753,CG
2026-09-20,0.11762626342475413,0.035353533923625946,0.04040404036641121,0.14646464586257935,0.08080808073282242,0.14646464586257935,0.488181,0.5753,CG
2026-10-02,0.5972727298736572,0.9870129823684692,0.4199134111404419,0.9696969985961914,0.5108225345611572,0.10822510719299316,0.476433,0.5753,CG
2025-10-05,0.123981,0.0,0.064516,0.488065,0.0,0.064516,0.508435,0.186,SL
2025-10-19,0.063,0.0,0.0,0.35,0.0,0.0,0.504081,0.018,SL
2025-11-02,0.1862871301546693,0.05445544421672821,0.13861386477947235,0.3762376308441162,0.03465346619486809,0.30693069100379944,0.514604,0.532,SL
2025-11-16,0.7047826170921326,0.95652174949646,0.7101449370384216,0.8985507488250732,0.7971014380455017,0.21256038546562195,0.480627,0.532,SL
2025-11-30,0.108,0.0,0.0,0.6,0.0,0.0,0.477738,0.006,SL
2025-12-14,0.084068,0.0,0.037736,0.385283,0.037736,0.0,0.487385,0.318,SL
2025-12-28,0.071871,0.0,0.0,0.399286,0.0,0.0,0.481745,0.042,SL
2026-01-11,0.23923,0.0,0.35,0.5735,0.0,0.1,0.471125,0.12,SL
2026-02-08,0.171014,0.0,0.285714,0.442143,0.0,0.0,0.483791,0.042,SL
2026-03-08,0.4974285725411028,0.2142857164144516,0.5,0.4000000059604645,0.014285714365541935,0.9476190209388733,0.48363,0.532,SL
2026-03-22,0.121442,0.0,0.083333,0.415417,0.0,0.083333,0.473361,0.072,SL
2026-04-05,0.182861,0.0,0.217391,0.513478,0.0,0.086957,0.475625,0.138,SL
2026-04-19,0.5693782317638397,0.2331606149673462,0.6010362505912781,0.5699481964111328,0.6528497338294983,0.9585492014884949,0.488902,0.532,SL
2026-05-03,0.31762885287404063,0.10824742168188095,0.15463916957378387,0.5360824465751648,0.27835050225257874,0.5773195624351501,0.508638,0.532,SL
2026-05-17,0.09,0.0,0.0,0.5,0.0,0.0,0.510899,0.006,SL
2026-05-31,0.185014,0.0,0.214286,0.456429,0.0,0.142857,0.497042,0.084,SL
2026-06-14,0.105011,0.0,0.055556,0.410556,0.0,0.055556,0.504302,0.108,SL
2026-07-26,0.5841176435351372,0.28342247009277344,0.5561497211456299,0.614973247051239,0.5240641832351685,0.9679144620895386,0.515997,0.532,SL
2026-08-09,0.072123,0.0,0.0,0.400682,0.0,0.0,0.500532,0.132,SL
2026-08-23,0.0234,0.0,0.0,0.13,0.0,0.0,0.47619,0.006,SL
2026-09-06,0.41253886029124265,0.13989637792110443,0.3678756356239319,0.5803108811378479,0.6321243643760681,0.5699481964111328,0.497402,0.532,SL
2026-09-20,0.3050505033135414,0.13131313025951385,0.18686868250370026,0.5,0.24747474491596222,0.5,0.501896,0.532,SL
2026-10-02,0.5953246685862542,0.5844155550003052,0.709956705570221,0.40692639350891113,0.9177489280700684,0.411255419254303,0.495448,0.532,SL
2025-10-05,0.106086,0.004619,0.064665,0.412436,0.011547,0.039261,0.501333,0.6,QA
2025-10-19,0.07785,0.0,0.040073,0.327158,0.01275,0.021858,0.497282,0.6,QA
2025-11-02,0.2770792056620121,0.1782178282737732,0.22772277891635895,0.3316831588745117,0.4455445408821106,0.3465346395969391,0.502825,0.6,QA
2025-11-16,0.22951691284775735,0.1111111119389534,0.20772947371006012,0.3333333432674408,0.1835748851299286,0.3140096664428711,0.511194,0.6,QA
2025-11-30,0.088598,0.006897,0.027586,0.398724,0.0,0.027586,0.508865,0.6,QA
2025-12-14,0.112086,0.0,0.063745,0.456255,0.0,0.039841,0.487906,0.6,QA
2025-12-28,0.072089,0.0,0.006369,0.389172,0.0,0.0,0.495584,0.6,QA
2026-01-11,0.106934,0.006897,0.075862,0.400207,0.013793,0.034483,0.500131,0.6,QA
2026-01-25,0.117199,0.011173,0.072626,0.445642,0.011173,0.044693,0.50035,0.6,QA
2026-02-08,0.132901,0.0,0.104762,0.444952,0.014286,0.07619,0.500255,0.6,QA
2026-02-22,0.44055554449558265,0.3737373650074005,0.3232323229312897,0.33838382363319397,0.4040403962135315,0.6767676472663879,0.494944,0.6,QA
2026-03-08,0.6166666668653489,0.5904762148857117,0.7095237970352173,0.20476190745830536,0.6238095164299011,0.5857142806053162,0.484391,0.6,QA
2026-03-22,0.213343,0.0,0.22561,0.530091,0.036585,0.179878,0.477982,0.6,QA
2026-04-05,0.122569,0.0,0.08377,0.435157,0.015707,0.068063,0.492656,0.6,QA
2026-04-19,0.6144041404128074,0.48704662919044495,0.6424870491027832,0.621761679649353,0.8134714961051941,0.6113989353179932,0.498286,0.6,QA
2026-05-03,0.40396905608475203,0.25773194432258606,0.3195876181125641,0.5876288414001465,0.3505154550075531,0.5876288414001465,0.504696,0.6,QA
2026-05-17,0.095606,0.021164,0.047619,0.366534,0.0,0.042328,0.500978,0.6,QA
2026-05-31,0.146404,0.0,0.144444,0.444222,0.022222,0.077778,0.502629,0.54,QA
2026-06-14,0.088711,0.007353,0.040441,0.388879,0.011029,0.014706,0.499531,0.6,QA
2026-06-28,0.7450251281261444,0.7286432385444641,0.7487437129020691,0.5879396796226501,0.3819095492362976,0.8793969750404358,0.494993,0.6,QA
2026-07-12,0.7973369497060776,0.77173912525177,0.8695651888847351,0.9239130616188049,0.40760868787765503,0.60326087474823,0.490813,0.6,QA
2026-07-26,0.4532620245218277,0.27807486057281494,0.32620319724082947,0.46524062752723694,0.5614973306655884,0.7379679083824158,0.501666,0.6,QA
2026-08-09,0.089815,0.0,0.027586,0.422345,0.0,0.02069,0.506913,0.6,QA
2026-08-23,0.111017,0.0,0.068182,0.429053,0.015152,0.045455,0.495393,0.6,QA
2026-09-06,0.4138859981298447,0.21761657297611237,0.26424869894981384,0.6010362505912781,0.4300518035888672,0.6735751032829285,0.499025,0.6,QA
2026-09-20,0.6269191840291024,0.7121211886405945,0.4343434274196625,0.5858585834503174,0.4444444477558136,0.9040403962135315,0.488989,0.6,QA
2026-10-02,0.5927705627679826,0.5930736064910889,0.4025973975658417,0.6969696879386902,0.25974026322364807,0.9307359457015991,0.497706,0.6,QA
2025-10-19,0.05238,0.0,0.0,0.291,0.0,0.0,0.49802,0.03,BY
2025-11-02,0.8838118839263915,0.8168317079544067,0.9455445408821106,0.9504950642585754,0.3118811845779419,1.0,0.478355,0.3588,BY
2025-12-14,0.244978,0.0,0.296296,0.558519,0.074074,0.185185,0.470112,0.162,BY
2025-12-28,0.157914,0.0,0.142857,0.432857,0.0,0.142857,0.487903,0.042,BY
2026-01-11,0.108,0.0,0.0,0.6,0.0,0.0,0.477301,0.03,BY
2026-01-25,0.09,0.0,0.0,0.5,0.0,0.0,0.474359,0.012,BY
2026-02-08,0.158583,0.0,0.166667,0.3625,0.0,0.166667,0.51676,0.036,BY
2026-02-22,0.30055555135011675,0.4747474789619446,0.020202020183205605,0.43939393758773804,0.36868685483932495,0.33838382363319397,0.460591,0.3588,BY
2026-03-08,0.299167,0.0,0.333333,0.625,0.0,0.333333,0.488077,0.018,BY
2026-03-22,0.06426,0.0,0.0,0.357,0.0,0.0,0.483094,0.03,BY
2026-05-03,0.15427834771573545,0.3814432919025421,0.04639175161719322,0.08762886375188828,0.05154639109969139,0.08762886375188828,0.512823,0.3588,BY
2026-05-17,0.081,0.0,0.0,0.45,0.0,0.0,0.498347,0.012,BY
2026-05-31,0.09,0.0,0.0,0.5,0.0,0.0,0.498932,0.006,BY
2026-07-26,0.11106951801106335,0.010695187374949455,0.026737967506051064,0.11764705926179886,0.026737967506051064,0.09625668078660965,0.454167,0.3588,BY
2026-08-23,0.0729,0.0,0.0,0.405,0.0,0.0,0.508621,0.006,BY
2026-09-06,0.10212435137480498,0.14507772028446198,0.031088082119822502,0.10880828648805618,0.020725388079881668,0.10362694412469864,0.48722,0.3588,BY
2026-09-20,0.05580808088183403,0.01515151560306549,0.02525252476334572,0.09090909361839294,0.04545454680919647,0.08585858345031738,0.513664,0.3588,BY
2026-10-02,0.5906493407487869,0.7575757503509521,0.826839804649353,0.12987013161182404,0.9610389471054077,0.12554112076759338,0.493163,0.3588,BY
2025-10-05,0.155771,0.0,0.176471,0.473235,0.0,0.058824,0.477024,0.102,HO
2025-10-19,0.045,0.0,0.0,0.25,0.0,0.0,0.478378,0.006,HO
2025-11-02,0.9399009883403777,0.9603960514068604,0.8861386179924011,0.9851484894752502,0.9257425665855408,0.9851484894752502,0.488595,0.532,HO
2025-11-16,0.580483090877533,0.4637681245803833,0.47826087474823,0.7149758338928223,0.7874395847320557,0.5893719792366028,0.461712,0.532,HO
2025-11-30,0.136966,0.003906,0.160156,0.450156,0.015625,0.011719,0.48397,0.6,HO
2025-12-14,0.192516,0.012048,0.289157,0.477831,0.0,0.048193,0.477974,0.498,HO
2025-12-28,0.28648,0.0,0.5,0.569333,0.0,0.1,0.473825,0.18,HO
2026-01-11,0.094692,0.0,0.06,0.4194,0.0,0.0,0.475953,0.3,HO
2026-01-25,0.424909,0.0,0.545455,0.663636,0.0,0.545455,0.477655,0.066,HO
2026-02-08,0.113963,0.0,0.097826,0.450761,0.021739,0.0,0.499116,0.552,HO
2026-02-22,0.5837878835201263,0.6010100841522217,0.8737373948097229,0.4191919267177582,0.9747474789619446,0.09090909361839294,0.486212,0.532,HO
2026-03-08,0.7346190422773361,0.8999999761581421,0.738095223903656,0.7428571581840515,0.9714285731315613,0.3761904835700989,0.478146,0.532,HO
2026-03-22,0.081314,0.0,0.028571,0.362857,0.0,0.028571,0.492733,0.21,HO
2026-04-05,0.07731,0.0,0.0,0.4295,0.0,0.0,0.468882,0.06,HO
2026-04-19,0.1864766813069582,0.07253886014223099,0.15025906264781952,0.3056994676589966,0.13989637792110443,0.29015544056892395,0.51108,0.532,HO
2026-05-03,0.6385051608085632,0.6546391844749451,0.8711340427398682,0.2680412232875824,0.9845361113548279,0.2886597812175751,0.474889,0.532,HO
2026-05-17,0.162935,0.0,0.25,0.46075,0.0,0.0,0.490098,0.12,HO
2026-05-31,0.0792,0.0,0.0,0.44,0.0,0.0,0.488694,0.036,HO
2026-06-14,0.26053,0.0,0.35,0.5585,0.0,0.2,0.474653,0.12,HO
2026-06-28,0.6755778920650483,0.552763819694519,0.713567852973938,0.28140702843666077,0.7185929417610168,0.9045225977897644,0.482144,0.532,HO
2026-07-26,0.5848128524422646,0.4331550896167755,0.6096256971359253,0.28877004981040955,0.8877005577087402,0.6898396015167236,0.471997,0.532,HO
2026-08-09,0.0651,0.0,0.0,0.361667,0.0,0.0,0.504306,0.018,HO
2026-08-23,0.283978,0.0,0.555556,0.59,0.0,0.0,0.486964,0.054,HO
2026-09-06,0.9858031010627747,0.984455943107605,0.9948186278343201,0.9533678889274597,0.9896373152732849,0.9637305736541748,0.458068,0.532,HO
2026-09-20,0.44378788769245153,0.5707070827484131,0.4141414165496826,0.2777777910232544,0.7272727489471436,0.3030303120613098,0.466743,0.532,HO
2026-10-02,0.5895238095521927,0.7489177584648132,0.7445887327194214,0.1991342008113861,0.9134199023246765,0.2294372320175171,0.476349,0.532,HO
2025-10-05,0.104487,0.021611,0.058939,0.419057,0.009823,0.021611,0.508098,0.6,MY
2025-10-19,0.093418,0.007229,0.036145,0.422337,0.004819,0.016867,0.50315,0.6,MY
2025-11-02,0.3169802021980286,0.15346534550189972,0.27227723598480225,0.06435643881559372,0.4306930601596832,0.5841584205627441,0.500152,0.6,MY
2025-11-16,0.39483091667294506,0.3285024166107178,0.32367148995399475,0.028985507786273956,0.5555555820465088,0.6714975833892822,0.500209,0.6,MY
2025-11-30,0.10484,0.030488,0.054878,0.431189,0.009146,0.012195,0.499259,0.6,MY
2025-12-14,0.105763,0.0,0.072046,0.40938,0.020173,0.0317,0.494199,0.6,MY
2025-12-28,0.142263,0.008242,0.14011,0.455646,0.008242,0.054945,0.489278,0.6,MY
2026-01-11,0.114818,0.004082,0.089796,0.421551,0.008163,0.036735,0.495293,0.6,MY
2026-01-25,0.123028,0.0,0.108392,0.441451,0.006993,0.034965,0.498318,0.6,MY
2026-02-08,0.092644,0.005599,0.050392,0.386781,0.013438,0.020157,0.512782,0.6,MY
2026-02-22,0.48611111134290697,0.3080808222293854,0.46464645862579346,0.06565656512975693,0.808080792427063,0.7676767706871033,0.500621,0.6,MY
2026-03-08,0.45423810552805666,0.30000001192092896,0.39047619700431824,0.014285714365541935,0.6428571343421936,0.7333333492279053,0.494715,0.6,MY
2026-03-22,0.093983,0.0,0.048951,0.407133,0.0,0.020979,0.500286,0.6,MY
2026-04-05,0.099378,0.005102,0.045918,0.444388,0.0,0.015306,0.501183,0.6,MY
2026-04-19,0.8991709822416306,0.8601036071777344,0.9533678889274597,0.9015544056892395,1.0,0.7253885865211487,0.495062,0.6,MY
2026-05-03,0.4685051438212394,0.5567010045051575,0.4639175236225128,0.34020617604255676,0.6134020686149597,0.3350515365600586,0.496952,0.6,MY
2026-05-17,0.115729,0.007519,0.082707,0.42782,0.037594,0.033835,0.498699,0.6,MY
2026-05-31,0.120335,0.004717,0.089623,0.440802,0.033019,0.037736,0.502111,0.6,MY
2026-06-14,0.117436,0.009709,0.072816,0.434515,0.0,0.058252,0.492209,0.6,MY
2026-06-28,0.41045226201415064,0.4422110617160797,0.39698493480682373,0.37185928225517273,0.5628140568733215,0.34170854091644287,0.501828,0.6,MY
2026-07-12,0.522391303256154,0.47826087474823,0.3804347813129425,0.364130437374115,0.5869565010070801,0.9239130616188049,0.50712,0.6,MY
2026-07-26,0.3475935809314252,0.26203209161758423,0.427807480096817,0.3689839541912079,0.427807480096817,0.24598930776119232,0.50342,0.6,MY
2026-08-09,0.17072,0.005208,0.171875,0.505156,0.0,0.098958,0.493089,0.6,MY
2026-08-23,0.166066,0.0,0.184615,0.453641,0.010256,0.102564,0.491477,0.6,MY
2026-09-06,0.577253898382187,0.5854922533035278,0.6839378476142883,0.3678756356239319,0.8756476640701294,0.35233160853385925,0.490395,0.6,MY
2026-09-20,0.6766161525249482,0.8181818127632141,0.8787878751754761,0.33838382363319397,0.9797979593276978,0.2525252401828766,0.493732,0.6,MY
2026-10-02,0.588917744755745,0.5324675440788269,0.4372294247150421,0.4978354871273041,0.6017315983772278,0.8354978561401367,0.496555,0.6,MY
2025-12-14,0.7537563365697861,0.8984771370887756,0.9086294174194336,0.9593908786773682,0.9796954393386841,0.055837564170360565,0.9593908786773682,0.0866,GUY
2026-01-11,0.7956122595071792,0.9387755393981934,0.9795918464660645,0.9438775777816772,1.0,0.10204081982374191,0.9438775777816772,0.0866,GUY
2026-10-02,0.5799567204713821,0.8354978561401367,0.6666666865348816,0.2294372320175171,0.9004328846931458,0.22077922523021698,0.6883116960525513,0.0866,GUY
2025-10-05,0.174758,0.029706,0.169182,0.498111,0.016998,0.099285,0.480728,0.6,IS
2025-10-19,0.213979,0.010362,0.226475,0.534736,0.01586,0.175301,0.473804,0.6,IS
2025-11-02,0.6167326596379281,0.5792078971862793,0.5891088843345642,0.12376237660646439,0.5148515105247498,0.8465346693992615,0.478715,0.6,IS
2025-11-16,0.850628017783165,0.9033816456794739,0.7681159377098083,0.8550724387168884,0.6908212304115295,0.8309178948402405,0.482422,0.6,IS
2025-11-30,0.196829,0.017577,0.20339,0.531328,0.017891,0.130571,0.480744,0.6,IS
2025-12-14,0.227114,0.007835,0.237179,0.571754,0.013177,0.190883,0.473657,0.6,IS
2025-12-28,0.200263,0.012901,0.207151,0.526056,0.012532,0.149281,0.47783,0.6,IS
2026-01-11,0.192503,0.029831,0.180678,0.540175,0.010508,0.128136,0.476415,0.6,IS
2026-01-25,0.225138,0.022385,0.24367,0.550563,0.018716,0.176147,0.479021,0.6,IS
2026-02-08,0.167226,0.02016,0.15398,0.490688,0.015294,0.10219,0.480935,0.6,IS
2026-02-22,0.6613636362552643,0.752525269985199,0.6464646458625793,0.1262626200914383,0.5808081030845642,0.7828282713890076,0.48474,0.6,IS
2026-03-08,0.941809515953064,0.9571428298950195,0.9428571462631226,0.976190447807312,0.6380952596664429,0.9047619104385376,0.47664,0.6,IS
2026-03-22,0.274971,0.010244,0.300815,0.627229,0.012806,0.261932,0.473815,0.6,IS
2026-04-05,0.267754,0.014537,0.30426,0.609623,0.020622,0.234618,0.475519,0.6,IS
2026-04-19,0.7798963725566864,0.818652868270874,0.8601036071777344,0.2849740982055664,0.5699481964111328,0.8393782377243042,0.479538,0.6,IS
2026-05-03,0.935360826253891,0.938144326210022,0.9175257682800293,0.9432989954948425,0.8247422575950623,0.9123711585998535,0.477789,0.6,IS
2026-05-17,0.255429,0.021122,0.287459,0.590739,0.021122,0.214191,0.475371,0.6,IS
2026-05-31,0.244199,0.008861,0.275949,0.577984,0.024367,0.201582,0.48041,0.6,IS
2026-06-14,0.208654,0.019684,0.210068,0.54953,0.01678,0.155857,0.481406,0.6,IS
2026-06-28,0.8432663315534592,0.8442211151123047,0.8190954923629761,0.8492462038993835,0.45728641748428345,0.839195966720581,0.477753,0.6,IS
2026-07-12,0.7739130443334581,0.7010869383811951,0.739130437374115,0.7554348111152649,0.717391312122345,0.782608687877655,0.483865,0.6,IS
2026-07-26,0.8332620215415956,0.7754010558128357,0.8128342032432556,0.7754010558128357,0.7272727489471436,0.8983957171440125,0.477051,0.6,IS
2026-08-09,0.188805,0.005663,0.184061,0.5175,0.013754,0.144417,0.48157,0.6,IS
2026-08-23,0.24407,0.008223,0.273865,0.575465,0.019306,0.207723,0.477618,0.6,IS
2026-09-06,0.8582383275032044,0.8601036071777344,0.8341968655586243,0.8808290362358093,0.7202072739601135,0.772020697593689,0.478805,0.6,IS
2026-09-20,0.878484869003296,0.8383838534355164,0.9090909361839294,0.8737373948097229,0.6868686676025391,0.7878788113594055,0.478094,0.6,IS
2026-10-02,0.5777489203214646,0.5454545617103577,0.5064935088157654,0.35930734872817993,0.5411255359649658,0.6753246784210205,0.482946,0.6,IS
2025-10-05,0.14763,0.003951,0.125123,0.477963,0.004281,0.085282,0.491065,0.6,NI
2025-10-19,0.147217,0.007092,0.142678,0.478742,0.005006,0.056738,0.490885,0.6,NI
2025-11-02,0.8488613951206208,0.8415841460227966,0.8168317079544067,0.8366336822509766,0.6336633563041687,0.8861386179924011,0.483351,0.6,NI
2025-11-16,0.6000483149290085,0.6376811861991882,0.52173912525177,0.05797101557254791,0.6135265827178955,0.8599033951759338,0.49317,0.6,NI
2025-11-30,0.198176,0.002157,0.210786,0.516131,0.013251,0.151926,0.488642,0.6,NI
2025-12-14,0.136655,0.008547,0.11336,0.470544,0.009897,0.055331,0.493066,0.6,NI
2025-12-28,0.171984,0.006234,0.157152,0.505863,0.016076,0.117782,0.488117,0.6,NI
2026-01-11,0.158624,0.005392,0.149316,0.495925,0.014102,0.081294,0.489409,0.6,NI
2026-01-25,0.161469,0.001355,0.160795,0.500285,0.018067,0.076784,0.491965,0.6,NI
2026-02-08,0.185254,0.007388,0.18368,0.513499,0.015111,0.131296,0.485927,0.6,NI
2026-02-22,0.6560100886225702,0.6868686676025391,0.6616161465644836,0.08080808073282242,0.7828282713890076,0.808080792427063,0.497372,0.6,NI
2026-03-08,0.8319999957084655,0.7857142686843872,0.800000011920929,0.7952380776405334,0.7857142686843872,0.8857142925262451,0.486192,0.6,NI
2026-03-22,0.140983,0.009794,0.111856,0.479031,0.014948,0.066495,0.494267,0.6,NI
2026-04-05,0.192323,0.001038,0.20173,0.5239,0.012457,0.134948,0.488665,0.6,NI
2026-04-19,0.7385492324829102,0.6683937907218933,0.6839378476142883,0.6632124185562134,0.7098445892333984,0.9119170904159546,0.492129,0.6,NI
2026-05-03,0.7161340242624284,0.6494845151901245,0.6340206265449524,0.6546391844749451,0.7113401889801025,0.8298969268798828,0.493681,0.6,NI
2026-05-17,0.194444,0.001749,0.190626,0.529355,0.007695,0.155299,0.491575,0.6,NI
2026-05-31,0.16067,0.0119,0.142353,0.49398,0.004848,0.09784,0.494385,0.6,NI
2026-06-14,0.176082,0.005033,0.170345,0.507979,0.004646,0.120015,0.484657,0.6,NI
2026-06-28,0.6875376856327057,0.6080402135848999,0.6130653023719788,0.623115599155426,0.6633166074752808,0.8542713522911072,0.494895,0.6,NI
2026-07-12,0.6217934831976891,0.52173912525177,0.58152174949646,0.3586956560611725,0.6630434989929199,0.9510869383811951,0.492441,0.6,NI
2026-07-26,0.41085561826825145,0.23529411852359772,0.27807486057281494,0.3529411852359772,0.4491978585720062,0.7860962748527527,0.495256,0.6,NI
2026-08-09,0.160997,0.005695,0.152764,0.48806,0.00871,0.093802,0.491219,0.6,NI
2026-08-23,0.161686,0.003712,0.149511,0.497818,0.002362,0.097199,0.492086,0.6,NI
2026-09-06,0.5962694174051285,0.5544041395187378,0.5388600826263428,0.3471502661705017,0.6113989353179932,0.7616580128669739,0.497253,0.6,NI
2026-09-20,0.7954040396213532,0.7777777910232544,0.747474730014801,0.7424242496490479,0.6414141654968262,0.8939393758773804,0.492042,0.6,NI
2026-10-02,0.57748918145895,0.4848484992980957,0.4458874464035034,0.4675324559211731,0.523809552192688,0.8528138399124146,0.495994,0.6,NI
2025-10-05,0.104211,0.0,0.061538,0.422538,0.015385,0.030769,0.505811,0.39,BB
2025-10-19,0.124222,0.0,0.111111,0.455556,0.0,0.027778,0.501954,0.216,BB
2025-11-02,0.33915842026472093,0.1336633712053299,0.2673267424106598,0.5742574334144592,0.30693069100379944,0.4108910858631134,0.49407,0.6,BB
2025-11-16,0.5157970961928368,0.4396135210990906,0.5362318754196167,0.5797101259231567,0.7149758338928223,0.41545894742012024,0.503176,0.6,BB
2025-11-30,0.070539,0.0,0.021739,0.344783,0.021739,0.0,0.504462,0.276,BB
2025-12-14,0.090024,0.0,0.047619,0.415476,0.0,0.0,0.501996,0.252,BB
2025-12-28,0.06633,0.0,0.0,0.3685,0.0,0.0,0.497704,0.06,BB
2026-01-11,0.105131,0.0,0.076923,0.447308,0.0,0.0,0.484893,0.078,BB
2026-01-25,0.067367,0.0,0.0,0.374259,0.0,0.0,0.501354,0.162,BB
2026-02-08,0.130517,0.0,0.086957,0.454565,0.0,0.086957,0.496826,0.138,BB
2026-02-22,0.4072222299873829,0.14646464586257935,0.21212121844291687,0.5707070827484131,0.24747474491596222,0.8131313323974609,0.512273,0.6,BB
2026-03-08,0.3342381079494953,0.23333333432674408,0.17619048058986664,0.561904788017273,0.261904776096344,0.5333333611488342,0.499506,0.6,BB
2026-03-22,0.192963,0.0,0.157895,0.580789,0.0,0.157895,0.498172,0.114,BB
2026-04-05,0.07146,0.0,0.0,0.397,0.0,0.0,0.504719,0.12,BB
2026-04-19,0.07031087999232112,0.196891188621521,0.015544041059911251,0.05699481815099716,0.015544041059911251,0.036269430071115494,0.507339,0.6,BB
2026-05-03,0.5081958758831024,0.7628865838050842,0.4484536051750183,0.7989690899848938,0.5824742317199707,0.05670103058218956,0.497377,0.6,BB
2026-05-17,0.135958,0.0,0.121212,0.435455,0.060606,0.060606,0.518057,0.198,BB
2026-05-31,0.13589,0.0,0.098039,0.476078,0.0,0.078431,0.477161,0.306,BB
2026-06-14,0.093564,0.0,0.022727,0.449091,0.0,0.022727,0.513281,0.264,BB
2026-06-28,0.25135678400285544,0.2763819098472595,0.3819095492362976,0.04522613063454628,0.7085427045822144,0.04522613063454628,0.500003,0.6,BB
2026-07-12,0.03103260821662843,0.005434782709926367,0.016304347664117813,0.027173912152647972,0.010869565419852734,0.054347824305295944,0.517318,0.6,BB
2026-07-26,0.03315508041530847,0.005347593687474728,0.02139037474989891,0.05882352963089943,0.02139037474989891,0.05882352963089943,0.515154,0.6,BB
2026-08-09,0.040114,0.0,0.0,0.222857,0.0,0.0,0.517513,0.042,BB
2026-08-23,0.091665,0.0,0.0,0.50925,0.0,0.0,0.501802,0.12,BB
2026-09-06,0.048186528403311966,0.09326425194740295,0.010362694039940834,0.041450776159763336,0.010362694039940834,0.062176164239645004,0.513774,0.6,BB
2026-09-20,0.25560606088489296,0.2777777910232544,0.4292929172515869,0.06565656512975693,0.5555555820465088,0.035353533923625946,0.510176,0.6,BB
2026-10-02,0.5753679546713829,0.5151515007019043,0.5021644830703735,0.06493506580591202,0.6969696879386902,0.8441558480262756,0.482174,0.6,BB
2025-10-05,0.098458,0.0,0.041667,0.472917,0.0,0.0,0.485893,0.144,BU
2025-10-19,0.085847,0.0,0.03125,0.409219,0.03125,0.0,0.477123,0.192,BU
2025-11-02,0.477623770236969,0.7425742745399475,0.26237624883651733,0.4653465449810028,0.5891088843345642,0.3861386179924011,0.480128,0.5938,BU
2025-11-16,0.25792270368896425,0.07729468494653702,0.15458936989307404,0.4299516975879669,0.28502416610717773,0.45410627126693726,0.498605,0.5938,BU
2025-11-30,0.06405,0.0,0.0,0.355833,0.0,0.0,0.496295,0.072,BU
2025-12-14,0.10055,0.0,0.035714,0.4475,0.0,0.035714,0.483293,0.168,BU
2025-12-28,0.087068,0.0,0.04,0.4126,0.0,0.0,0.489721,0.15,BU
2026-01-11,0.103379,0.0,0.057692,0.420481,0.0,0.038462,0.486442,0.312,BU
2026-01-25,0.065925,0.0,0.0,0.36625,0.0,0.0,0.495154,0.336,BU
2026-02-08,0.204058,0.0,0.230769,0.518269,0.0,0.153846,0.482813,0.156,BU
2026-02-22,0.18797979459166528,0.09595959633588791,0.010101010091602802,0.4292929172515869,0.34343433380126953,0.3484848439693451,0.511242,0.5938,BU
2026-03-08,0.5478571563959121,0.2904762029647827,0.6380952596664429,0.5142857432365417,0.9142857193946838,0.5666666626930237,0.509318,0.5938,BU
2026-03-22,0.158225,0.25,0.0,0.60125,0.0,0.0,0.4815,0.048,BU
2026-04-05,0.273715,0.0,0.384615,0.571923,0.153846,0.153846,0.485532,0.078,BU
2026-04-19,0.3402590626478195,0.49740931391716003,0.393782377243042,0.0984455943107605,0.5181347131729126,0.08808290213346481,0.490382,0.5938,BU
2026-05-03,0.1972164884582162,0.15463916957378387,0.2886597812175751,0.10309278219938278,0.06185567006468773,0.10309278219938278,0.516172,0.5938,BU
2026-05-17,0.132043,0.0,0.094017,0.496154,0.034188,0.042735,0.501929,0.6,BU
2026-05-31,0.071518,0.0,0.0,0.397321,0.0,0.0,0.504529,0.168,BU
2026-06-14,0.117283,0.068966,0.068966,0.425517,0.068966,0.0,0.506172,0.174,BU
2026-06-28,0.37040200889110564,0.572864294052124,0.4170854389667511,0.10050251334905624,0.402010053396225,0.09045226126909256,0.488302,0.5938,BU
2026-07-12,0.66896739423275,0.9836956262588501,0.6304348111152649,0.875,0.8478260636329651,0.125,0.491019,0.5938,BU
2026-07-26,0.24283422213047745,0.3850267231464386,0.2139037400484085,0.10160427540540695,0.6096256971359253,0.12299465388059616,0.495223,0.5938,BU
2026-08-09,0.185723,0.0,0.196532,0.508353,0.011561,0.127168,0.489626,0.6,BU
2026-08-23,0.208528,0.035714,0.178571,0.595491,0.008929,0.151786,0.484558,0.6,BU
2026-09-06,0.4996891202218831,0.9533678889274597,0.34196892380714417,0.8704662919044495,0.031088082119822502,0.09326425194740295,0.501263,0.5938,BU
2026-09-20,0.11838383939117193,0.19696970283985138,0.020202020183205605,0.10606060922145844,0.0555555559694767,0.09595959633588791,0.490696,0.5938,BU
2026-10-02,0.5701731646060944,0.47186148166656494,0.6190476417541504,0.13852813839912415,0.7575757503509521,0.7186146974563599,0.488989,0.5938,BU
2025-10-05,0.123046,0.00554,0.090028,0.448442,0.01108,0.048476,0.496197,0.6,EI
2025-10-19,0.14737,0.004802,0.147659,0.472719,0.02401,0.051621,0.493643,0.6,EI
2025-11-02,0.6791584199666978,0.7475247383117676,0.5148515105247498,0.6138613820075989,0.5099009871482849,0.9356435537338257,0.492235,0.6,EI
2025-11-16,0.36386473238468164,0.14492753148078918,0.24637681245803833,0.4975845515727997,0.40096619725227356,0.6328502297401428,0.497125,0.6,EI
2025-11-30,0.122083,0.006562,0.082677,0.463379,0.011811,0.041995,0.497971,0.6,EI
2025-12-14,0.16145,0.007911,0.150316,0.480981,0.012658,0.101266,0.490274,0.6,EI
2025-12-28,0.137376,0.005199,0.102253,0.46857,0.013865,0.076256,0.495408,0.6,EI
2026-01-11,0.133883,0.020438,0.105109,0.463825,0.005839,0.051095,0.496322,0.6,EI
2026-01-25,0.120148,0.009646,0.090032,0.438746,0.011254,0.040193,0.495652,0.6,EI
2026-02-08,0.124762,0.023423,0.086486,0.458387,0.005405,0.03964,0.496194,0.6,EI
2026-02-22,0.5370202013105154,0.28787878155708313,0.40909090638160706,0.6666666865348816,0.6111111044883728,0.8484848737716675,0.496068,0.6,EI
2026-03-08,0.617380962073803,0.5047619342803955,0.7142857313156128,0.49047619104385376,0.37142857909202576,0.6333333253860474,0.500243,0.6,EI
2026-03-22,0.130378,0.014647,0.10253,0.447137,0.001332,0.058589,0.495987,0.6,EI
2026-04-05,0.127433,0.017422,0.092334,0.46135,0.006969,0.045296,0.495143,0.6,EI
2026-04-19,0.5165803116559982,0.41450777649879456,0.46113988757133484,0.2331606149673462,0.5544041395187378,0.7202072739601135,0.494367,0.6,EI
2026-05-03,0.5791237095743418,0.7938144207000732,0.42783504724502563,0.19072164595127106,0.5103092789649963,0.7577319741249084,0.498447,0.6,EI
2026-05-17,0.131457,0.016369,0.095238,0.456592,0.00744,0.0625,0.498858,0.6,EI
2026-05-31,0.134353,0.0,0.114094,0.459183,0.002237,0.06264,0.496622,0.6,EI
2026-06-14,0.099931,0.0,0.055936,0.408293,0.004566,0.034247,0.503233,0.6,EI
2026-06-28,0.8273366874456406,0.7788944840431213,0.8291457295417786,0.7688442468643188,0.9597989916801453,0.7738693356513977,0.497253,0.6,EI
2026-07-12,0.5484239250421524,0.44021740555763245,0.5163043737411499,0.21195651590824127,0.657608687877655,0.739130437374115,0.490385,0.6,EI
2026-07-26,0.6057219260931015,0.6203208565711975,0.5989304780960083,0.2032085508108139,0.8609625697135925,0.6042780876159668,0.489155,0.6,EI
2026-08-09,0.156394,0.004525,0.176471,0.479042,0.012066,0.049774,0.483619,0.6,EI
2026-08-23,0.139191,0.003831,0.113027,0.465172,0.001916,0.076628,0.490747,0.6,EI
2026-09-06,0.47046631395816807,0.35233160853385925,0.4300518035888672,0.23834197223186493,0.5129533410072327,0.6891191601753235,0.495816,0.6,EI
2026-09-20,0.45232323259115215,0.31313130259513855,0.3888888955116272,0.18686868250370026,0.5707070827484131,0.7323232293128967,0.49846,0.6,EI
2026-10-02,0.5677489042282104,0.5497835278511047,0.6233766078948975,0.14718614518642426,0.7922077775001526,0.5757575631141663,0.49568,0.6,EI
2023-12-03,0.5677102832496167,0.336448609828949,0.6355140209197998,0.06542056053876877,0.8177570104598999,0.9672897458076477,0.4112149477005005,0.0062,NOR
2025-10-05,0.144766,0.048729,0.114407,0.477278,0.004237,0.050847,0.489482,0.6,SP
2025-10-19,0.133659,0.023715,0.110672,0.463676,0.007905,0.039526,0.499072,0.6,SP
2025-11-02,0.7074257186055184,0.6831682920455933,0.7772276997566223,0.7772276997566223,0.44059404730796814,0.5990098714828491,0.495761,0.6,SP
2025-11-16,0.6658454132080078,0.6521739363670349,0.5265700221061707,0.739130437374115,0.7922705411911011,0.6521739363670349,0.491665,0.6,SP
2025-11-30,0.170752,0.0301,0.160535,0.489498,0.016722,0.100334,0.490242,0.6,SP
2025-12-14,0.190316,0.013514,0.202703,0.501757,0.0,0.135135,0.493445,0.6,SP
2025-12-28,0.106698,0.0,0.049296,0.439401,0.0,0.049296,0.49323,0.6,SP
2026-01-11,0.162711,0.02193,0.179825,0.478026,0.0,0.061404,0.48762,0.6,SP
2026-01-25,0.150646,0.0,0.143258,0.467697,0.005618,0.08427,0.489676,0.6,SP
2026-02-08,0.12982,0.0,0.123167,0.433504,0.005865,0.049853,0.488305,0.6,SP
2026-02-22,0.6944444501399994,0.5858585834503174,0.7070707082748413,0.39393940567970276,0.7222222089767456,0.8232323527336121,0.493287,0.6,SP
2026-03-08,0.7869523888826371,0.8952381014823914,0.5904762148857117,0.8476190567016602,0.7523809671401978,0.7952380776405334,0.490547,0.6,SP
2026-03-22,0.108045,0.008929,0.058036,0.44375,0.004464,0.03125,0.494157,0.6,SP
2026-04-05,0.123211,0.0,0.106618,0.421434,0.0,0.055147,0.496228,0.6,SP
2026-04-19,0.5944559538364411,0.6373056769371033,0.44041451811790466,0.5025906562805176,0.4922279715538025,0.7512953281402588,0.6528497338294983,0.6,SP
2026-05-03,0.6943814378976823,0.7010309100151062,0.5206185579299927,0.7680412530899048,0.592783510684967,0.8247422575950623,0.7731958627700806,0.6,SP
2026-05-17,0.138311,0.013793,0.113793,0.465328,0.006897,0.062069,0.49332,0.6,SP
2026-05-31,0.11887,0.008333,0.083333,0.452979,0.0,0.0375,0.492399,0.6,SP
2026-06-14,0.140687,0.006944,0.131944,0.460608,0.0,0.059028,0.493904,0.6,SP
2026-06-28,0.5201005011796952,0.4623115658760071,0.37185928225517273,0.5075376629829407,0.5929648280143738,0.7537688612937927,0.3819095492362976,0.6,SP
2026-07-12,0.9290217402577401,0.967391312122345,0.989130437374115,0.989130437374115,0.44021740555763245,0.804347813129425,0.570652186870575,0.6,SP
2026-07-26,0.9017647117376328,0.9786096215248108,0.9839572310447693,0.9893048405647278,0.5026738047599792,0.6363636255264282,0.8395721912384033,0.6,SP
2026-08-09,0.184937,0.018692,0.203271,0.489007,0.009346,0.114486,0.488273,0.6,SP
2026-08-23,0.124476,0.003676,0.095588,0.44807,0.014706,0.047794,0.490335,0.6,SP
2026-09-06,0.5482901582121849,0.48704662919044495,0.45077720284461975,0.5025906562805176,0.5854922533035278,0.6943005323410034,0.496511,0.6,SP
2026-09-20,0.5123232308030129,0.46464645862579346,0.4898989796638489,0.5101010203361511,0.6262626051902771,0.5101010203361511,0.496205,0.6,SP
2026-10-02,0.5667099535465241,0.8398268222808838,0.35930734872817993,0.41558441519737244,0.4675324559211731,0.6060606241226196,0.489419,0.6,SP
2025-10-19,0.0876,0.0,0.0,0.486667,0.0,0.0,0.504264,0.054,MJ
2025-11-16,0.06864734347909689,0.019323671236634254,0.05797101557254791,0.0917874425649643,0.014492753893136978,0.07729468494653702,0.494835,0.2103,MJ
2025-11-30,0.03384,0.0,0.0,0.188,0.0,0.0,0.488127,0.06,MJ
2025-12-14,0.051943,0.0,0.0,0.288571,0.0,0.0,0.502776,0.042,MJ
2025-12-28,0.0729,0.0,0.0,0.405,0.0,0.0,0.512889,0.006,MJ
2026-01-11,0.084,0.0,0.0,0.466667,0.0,0.0,0.509789,0.036,MJ
2026-02-08,0.09,0.0,0.0,0.5,0.0,0.0,0.457926,0.006,MJ
2026-04-05,0.09,0.0,0.0,0.5,0.0,0.0,0.513055,0.012,MJ
2026-05-17,0.0354,0.0,0.0,0.196667,0.0,0.0,0.514235,0.018,MJ
2026-05-31,0.10566,0.0,0.0,0.587,0.0,0.0,0.482833,0.03,MJ
2026-06-14,0.07425,0.0,0.0,0.4125,0.0,0.0,0.495673,0.024,MJ
2026-06-28,0.20733668223023416,0.0954773873090744,0.12562814354896545,0.38693466782569885,0.2261306494474411,0.2261306494474411,0.485904,0.2103,MJ
2026-07-26,0.6008021394163371,0.5347593426704407,0.7807486653327942,0.866310179233551,0.11229946464300156,0.23529411852359772,0.482143,0.2103,MJ
2026-08-09,0.0585,0.0,0.0,0.325,0.0,0.0,0.482759,0.006,MJ
2026-08-23,0.09045,0.0,0.0,0.5025,0.0,0.0,0.525,0.012,MJ
2026-09-06,0.072225,0.0,0.0,0.40125,0.0,0.0,0.492948,0.024,MJ
2026-09-20,0.045,0.0,0.0,0.25,0.0,0.0,0.514526,0.012,MJ
2026-10-02,0.5665800884366036,0.4761904776096344,0.7142857313156128,0.5281385183334351,0.12121212482452393,0.5021644830703735,0.506945,0.2103,MJ
2025-11-30,0.064479,0.0,0.0,0.358214,0.0,0.0,0.492553,0.084,CW
2025-12-14,0.06219,0.0,0.0,0.3455,0.0,0.0,0.509246,0.06,CW
2025-12-28,0.0387,0.0,0.0,0.215,0.0,0.0,0.510063,0.012,CW
2026-01-25,0.070026,0.0,0.0,0.389032,0.0,0.0,0.508968,0.186,CW
2026-02-08,0.140987,0.0,0.125,0.394375,0.0,0.125,0.479775,0.048,CW
2026-02-22,0.0792,0.0,0.0,0.44,0.0,0.0,0.48385,0.018,CW
2026-03-08,0.0729,0.0,0.0,0.405,0.0,0.0,0.509709,0.012,CW
2026-03-22,0.109561,0.0,0.055556,0.435833,0.0,0.055556,0.503561,0.108,CW
2026-04-05,0.141309,0.0,0.181818,0.461818,0.0,0.0,0.514791,0.066,CW
2026-04-19,0.10569948296993971,0.041450776159763336,0.07772020995616913,0.21243523061275482,0.10362694412469864,0.11917098611593246,0.494535,0.3216,CW
2026-05-03,0.10077319253236054,0.04123711213469505,0.07731958478689194,0.2164948433637619,0.0670103058218956,0.13917525112628937,0.499455,0.3216,CW
2026-05-17,0.059143,0.0,0.0,0.328571,0.0,0.0,0.51561,0.042,CW
2026-05-31,0.09,0.0,0.0,0.5,0.0,0.0,0.497017,0.006,CW
2026-06-14,0.163025,0.0,0.25,0.46125,0.0,0.0,0.499591,0.024,CW
2026-06-28,0.2471356834471226,0.5979899764060974,0.07035175710916519,0.21105527877807617,0.07035175710916519,0.14070351421833038,0.507421,0.3216,CW
2026-07-12,0.13250000007450582,0.17391304671764374,0.08152174204587936,0.14130434393882751,0.07065217196941376,0.135869562625885,0.527441,0.3216,CW
2026-07-26,0.08042780727148056,0.01604278013110161,0.03743315488100052,0.13903743028640747,0.07486630976200104,0.16042780876159668,0.515069,0.3216,CW
2026-08-09,0.072,0.0,0.0,0.4,0.0,0.0,0.531304,0.048,CW
2026-08-23,0.058642,0.0,0.0,0.325789,0.0,0.0,0.513807,0.114,CW
2026-09-06,0.0474,0.0,0.0,0.263333,0.0,0.0,0.515401,0.018,CW
2026-09-20,0.4110606145858765,0.39393940567970276,0.7272727489471436,0.2222222238779068,0.06060606241226196,0.14141413569450378,0.494055,0.3216,CW
2026-10-02,0.5658874362707138,0.8181818127632141,0.7662337422370911,0.1818181872367859,0.939393937587738,0.08225107938051224,0.502446,0.3216,CW
2025-10-05,0.136648,0.003135,0.119122,0.47511,0.015674,0.047022,0.493789,0.6,NZ
2025-10-19,0.097771,0.005405,0.043243,0.412392,0.002703,0.035135,0.503002,0.6,NZ
2025-11-02,0.3919306913018227,0.2673267424106598,0.4009900987148285,0.09900990128517151,0.5346534848213196,0.5792078971862793,0.499368,0.6,NZ
2025-11-16,0.5247342944145202,0.45410627126693726,0.48792269825935364,0.07246376574039459,0.48792269825935364,0.8212560415267944,0.496781,0.6,NZ
2025-11-30,0.116675,0.002294,0.08945,0.445975,0.002294,0.029817,0.496263,0.6,NZ
2025-12-14,0.204031,0.002907,0.223837,0.518517,0.011628,0.156977,0.485934,0.6,NZ
2025-12-28,0.1197,0.0,0.094737,0.441316,0.015789,0.036842,0.495246,0.6,NZ
2026-01-11,0.148881,0.004082,0.126531,0.478592,0.012245,0.085714,0.492222,0.6,NZ
2026-01-25,0.152682,0.004132,0.144628,0.47312,0.008264,0.082645,0.49516,0.6,NZ
2026-02-08,0.129134,0.0,0.100817,0.462793,0.016349,0.051771,0.489715,0.6,NZ
2026-02-22,0.5019192028045654,0.5101010203361511,0.7020202279090881,0.2070707082748413,0.8888888955116272,0.18686868250370026,0.491821,0.6,NZ
2026-03-08,0.3595714421570301,0.25238096714019775,0.27619048953056335,0.05714285746216774,0.41428571939468384,0.6380952596664429,0.497737,0.6,NZ
2026-03-22,0.126365,0.0,0.087097,0.471565,0.006452,0.054839,0.49521,0.6,NZ
2026-04-05,0.102998,0.002833,0.048159,0.437493,0.011331,0.031161,0.499112,0.6,NZ
2026-04-19,0.4689637306332588,0.34196892380714417,0.3056994676589966,0.6373056769371033,0.4300518035888672,0.6839378476142883,0.496381,0.6,NZ
2026-05-03,0.5612886437773705,0.5257731676101685,0.40721648931503296,0.6288659572601318,0.49484536051750183,0.7010309100151062,0.497883,0.6,NZ
2026-05-17,0.109535,0.0,0.080963,0.427396,0.013129,0.02407,0.495682,0.6,NZ
2026-05-31,0.10656,0.006865,0.073227,0.412746,0.004577,0.029748,0.501501,0.6,NZ
2026-06-14,0.099378,0.0,0.05948,0.401747,0.0,0.033457,0.494543,0.6,NZ
2026-06-28,0.8304522740840912,0.7939698696136475,0.80402010679245,0.7638190984725952,0.9447236061096191,0.8090452551841736,0.492155,0.6,NZ
2026-07-12,0.408586956858635,0.20652173459529877,0.2663043439388275,0.657608687877655,0.42391303181648254,0.6739130616188049,0.504508,0.6,NZ
2026-07-26,0.5259358310699463,0.3957219123840332,0.3582887649536133,0.6417112350463867,0.5989304780960083,0.7272727489471436,0.491433,0.6,NZ
2026-08-09,0.093466,0.0,0.045603,0.40145,0.016287,0.022801,0.496283,0.6,NZ
2026-08-23,0.124878,0.0,0.085799,0.465133,0.002959,0.056213,0.494001,0.6,NZ
2026-09-06,0.4243005070090294,0.2590673565864563,0.2694300413131714,0.6528497338294983,0.41450777649879456,0.6113989353179932,0.496294,0.6,NZ
2026-09-20,0.6403535389900208,0.5505050420761108,0.5202020406723022,0.6111111044883728,0.6515151262283325,0.8282828330993652,0.495525,0.6,NZ
2026-10-02,0.5658008554577828,0.4545454680919647,0.5497835278511047,0.48051947355270386,0.7532467246055603,0.6363636255264282,0.495819,0.6,NZ
2026-03-08,0.6622857183218003,0.7666666507720947,0.8095238208770752,0.3285714387893677,0.9904761910438538,0.3333333432674408,0.5952380895614624,0.0186,RUS
2026-09-06,0.5595854985713958,0.9067357778549194,0.13989637792110443,0.8652849793434143,0.2849740982055664,0.5544041395187378,0.8238341808319092,0.0186,RUS
2026-05-17,0.36705583781003953,0.6040608882904053,0.10659898817539215,0.7766497731208801,0.13705584406852722,0.24365481734275818,0.1421319842338562,0.0247,ISR
2026-05-31,0.5591414120048285,0.47979798913002014,0.8181818127632141,0.42424243688583374,0.9545454382896423,0.25757575035095215,0.6767676472663879,0.0247,ISR
2025-10-05,0.08722,0.0,0.039788,0.37492,0.0,0.029178,0.507169,0.6,SA
2025-10-19,0.087925,0.0,0.032389,0.398502,0.0,0.024291,0.504969,0.6,SA
2025-11-02,0.45049504324793815,0.30693069100379944,0.3465346395969391,0.3663366436958313,0.5990098714828491,0.7079207897186279,0.505257,0.6,SA
2025-11-16,0.3320289814472198,0.16908212006092072,0.21739129722118378,0.36231884360313416,0.3285024166107178,0.6038647294044495,0.505362,0.6,SA
2025-11-30,0.117762,0.0,0.085714,0.420107,0.014286,0.057143,0.500187,0.6,SA
2025-12-14,0.105195,0.0,0.077348,0.407928,0.005525,0.027624,0.507257,0.6,SA
2025-12-28,0.09432,0.004348,0.052174,0.399848,0.008696,0.017391,0.499501,0.6,SA
2026-01-11,0.109938,0.006969,0.069686,0.417387,0.003484,0.045296,0.494454,0.6,SA
2026-01-25,0.167102,0.00565,0.169492,0.478249,0.056497,0.090395,0.492935,0.6,SA
2026-02-08,0.091321,0.0,0.058442,0.35763,0.006494,0.032468,0.505402,0.6,SA
2026-02-22,0.5202020227909088,0.5959596037864685,0.2929292917251587,0.3636363744735718,0.42424243688583374,0.7575757503509521,0.497018,0.6,SA
2026-03-08,0.8528095135092735,0.8333333134651184,0.8857142925262451,0.8904761672019958,0.4000000059604645,0.7857142686843872,0.481475,0.6,SA
2026-03-22,0.214054,0.002309,0.228637,0.555624,0.023095,0.161663,0.480987,0.6,SA
2026-04-05,0.149944,0.0,0.141869,0.460087,0.013841,0.086505,0.490513,0.6,SA
2026-04-19,0.4002590629458428,0.12953367829322815,0.25388601422309875,0.5440414547920227,0.3678756356239319,0.6632124185562134,0.490386,0.6,SA
2026-05-03,0.5374226719141008,0.3144329786300659,0.5154638886451721,0.5721649527549744,0.4329896867275238,0.6752577424049377,0.495363,0.6,SA
2026-05-17,0.116665,0.002551,0.089286,0.413163,0.005102,0.053571,0.49588,0.6,SA
2026-05-31,0.083277,0.0,0.022989,0.398793,0.0,0.017241,0.508985,0.6,SA
2026-06-14,0.080011,0.0,0.022642,0.379094,0.0,0.018868,0.504947,0.6,SA
2026-06-28,0.5454773771762848,0.3065326511859894,0.4773869216442108,0.5577889680862427,0.4874371886253357,0.7587939500808716,0.48905,0.6,SA
2026-07-12,0.4279347702860832,0.30434781312942505,0.29891303181648254,0.45652174949645996,0.30434781312942505,0.7228260636329651,0.499227,0.6,SA
2026-07-26,0.7734224671125414,0.7807486653327942,0.7860962748527527,0.7967914342880249,0.5401069521903992,0.6844919919967651,0.488413,0.6,SA
2026-08-09,0.177348,0.00276,0.175713,0.454756,0.00736,0.159154,0.493437,0.6,SA
2026-08-23,0.066824,0.0,0.023404,0.309777,0.0,0.014894,0.503701,0.6,SA
2026-09-06,0.3964766784012318,0.17616580426692963,0.3056994676589966,0.5492228269577026,0.33678755164146423,0.6632124185562134,0.503902,0.6,SA
2026-09-20,0.8094444426894187,0.868686854839325,0.8181818127632141,0.8434343338012695,0.49494948983192444,0.6666666865348816,0.479848,0.6,SA
2026-10-02,0.555281389951706,0.36796537041664124,0.4285714328289032,0.7142857313156128,0.5324675440788269,0.7229437232017517,0.488484,0.6,SA
2025-10-05,0.145564,0.0,0.126984,0.431706,0.007937,0.111111,0.491548,0.6,IZ
2025-10-19,0.235597,0.006711,0.268456,0.552718,0.053691,0.187919,0.489329,0.6,IZ
2025-11-02,0.7822772336006164,0.8267326951026917,0.9158415794372559,0.7821782231330872,0.3663366436958313,0.5742574334144592,0.494866,0.6,IZ
2025-11-16,0.7788888946175575,0.5893719792366028,0.8164251446723938,0.8357487916946411,0.33816424012184143,0.9323671460151672,0.483439,0.6,IZ
2025-11-30,0.173723,0.0,0.17757,0.494206,0.046729,0.102804,0.484503,0.6,IZ
2025-12-14,0.225818,0.01626,0.227642,0.58065,0.03252,0.178862,0.481504,0.6,IZ
2025-12-28,0.237538,0.008547,0.264957,0.550897,0.008547,0.213675,0.489124,0.6,IZ
2026-01-11,0.194991,0.006211,0.198758,0.506335,0.024845,0.15528,0.48122,0.6,IZ
2026-01-25,0.203468,0.007407,0.225926,0.5205,0.044444,0.137037,0.481459,0.6,IZ
2026-02-08,0.202831,0.020979,0.20979,0.53049,0.034965,0.13986,0.479652,0.6,IZ
2026-02-22,0.4361110964417458,0.5909090638160706,0.5656565427780151,0.13636364042758942,0.7979797720909119,0.04040404036641121,0.486696,0.6,IZ
2026-03-08,0.9158095252513886,0.9476190209388733,0.9714285731315613,0.9714285731315613,0.7142857313156128,0.6857143044471741,0.480911,0.6,IZ
2026-03-22,0.243678,0.003731,0.261194,0.573918,0.007463,0.231343,0.484017,0.6,IZ
2026-04-05,0.286938,0.002967,0.341246,0.611409,0.032641,0.27003,0.47965,0.6,IZ
2026-04-19,0.6056994831562043,0.8238341808319092,0.7461140155792236,0.24352331459522247,0.6632124185562134,0.24870465695858002,0.48314,0.6,IZ
2026-05-03,0.5442268007993698,0.4175257682800293,0.41237112879753113,0.4484536051750183,0.45876288414001465,0.8453608155250549,0.485939,0.6,IZ
2026-05-17,0.165267,0.019802,0.153465,0.509183,0.00495,0.084158,0.483161,0.6,IZ
2026-05-31,0.151823,0.041096,0.10274,0.487295,0.0,0.09589,0.492049,0.6,IZ
2026-06-14,0.243274,0.0,0.277311,0.573277,0.042017,0.201681,0.479672,0.6,IZ
2026-06-28,0.8880402010679245,0.8592965006828308,0.9246231317520142,0.9045225977897644,0.7386934757232666,0.7437185645103455,0.482487,0.6,IZ
2026-07-12,0.8528260788321496,0.9402173757553101,0.945652186870575,0.91847825050354,0.54347825050354,0.6086956262588501,0.495493,0.6,IZ
2026-07-26,0.2982887735962868,0.2513369023799896,0.29411765933036804,0.24064171314239502,0.31016042828559875,0.27807486057281494,0.48924,0.6,IZ
2026-08-09,0.158837,0.0,0.170732,0.475244,0.036585,0.067073,0.486895,0.6,IZ
2026-08-23,0.15871,0.0,0.14375,0.468875,0.01875,0.1125,0.484968,0.6,IZ
2026-09-06,0.8416062170267105,0.7772020697593689,0.8601036071777344,0.7461140155792236,0.7461140155792236,0.8808290362358093,0.481498,0.6,IZ
2026-09-20,0.7751010072231292,0.9797979593276978,0.5808081030845642,0.9494949579238892,0.7979797720909119,0.5909090638160706,0.474465,0.6,IZ
2026-10-02,0.5529437279701233,0.4675324559211731,0.47186148166656494,0.350649356842041,0.5454545617103577,0.761904776096344,0.486187,0.6,IZ
2025-10-05,0.237429,0.0,0.428571,0.557143,0.0,0.0,0.485231,0.042,BC
2025-10-19,0.06705,0.0,0.0,0.3725,0.0,0.0,0.507227,0.132,BC
2025-11-02,0.46846533894538883,0.21782177686691284,0.5297029614448547,0.5792078971862793,0.8564356565475464,0.4207920730113983,0.515794,0.5505,BC
2025-11-16,0.5521739234030246,0.6328502297401428,0.6376811861991882,0.5845410823822021,0.2415459007024765,0.4299516975879669,0.49585,0.5505,BC
2025-11-30,0.266714,0.0,0.285714,0.592857,0.0,0.285714,0.500208,0.042,BC
2025-12-14,0.09135,0.0,0.0,0.5075,0.0,0.0,0.504915,0.12,BC
2025-12-28,0.275046,0.0,0.307692,0.570769,0.0,0.307692,0.493172,0.078,BC
2026-01-11,0.08154,0.0,0.0,0.453,0.0,0.0,0.487843,0.03,BC
2026-01-25,0.0675,0.0,0.0,0.375,0.0,0.0,0.510713,0.06,BC
2026-02-08,0.174375,0.0,0.1875,0.46875,0.0,0.125,0.500938,0.096,BC
2026-02-22,0.2720202024281025,0.04545454680919647,0.2070707082748413,0.5757575631141663,0.24242424964904785,0.4141414165496826,0.531583,0.5505,BC
2026-03-08,0.2767619078978896,0.0714285746216774,0.1666666716337204,0.5666666626930237,0.2571428716182709,0.4809523820877075,0.49667,0.5505,BC
2026-03-22,0.06885,0.0,0.0,0.3825,0.0,0.0,0.5199,0.024,BC
2026-04-05,0.0585,0.0,0.0,0.325,0.0,0.0,0.497853,0.03,BC
2026-04-19,0.02373056996613741,0.005181347019970417,0.005181347019970417,0.04663212597370148,0.005181347019970417,0.041450776159763336,0.520601,0.5505,BC
2026-05-03,0.18185566298663616,0.5876288414001465,0.04123711213469505,0.0824742242693901,0.04123711213469505,0.0824742242693901,0.508403,0.5505,BC
2026-05-17,0.087814,0.0,0.0,0.487857,0.0,0.0,0.503879,0.084,BC
2026-05-31,0.05319,0.0,0.0,0.2955,0.0,0.0,0.501249,0.06,BC
2026-06-14,0.148422,0.0,0.111111,0.478889,0.0,0.111111,0.485383,0.054,BC
2026-07-12,0.04581521769985557,0.010869565419852734,0.010869565419852734,0.04891304299235344,0.021739130839705467,0.05978260934352875,0.49616,0.5505,BC
2026-08-09,0.027,0.0,0.0,0.15,0.0,0.0,0.521108,0.012,BC
2026-08-23,0.07965,0.0,0.0,0.4425,0.0,0.0,0.492655,0.024,BC
2026-09-06,0.0576,0.0,0.0,0.32,0.0,0.0,0.51701,0.018,BC
2026-09-20,0.17075757306069136,0.4292929172515869,0.035353533923625946,0.08080808073282242,0.04040404036641121,0.08080808073282242,0.490553,0.5505,BC
2026-10-02,0.5509090930223466,0.8571428656578064,0.3982684016227722,0.06060606241226196,0.6709956526756287,0.588744580745697,0.49648,0.5505,BC
2025-10-05,0.159519,0.021739,0.173913,0.492799,0.005435,0.043478,0.497384,0.6,MI
2025-10-19,0.127339,0.0,0.121212,0.438081,0.0,0.040404,0.492875,0.594,MI
2025-11-02,0.4244059392809868,0.3366336524486542,0.2970297038555145,0.024752475321292877,0.6138613820075989,0.7920792102813721,0.49805,0.6,MI
2025-11-16,0.28830918094143276,0.748792290687561,0.19323670864105225,0.09661835432052612,0.019323671236634254,0.043478261679410934,0.497802,0.6,MI
2025-11-30,0.135606,0.0,0.119403,0.461493,0.0,0.059701,0.481382,0.402,MI
2025-12-14,0.1136,0.0,0.076923,0.443077,0.0,0.038462,0.493695,0.468,MI
2025-12-28,0.151593,0.018182,0.127273,0.460364,0.036364,0.090909,0.495535,0.33,MI
2026-01-11,0.186752,0.0,0.208633,0.484353,0.0,0.136691,0.489453,0.6,MI
2026-01-25,0.101211,0.013333,0.053333,0.447467,0.013333,0.0,0.489175,0.45,MI
2026-02-08,0.176371,0.0,0.208333,0.537708,0.041667,0.041667,0.477582,0.144,MI
2026-02-22,0.31621212363243106,0.6565656661987305,0.2222222238779068,0.02525252476334572,0.04545454680919647,0.23232322931289673,0.484599,0.6,MI
2026-03-08,0.2532381032034755,0.3047619163990021,0.2857142984867096,0.190476194024086,0.4714285731315613,0.095238097012043,0.504924,0.6,MI
2026-03-22,0.09164,0.020833,0.020833,0.421146,0.0,0.020833,0.509206,0.576,MI
2026-04-05,0.060115,0.0,0.0,0.333974,0.0,0.0,0.48524,0.234,MI
2026-04-19,0.45984456986188893,0.6839378476142883,0.27979275584220886,0.3834196925163269,0.48704662919044495,0.37823835015296936,0.485842,0.6,MI
2026-05-03,0.6226288597285748,0.6804123520851135,0.4793814420700073,0.3969072103500366,0.2319587618112564,0.938144326210022,0.481494,0.6,MI
2026-05-17,0.09096,0.0,0.038462,0.385673,0.0,0.038462,0.485693,0.312,MI
2026-05-31,0.113241,0.0,0.073684,0.427947,0.0,0.052632,0.496051,0.57,MI
2026-06-14,0.089985,0.0,0.033784,0.43723,0.006757,0.0,0.493737,0.6,MI
2026-06-28,0.3942211014032364,0.43216079473495483,0.4070351719856262,0.3919597864151001,0.5678392052650452,0.23115578293800354,0.489648,0.6,MI
2026-07-12,0.49668477982282644,0.33695653080940247,0.41847825050354004,0.3913043439388275,0.46739131212234497,0.760869562625885,0.496423,0.6,MI
2026-07-26,0.4935294088721276,0.32620319724082947,0.3903743326663971,0.23529411852359772,0.614973247051239,0.8716577291488647,0.499966,0.6,MI
2026-08-09,0.149929,0.0,0.121495,0.492336,0.0,0.093458,0.4872,0.6,MI
2026-08-23,0.08691,0.005882,0.029412,0.408324,0.0,0.011765,0.502736,0.6,MI
2026-09-06,0.5497409331798554,0.44041451811790466,0.393782377243042,0.4559585452079773,0.5544041395187378,0.8393782377243042,0.492766,0.6,MI
2026-09-20,0.5153030318021774,0.5353535413742065,0.35353535413742065,0.3737373650074005,0.5404040217399597,0.7171717286109924,0.49132,0.6,MI
2026-10-02,0.5493939378857612,0.536796510219574,0.4935064911842346,0.5324675440788269,0.5800865888595581,0.5324675440788269,0.492073,0.6,MI
2025-04-20,0.25585365915670993,0.09268292784690857,0.12195122241973877,0.497560977935791,0.2780487835407257,0.4731707274913788,0.07804878056049347,0.0124,CHL
2025-05-04,0.5490147738158703,0.27093595266342163,0.6305418610572815,0.8177340030670166,0.2216748744249344,0.41871920228004456,0.8177340030670166,0.0124,CHL
2025-11-16,0.057487923409789796,0.014492753893136978,0.06280193477869034,0.10628019273281097,0.028985507786273956,0.02415458858013153,0.2222222238779068,0.1732,MCO
2026-01-25,0.17162303619086744,0.3298429250717163,0.11518324911594391,0.015706805512309074,0.1884816735982895,0.0628272220492363,0.35078534483909607,0.1732,MCO
2026-02-22,0.09712120877578855,0.005050505045801401,0.06565656512975693,0.01515151560306549,0.10101009905338287,0.2525252401828766,0.08585858345031738,0.1732,MCO
2026-05-03,0.8061340329796076,0.8505154848098755,0.9639175534248352,0.9484536051750183,0.7474226951599121,0.42268040776252747,0.10309278219938278,0.1732,MCO
2026-08-09,0.5486631044745446,0.28877004981040955,0.6417112350463867,0.3743315637111664,0.1818181872367859,0.9732620120048523,0.12834224104881287,0.1732,MCO
2025-10-05,0.09865,0.0,0.055046,0.425734,0.0,0.018349,0.507034,0.6,GY
2025-10-19,0.122115,0.0,0.107143,0.46744,0.011905,0.011905,0.499887,0.504,GY
2025-11-02,0.8217821830511094,0.7871286869049072,0.8069307208061218,0.7920792102813721,0.8712871074676514,0.7722772359848022,0.487623,0.6,GY
2025-11-16,0.5247826039791108,0.483091801404953,0.2946859896183014,0.6908212304115295,0.3864734172821045,0.7971014380455017,0.496488,0.6,GY
2025-11-30,0.158196,0.0,0.152381,0.468286,0.0,0.104762,0.491655,0.6,GY
2025-12-14,0.092116,0.010204,0.040816,0.427857,0.0,0.0,0.500367,0.588,GY
2025-12-28,0.230238,0.0,0.303571,0.565804,0.017857,0.125,0.487803,0.336,GY
2026-01-11,0.11928,0.0,0.078125,0.482109,0.0,0.03125,0.489066,0.384,GY
2026-01-25,0.105956,0.0,0.053763,0.450054,0.0,0.032258,0.498104,0.558,GY
2026-02-08,0.121016,0.0,0.101449,0.433986,0.0,0.043478,0.491137,0.414,GY
2026-02-22,0.250909096300602,0.1111111119389534,0.24242424964904785,0.6414141654968262,0.4444444477558136,0.1111111119389534,0.495444,0.6,GY
2026-03-08,0.36552381008863444,0.2380952388048172,0.20952381193637848,0.6428571343421936,0.4285714328289032,0.5095238089561462,0.499851,0.6,GY
2026-03-22,0.11174,0.0,0.072727,0.443,0.0,0.036364,0.512211,0.33,GY
2026-04-05,0.155574,0.0,0.119048,0.493929,0.0,0.119048,0.489628,0.252,GY
2026-04-19,0.6160103526711463,0.8911917209625244,0.5129533410072327,0.7150259017944336,0.8601036071777344,0.2953367829322815,0.497133,0.6,GY
2026-05-03,0.37211339324712756,0.3711340129375458,0.39175257086753845,0.27319586277008057,0.6752577424049377,0.27319586277008057,0.50014,0.6,GY
2026-05-17,0.075013,0.015625,0.0,0.399375,0.0,0.0,0.511345,0.384,GY
2026-05-31,0.111868,0.0,0.111111,0.423958,0.0,0.0,0.494175,0.432,GY
2026-06-14,0.10854,0.013889,0.041667,0.476458,0.0,0.027778,0.498958,0.432,GY
2026-06-28,0.5246733710169793,0.5226130485534668,0.6733668446540833,0.2713567912578583,0.8994975090026855,0.29145729541778564,0.498231,0.6,GY
2026-07-12,0.4084239193797111,0.39673912525177,0.46195653080940247,0.31521740555763245,0.4836956560611725,0.31521740555763245,0.487755,0.6,GY
2026-07-26,0.4798395740985871,0.29946523904800415,0.33155080676078796,0.29411765933036804,0.51871657371521,0.8181818127632141,0.486933,0.6,GY
2026-08-09,0.094285,0.0,0.040541,0.433716,0.0,0.013514,0.500217,0.444,GY
2026-08-23,0.096107,0.034483,0.034483,0.43431,0.0,0.0,0.500674,0.348,GY
2026-09-06,0.6902590751647949,0.6580311059951782,0.7046632170677185,0.3056994676589966,0.8134714961051941,0.7564767003059387,0.481518,0.6,GY
2026-09-20,0.5125252497196198,0.44949495792388916,0.6363636255264282,0.28787878155708313,0.9141414165496826,0.2929292917251587,0.492547,0.6,GY
2026-10-02,0.5486147171258926,0.3896103799343109,0.48917749524116516,0.19480518996715546,0.6363636255264282,0.9004328846931458,0.490265,0.6,GY
2025-10-05,0.080743,0.0,0.0,0.448571,0.0,0.0,0.471125,0.084,SG
2025-10-19,0.066337,0.0,0.0,0.368538,0.0,0.0,0.509311,0.39,SG
2025-11-02,0.37970297520980234,0.2227722704410553,0.5544554591178894,0.37128713726997375,0.029702970758080482,0.27227723598480225,0.493059,0.5814,SG
2025-11-16,0.659468599408865,0.7584540843963623,0.7632850408554077,0.8792270421981812,0.2222222238779068,0.2995169162750244,0.486276,0.5814,SG
2025-11-30,0.111356,0.0,0.075,0.435312,0.0,0.0375,0.489912,0.48,SG
2025-12-14,0.054,0.0,0.0,0.3,0.0,0.0,0.475466,0.006,SG
2025-12-28,0.0886,0.0,0.0,0.492222,0.0,0.0,0.486729,0.054,SG
2026-01-11,0.06828,0.0,0.0,0.379333,0.0,0.0,0.509771,0.09,SG
2026-01-25,0.0846,0.0,0.0,0.47,0.0,0.0,0.492614,0.048,SG
2026-02-08,0.195924,0.0,0.272727,0.499242,0.060606,0.060606,0.480588,0.198,SG
2026-02-22,0.05265,0.0,0.0,0.2925,0.0,0.0,0.47548,0.012,SG
2026-03-08,0.6542381030321123,0.6809523701667786,0.6666666865348816,0.761904776096344,0.9285714030265808,0.34761905670166016,0.492389,0.5814,SG
2026-03-22,0.25025,0.0,0.25,0.6125,0.0,0.25,0.48955,0.072,SG
2026-04-05,0.152605,0.0,0.1625,0.4485,0.1125,0.05,0.474997,0.48,SG
2026-04-19,0.6002072682976722,0.9689119458198547,0.23834197223186493,0.8290155529975891,0.34196892380714417,0.5595855116844177,0.505738,0.5814,SG
2026-05-03,0.8809278494119644,0.9742268323898315,0.9845361113548279,0.9639175534248352,0.6546391844749451,0.5670102834701538,0.491375,0.5814,SG
2026-05-17,0.246233,0.0,0.266667,0.538333,0.0,0.266667,0.484819,0.09,SG
2026-05-31,0.130876,0.0,0.095238,0.494286,0.0,0.047619,0.49469,0.126,SG
2026-06-14,0.108429,0.0,0.117647,0.393235,0.0,0.0,0.51577,0.102,SG
2026-06-28,0.4348241168260575,0.6582914590835571,0.20603014528751373,0.49246230721473694,0.32663315534591675,0.49246230721473694,0.494157,0.5814,SG
2026-07-12,0.27940217511728405,0.10326086729764938,0.20108695328235626,0.46195653080940247,0.29891303181648254,0.45108696818351746,0.500863,0.5814,SG
2026-07-26,0.6526203152537347,0.7112299203872681,0.6951871514320374,0.8074866533279419,0.33155080676078796,0.45989304780960083,0.5007,0.5814,SG
2026-08-09,0.109017,0.086957,0.043478,0.431739,0.0,0.0,0.495465,0.138,SG
2026-08-23,0.101446,0.0,0.076923,0.396923,0.076923,0.0,0.50542,0.078,SG
2026-09-06,0.30450778394937517,0.07253886014223099,0.1865285038948059,0.5336787700653076,0.2746114134788513,0.5492228269577026,0.524583,0.5814,SG
2026-09-20,0.5298989927768707,0.3080808222293854,0.5959596037864685,0.49494948983192444,0.9242424368858337,0.4898989796638489,0.494923,0.5814,SG
2026-10-02,0.5479220908880235,0.41558441519737244,0.6320346593856812,0.6277056336402893,0.3982684016227722,0.47186148166656494,0.4996,0.5814,SG
2025-10-05,0.362513,0.0,0.466667,0.651,0.0,0.4,0.492377,0.09,JE
2025-10-19,0.081281,0.0,0.047619,0.366905,0.0,0.0,0.48891,0.126,JE
2025-11-02,0.3830693162977696,0.5247524976730347,0.5445544719696045,0.13861386477947235,0.049504950642585754,0.13861386477947235,0.498299,0.6,JE
2025-11-16,0.3767632931470871,0.40096619725227356,0.5700483322143555,0.13526569306850433,0.41545894742012024,0.13526569306850433,0.496921,0.6,JE
2025-11-30,0.147208,0.0,0.115385,0.458846,0.0,0.115385,0.498324,0.156,JE
2025-12-14,0.161296,0.0,0.178571,0.483393,0.0,0.071429,0.485538,0.168,JE
2025-12-28,0.091304,0.0,0.043478,0.413043,0.043478,0.0,0.485385,0.138,JE
2026-01-11,0.167912,0.0,0.219512,0.477561,0.0,0.04878,0.486877,0.246,JE
2026-01-25,0.1796,0.0,0.181818,0.492727,0.0,0.136364,0.494561,0.132,JE
2026-02-08,0.180374,0.026316,0.210526,0.518158,0.026316,0.052632,0.491466,0.228,JE
2026-02-22,0.5145454555749894,0.5808081030845642,0.7828282713890076,0.14646464586257935,0.9242424368858337,0.03030303120613098,0.483067,0.6,JE
2026-03-08,0.38642857208848,0.6238095164299011,0.46666666865348816,0.12380952388048172,0.20476190745830536,0.1190476194024086,0.500763,0.6,JE
2026-03-22,0.107186,0.0,0.068966,0.426897,0.0,0.034483,0.497943,0.174,JE
2026-04-05,0.059771,0.0,0.0,0.332059,0.0,0.0,0.504133,0.102,JE
2026-04-19,0.19642487324774266,0.05181347206234932,0.13989637792110443,0.43523314595222473,0.12435232847929001,0.2746114134788513,0.49612,0.6,JE
2026-05-03,0.37731958016753203,0.3350515365600586,0.44329896569252014,0.4639175236225128,0.14432989060878754,0.2680412232875824,0.500117,0.6,JE
2026-05-17,0.10225,0.0,0.071429,0.441071,0.0,0.0,0.509917,0.084,JE
2026-05-31,0.196887,0.032258,0.209677,0.534677,0.0,0.112903,0.483518,0.372,JE
2026-06-14,0.253862,0.076923,0.230769,0.606923,0.0,0.230769,0.476458,0.078,JE
2026-06-28,0.6423618112504483,0.7487437129020691,0.7286432385444641,0.7236180901527405,0.8894472122192383,0.2613065242767334,0.511208,0.6,JE
2026-07-12,0.41135869503021244,0.3586956560611725,0.489130437374115,0.25,0.864130437374115,0.28260868787765503,0.496157,0.6,JE
2026-07-26,0.6350802206993104,0.4438502788543701,0.7058823704719543,0.2513369023799896,0.7326202988624573,0.9572192430496216,0.492261,0.6,JE
2026-08-09,0.16901,0.0,0.2,0.4945,0.0,0.066667,0.49158,0.18,JE
2026-08-23,0.088103,0.0,0.028571,0.400571,0.0,0.028571,0.504802,0.21,JE
2026-09-06,0.4176683899760246,0.5025906562805176,0.36269429326057434,0.4455958604812622,0.6787564754486084,0.27979275584220886,0.494894,0.6,JE
2026-09-20,0.5947474825382232,0.5555555820465088,0.808080792427063,0.7626262903213501,0.14141413569450378,0.2777777910232544,0.494,0.6,JE
2026-10-02,0.5427272692322731,0.38528138399124146,0.43290042877197266,0.32900431752204895,0.6623376607894897,0.8744588494300842,0.496567,0.6,JE
2025-10-05,0.069395,0.0,0.0,0.385526,0.0,0.0,0.512716,0.114,ZA
2025-10-19,0.114285,0.018182,0.072727,0.388455,0.0,0.072727,0.510703,0.33,ZA
2025-11-16,0.44966183945536614,0.24637681245803833,0.3671497702598572,0.2946859896183014,0.4057970941066742,0.8550724387168884,0.502565,0.5876,ZA
2025-11-30,0.077486,0.015385,0.0,0.413385,0.0,0.0,0.504971,0.39,ZA
2025-12-14,0.173451,0.0,0.25641,0.47359,0.0,0.025641,0.482966,0.234,ZA
2025-12-28,0.06006,0.0,0.0,0.333667,0.0,0.0,0.501224,0.09,ZA
2026-01-11,0.076307,0.0,0.0,0.423929,0.0,0.0,0.493406,0.252,ZA
2026-01-25,0.150405,0.0,0.204545,0.436591,0.090909,0.0,0.49731,0.264,ZA
2026-02-08,0.108303,0.056338,0.042254,0.426408,0.0,0.028169,0.497173,0.426,ZA
2026-02-22,0.497777773141861,0.4545454680919647,0.5909090638160706,0.2929292917251587,0.2929292917251587,0.47979798913002014,0.498307,0.5876,ZA
2026-03-08,0.4457619158923626,0.2809523940086365,0.39523810148239136,0.2904762029647827,0.29523810744285583,0.7523809671401978,0.503291,0.5876,ZA
2026-03-22,0.194682,0.0,0.181818,0.515909,0.0,0.181818,0.498622,0.198,ZA
2026-04-05,0.7,0.0,1.0,1.0,0.0,1.0,0.478166,0.012,ZA
2026-04-19,0.47253886952996255,0.22797927260398865,0.5854922533035278,0.4922279715538025,0.2849740982055664,0.47668394446372986,0.506325,0.5876,ZA
2026-05-03,0.37458762139081964,0.34020617604255676,0.18041236698627472,0.6701030731201172,0.26288658380508423,0.48969072103500366,0.499745,0.5876,ZA
2026-05-17,0.089325,0.0,0.0,0.49625,0.0,0.0,0.509443,0.072,ZA
2026-05-31,0.082763,0.0,0.025,0.405625,0.025,0.0,0.492055,0.24,ZA
2026-06-14,0.270571,0.0,0.285714,0.614286,0.0,0.285714,0.487221,0.042,ZA
2026-06-28,0.34592965394258507,0.1557788997888565,0.2512562870979309,0.6884422302246094,0.34170854091644287,0.42211055755615234,0.489854,0.5876,ZA
2026-07-12,0.5945108690857888,0.43478259444236755,0.760869562625885,0.52173912525177,0.35326087474823,0.5380434989929199,0.508509,0.5876,ZA
2026-07-26,0.7767379686236382,0.9732620120048523,0.8235294222831726,0.9304812550544739,0.2192513346672058,0.529411792755127,0.507401,0.5876,ZA
2026-08-09,0.300375,0.0,0.375,0.66875,0.0,0.25,0.486805,0.048,ZA
2026-08-23,0.110743,0.0,0.1,0.4245,0.033333,0.0,0.50364,0.18,ZA
2026-09-06,0.6256476712226868,0.5233160853385925,0.5181347131729126,0.49740931391716003,0.7668393850326538,0.8652849793434143,0.485753,0.5876,ZA
2026-09-20,0.4166666665673256,0.19191919267177582,0.39898988604545593,0.7020202279090881,0.3333333432674408,0.43939393758773804,0.491994,0.5876,ZA
2026-10-02,0.5410389631986618,0.4588744640350342,0.5930736064910889,0.6103895902633667,0.7792207598686218,0.36796537041664124,0.486452,0.5876,ZA
2025-10-05,0.9227083319425584,0.90625,0.9114583134651184,0.9010416865348816,0.9635416865348816,0.890625,0.9010416865348816,0.6,IND
2025-10-19,0.806719565987587,0.7989417910575867,0.7407407164573669,0.7989417910575867,0.6560846567153931,0.8994709253311157,0.7989417910575867,0.6,IND
2025-11-02,0.7068811959028245,0.6485148668289185,0.7722772359848022,0.36138615012168884,0.9108911156654358,0.698019802570343,0.6534653306007385,0.6,IND
2025-11-16,0.6043961203098297,0.7004830837249756,0.46859902143478394,0.2028985470533371,0.6086956262588501,0.772946834564209,0.6231883764266968,0.6,IND
2025-11-30,0.6685074505209924,0.711442768573761,0.6716417670249939,0.11442785710096359,0.6666666865348816,0.8706467747688293,0.5024875402450562,0.6,IND
2025-12-14,0.921624373793602,0.8477157354354858,0.9390863180160522,0.9340101480484009,0.8832487463951111,0.9746192693710327,0.9340101480484009,0.6,IND
2025-12-28,0.6401020431518555,0.6122449040412903,0.5969387888908386,0.19897958636283875,0.7857142686843872,0.9132652878761292,0.5510203838348389,0.6,IND
2026-01-11,0.8951020371913911,0.9030612111091614,0.8571428656578064,0.9030612111091614,0.7704081535339355,0.9591836929321289,0.9030612111091614,0.6,IND
2026-01-25,0.6107329842448234,0.5759162306785583,0.6125654578208923,0.1256544440984726,0.753926694393158,0.753926694393158,0.6544502377510071,0.6,IND
2026-02-08,0.83451775431633,0.7461928725242615,0.8020304441452026,0.8324872851371765,0.8578680157661438,0.8477157354354858,0.8324872851371765,0.6,IND
2026-02-22,0.7829798048734666,0.691919207572937,0.752525269985199,0.7575757503509521,0.6969696879386902,0.9494949579238892,0.7575757503509521,0.6,IND
2026-03-08,0.6161904825270177,0.6904761791229248,0.5047619342803955,0.20000000298023224,0.7285714149475098,0.8380952477455139,0.6238095164299011,0.6,IND
2026-03-22,0.7002162164449692,0.7189189195632935,0.7351351380348206,0.1135135143995285,0.7513513565063477,0.8918918967247009,0.637837827205658,0.6,IND
2026-04-05,0.6566842088103294,0.6526315808296204,0.4684210419654846,0.7157894968986511,0.74210524559021,0.7736842036247253,0.3263157904148102,0.6,IND
2026-04-19,0.8796373128890992,0.8963730335235596,0.8445596098899841,0.8549222946166992,0.7823834419250488,0.9067357778549194,0.7150259017944336,0.6,IND
2026-05-03,0.8137113386392593,0.7422680258750916,0.7886598110198975,0.8453608155250549,0.5670102834701538,0.9793814420700073,0.7010309100151062,0.6,IND
2026-05-17,0.7293908631801606,0.6852791905403137,0.7055837512016296,0.4314720928668976,0.817258894443512,0.8730964660644531,0.5989847779273987,0.6,IND
2026-05-31,0.7354040265083314,0.7373737096786499,0.7373737096786499,0.25757575035095215,0.8636363744735718,0.9343434572219849,0.6363636255264282,0.6,IND
2026-06-14,0.8690673625469209,0.8601036071777344,0.8082901835441589,0.8549222946166992,0.8341968655586243,0.9378238320350647,0.8704662919044495,0.6,IND
2026-06-28,0.8167336595058441,0.839195966720581,0.7437185645103455,0.7286432385444641,0.8140703439712524,0.8894472122192383,0.7587939500808716,0.6,IND
2026-07-12,0.8235869514942169,0.820652186870575,0.7336956262588501,0.782608687877655,0.9130434989929199,0.9402173757553101,0.6630434989929199,0.6,IND
2026-07-26,0.7667914420366287,0.8235294222831726,0.614973247051239,0.759358286857605,0.7754010558128357,0.8021390438079834,0.7272727489471436,0.6,IND
2026-08-09,0.7588235300779342,0.7860962748527527,0.6524063944816589,0.7433155179023743,0.7326202988624573,0.7647058963775635,0.8074866533279419,0.6,IND
2026-08-23,0.8163934361934663,0.8469945192337036,0.6775956153869629,0.8087431788444519,0.868852436542511,0.8524590134620667,0.7923497557640076,0.6,IND
2026-09-06,0.8168393820524216,0.7927461266517639,0.7512953281402588,0.8290155529975891,0.7098445892333984,0.9430052042007446,0.6321243643760681,0.6,IND
2026-09-20,0.613585852086544,0.6262626051902771,0.5303030014038086,0.39393940567970276,0.6363636255264282,0.7272727489471436,0.4595959484577179,0.6,IND
2026-10-02,0.5389610418677331,0.5021644830703735,0.380952388048172,0.3896103799343109,0.4545454680919647,0.822510838508606,0.38528138399124146,0.6,IND
2025-10-05,0.243342,0.0,0.451613,0.549032,0.0,0.0,0.483945,0.186,GA
2025-10-19,0.10143,0.0,0.060606,0.455758,0.0,0.0,0.503497,0.198,GA
2025-11-02,0.5704455441236497,0.39603960514068604,0.5396039485931396,0.7079207897186279,0.8613861203193665,0.5247524976730347,0.484335,0.5876,GA
2025-11-16,0.4260386553406715,0.19806763529777527,0.40096619725227356,0.6376811861991882,0.5072463750839233,0.5072463750839233,0.504119,0.5876,GA
2025-11-30,0.218589,0.0,0.315789,0.512632,0.0,0.105263,0.474761,0.114,GA
2025-12-14,0.115712,0.0,0.125,0.420625,0.0,0.0,0.487114,0.096,GA
2025-12-28,0.207267,0.0,0.333333,0.558889,0.0,0.0,0.494333,0.054,GA
2026-01-11,0.190565,0.0,0.26087,0.536957,0.0,0.043478,0.478424,0.138,GA
2026-01-25,0.153093,0.0,0.142857,0.406071,0.0,0.142857,0.509943,0.084,GA
2026-02-08,0.172186,0.0,0.142857,0.512143,0.0,0.142857,0.491417,0.042,GA
2026-02-22,0.5102525267004967,0.4898989796638489,0.5101010203361511,0.6818181872367859,0.6767676472663879,0.3333333432674408,0.496272,0.5876,GA
2026-03-08,0.6046190464496612,0.3285714387893677,0.699999988079071,0.7190476059913635,0.961904764175415,0.4095238149166107,0.481126,0.5876,GA
2026-03-22,0.140262,0.047619,0.095238,0.475,0.047619,0.047619,0.473337,0.126,GA
2026-04-05,0.0792,0.0,0.0,0.44,0.0,0.0,0.495214,0.09,GA
2026-04-19,0.39544041007757186,0.2849740982055664,0.48704662919044495,0.3316062092781067,0.16580310463905334,0.3316062092781067,0.498837,0.5876,GA
2026-05-03,0.1988659729063511,0.0824742242693901,0.0824742242693901,0.3298968970775604,0.1649484485387802,0.3298968970775604,0.494817,0.5876,GA
2026-05-17,0.149921,0.0,0.151515,0.482727,0.0,0.060606,0.484004,0.198,GA
2026-05-31,0.136265,0.0,0.130435,0.467174,0.0,0.043478,0.494264,0.138,GA
2026-06-14,0.103135,0.0,0.117647,0.363824,0.0,0.0,0.507026,0.102,GA
2026-06-28,0.5247738813608884,0.35175880789756775,0.5326633453369141,0.3216080367565155,0.5276381969451904,0.9447236061096191,0.508657,0.5876,GA
2026-07-12,0.3001630381122231,0.23369565606117249,0.43478259444236755,0.17934782803058624,0.11413043737411499,0.20108695328235626,0.508412,0.5876,GA
2026-07-26,0.21903743475675586,0.11229946464300156,0.1818181872367859,0.1764705926179886,0.3957219123840332,0.1818181872367859,0.473189,0.5876,GA
2026-08-09,0.217444,0.0,0.222222,0.516667,0.0,0.222222,0.471772,0.108,GA
2026-08-23,0.0786,0.0,0.0,0.436667,0.0,0.0,0.489319,0.18,GA
2026-09-06,0.25984455794095995,0.12953367829322815,0.3316062092781067,0.17616580426692963,0.12953367829322815,0.22797927260398865,0.484049,0.5876,GA
2026-09-20,0.4434343367815018,0.35353535413742065,0.6515151262283325,0.25757575035095215,0.939393937587738,0.1666666716337204,0.491818,0.5876,GA
2026-10-02,0.5379220724105835,0.5974025726318359,0.7575757503509521,0.2467532455921173,0.8354978561401367,0.2467532455921173,0.506554,0.5876,GA
2025-10-05,0.146607,0.006579,0.144737,0.468355,0.006579,0.059211,0.482978,0.6,CE
2025-10-19,0.097596,0.007143,0.042857,0.407679,0.007143,0.035714,0.498428,0.6,CE
2025-11-02,0.6101980257034302,0.5,0.5247524976730347,0.4554455578327179,0.8118811845779419,0.7475247383117676,0.486381,0.6,CE
2025-11-16,0.3260869506001473,0.1835748851299286,0.256038635969162,0.45410627126693726,0.4251207709312439,0.4202898442745209,0.498668,0.6,CE
2025-11-30,0.151261,0.002268,0.179138,0.431293,0.102041,0.036281,0.481889,0.6,CE
2025-12-14,0.101781,0.0,0.065868,0.403772,0.011976,0.02994,0.498968,0.6,CE
2025-12-28,0.17536,0.004651,0.190698,0.510395,0.004651,0.088372,0.488753,0.6,CE
2026-01-11,0.130474,0.0,0.088235,0.450343,0.0,0.088235,0.493223,0.6,CE
2026-01-25,0.113476,0.0,0.069307,0.454406,0.0,0.039604,0.495363,0.6,CE
2026-02-08,0.10876,0.082353,0.047059,0.399647,0.035294,0.011765,0.496658,0.51,CE
2026-02-22,0.5037878754734993,0.46464645862579346,0.4545454680919647,0.46464645862579346,0.44949495792388916,0.5909090638160706,0.49606,0.6,CE
2026-03-08,0.5270952439308166,0.43809524178504944,0.5476190447807312,0.4333333373069763,0.43809524178504944,0.6190476417541504,0.487893,0.6,CE
2026-03-22,0.148063,0.0,0.165414,0.475038,0.06015,0.022556,0.49202,0.6,CE
2026-04-05,0.168196,0.007692,0.176923,0.488269,0.0,0.092308,0.492204,0.6,CE
2026-04-19,0.3394818686693907,0.15025906264781952,0.2746114134788513,0.15544041991233826,0.3316062092781067,0.6787564754486084,0.502516,0.6,CE
2026-05-03,0.6653092885017395,0.8711340427398682,0.9123711585998535,0.15463916957378387,1.0,0.15463916957378387,0.482156,0.6,CE
2026-05-17,0.171094,0.007092,0.198582,0.480071,0.014184,0.078014,0.480627,0.6,CE
2026-05-31,0.136759,0.031496,0.094488,0.451811,0.0,0.07874,0.496753,0.6,CE
2026-06-14,0.1368,0.023392,0.099415,0.48807,0.017544,0.046784,0.490135,0.6,CE
2026-06-28,0.6780904456973077,0.6834170818328857,0.6934673190116882,0.1557788997888565,0.7889447212219238,0.80402010679245,0.491781,0.6,CE
2026-07-12,0.5243478268384933,0.4021739065647125,0.5,0.10326086729764938,0.5163043737411499,0.8913043737411499,0.486508,0.6,CE
2026-07-26,0.47705882310867315,0.48128342628479004,0.31016042828559875,0.17112299799919128,0.5935828685760498,0.7165775299072266,0.493575,0.6,CE
2026-08-09,0.134678,0.0,0.157895,0.453474,0.0,0.010526,0.486427,0.57,CE
2026-08-23,0.142686,0.027778,0.111111,0.474282,0.009259,0.064815,0.491823,0.6,CE
2026-09-06,0.5152331539988518,0.36269429326057434,0.46113988757133484,0.16580310463905334,0.575129508972168,0.8704662919044495,0.492145,0.6,CE
2026-09-20,0.49934343010187154,0.4444444477558136,0.4040403962135315,0.15656565129756927,0.46464645862579346,0.8181818127632141,0.49185,0.6,CE
2026-10-02,0.5377489238977432,0.523809552192688,0.5151515007019043,0.11688311398029327,0.6839826703071594,0.6926407217979431,0.495629,0.6,CE
2025-10-05,0.078135,0.0,0.032258,0.364194,0.032258,0.0,0.48701,0.186,ST
2025-11-02,0.17613861080259083,0.059405941516160965,0.17326731979846954,0.3910891115665436,0.039603959769010544,0.21782177686691284,0.519922,0.2722,ST
2025-11-30,0.6955,0.0,1.0,0.975,0.0,1.0,0.5,0.006,ST
2025-12-14,0.063,0.0,0.0,0.35,0.0,0.0,0.49827,0.006,ST
2025-12-28,0.027,0.0,0.0,0.15,0.0,0.0,0.53953,0.012,ST
2026-01-25,0.264667,0.0,0.333333,0.433333,0.0,0.333333,0.440678,0.018,ST
2026-02-08,0.0663,0.0,0.0,0.368333,0.0,0.0,0.499046,0.036,ST
2026-03-08,0.6495714242570102,0.6523809432983398,0.8238095045089722,0.800000011920929,0.01904761977493763,0.3619047701358795,0.49279,0.2722,ST
2026-05-17,0.054,0.0,0.0,0.3,0.0,0.0,0.517857,0.024,ST
2026-05-31,0.09,0.0,0.0,0.5,0.0,0.0,0.472973,0.006,ST
2026-06-14,0.083925,0.0,0.0,0.46625,0.0,0.0,0.489507,0.024,ST
2026-06-28,0.3165829133987427,0.1306532621383667,0.21105527877807617,0.5125628113746643,0.2512562870979309,0.5125628113746643,0.512881,0.2722,ST
2026-08-09,0.147359,0.0,0.117647,0.452647,0.0,0.117647,0.499291,0.102,ST
2026-08-23,0.027,0.0,0.0,0.15,0.0,0.0,0.514934,0.012,ST
2026-09-06,0.9118134659528733,0.9948186278343201,1.0,0.9792746305465698,1.0,0.5025906562805176,0.476334,0.2722,ST
2026-10-02,0.5361471965909005,0.4025973975658417,0.7402597665786743,0.411255419254303,0.1991342008113861,0.41558441519737244,0.488554,0.2722,ST
2025-10-05,0.161823,0.0,0.153846,0.420385,0.0,0.153846,0.494042,0.078,MZ
2025-10-19,0.058405,0.0,0.0,0.324474,0.0,0.0,0.502381,0.114,MZ
2025-11-02,0.7264851512014865,0.905940592288971,0.9801980257034302,0.9702970385551453,0.12871287763118744,0.08415841311216354,0.477376,0.5753,MZ
2025-11-16,0.7420289880037307,0.8164251446723938,0.9468598961830139,0.9710144996643066,0.8212560415267944,0.07246376574039459,0.472151,0.5753,MZ
2025-11-30,0.05859,0.0,0.0,0.3255,0.0,0.0,0.513172,0.06,MZ
2025-12-14,0.0948,0.0,0.0,0.526667,0.0,0.0,0.50166,0.018,MZ
2025-12-28,0.5805,0.0,0.75,0.891667,0.0,0.75,0.465237,0.072,MZ
2026-01-11,0.082125,0.0,0.0,0.45625,0.0,0.0,0.506282,0.048,MZ
2026-01-25,0.05804,0.0,0.0,0.322444,0.0,0.0,0.485171,0.27,MZ
2026-02-08,0.08118,0.0,0.0,0.451,0.0,0.0,0.477486,0.06,MZ
2026-02-22,0.18919192185625436,0.10606060922145844,0.32828283309936523,0.07575757801532745,0.05050504952669144,0.17676767706871033,0.485749,0.5753,MZ
2026-03-08,0.15561905313283209,0.12380952388048172,0.261904776096344,0.02380952425301075,0.39047619700431824,0.0476190485060215,0.496919,0.5753,MZ
2026-03-22,0.072082,0.0,0.0,0.400455,0.0,0.0,0.488095,0.132,MZ
2026-04-05,0.1262,0.0,0.166667,0.34,0.166667,0.0,0.491876,0.036,MZ
2026-04-19,0.22963730871677399,0.10362694412469864,0.10362694412469864,0.3471502661705017,0.22797927260398865,0.3471502661705017,0.511824,0.5753,MZ
2026-05-03,0.9039175379276275,0.7835051417350769,0.9329897165298462,0.8608247637748718,0.9742268323898315,0.9432989954948425,0.481254,0.5753,MZ
2026-05-17,0.043763,0.0,0.0,0.243125,0.0,0.0,0.479143,0.048,MZ
2026-05-31,0.276857,0.0,0.428571,0.585714,0.0,0.142857,0.483127,0.042,MZ
2026-06-14,0.298312,0.045455,0.333333,0.610152,0.0,0.30303,0.476948,0.396,MZ
2026-06-28,0.30336683094501493,0.39698493480682373,0.14070351421833038,0.3668341636657715,0.1658291518688202,0.32663315534591675,0.494431,0.5753,MZ
2026-07-12,0.4729891335964203,0.8804348111152649,0.14130434393882751,0.679347813129425,0.239130437374115,0.35326087474823,0.481578,0.5753,MZ
2026-07-26,0.48540106773376474,0.6042780876159668,0.23529411852359772,0.7326202988624573,0.6417112350463867,0.3582887649536133,0.483379,0.5753,MZ
2026-08-09,0.3552,0.0,0.428571,0.64,0.0,0.428571,0.495107,0.042,MZ
2026-08-23,0.089528,0.0,0.055556,0.398611,0.0,0.0,0.49721,0.108,MZ
2026-09-06,0.7535233054310084,0.9119170904159546,0.8238341808319092,0.8756476640701294,0.8601036071777344,0.36269429326057434,0.507144,0.5753,MZ
2026-09-20,0.7124747478961946,0.5404040217399597,0.7070707082748413,0.6414141654968262,0.7676767706871033,0.9444444179534912,0.489558,0.5753,MZ
2026-10-02,0.5358441534638405,0.588744580745697,0.5411255359649658,0.47186148166656494,0.4935064911842346,0.4935064911842346,0.500454,0.5753,MZ
2025-10-05,0.118246,0.0,0.085714,0.493429,0.028571,0.0,0.496735,0.21,HK
2025-10-19,0.157761,0.0,0.176471,0.476667,0.019608,0.058824,0.498289,0.306,HK
2025-11-02,0.5044554493203759,0.3564356565475464,0.698019802570343,0.6881188154220581,0.8415841460227966,0.10396039485931396,0.505185,0.6,HK
2025-11-16,0.3446859876066446,0.27053138613700867,0.3913043439388275,0.7198067903518677,0.5942028760910034,0.1111111119389534,0.495651,0.6,HK
2025-11-30,0.176035,0.008621,0.176724,0.510539,0.0,0.107759,0.47667,0.6,HK
2025-12-14,0.18983,0.015625,0.257812,0.511211,0.09375,0.023438,0.477119,0.6,HK
2025-12-28,0.138428,0.0,0.173913,0.451413,0.021739,0.0,0.495396,0.276,HK
2026-01-11,0.14847,0.0,0.12963,0.470926,0.0,0.092593,0.485344,0.324,HK
2026-01-25,0.111105,0.0,0.089286,0.427768,0.017857,0.017857,0.497915,0.336,HK
2026-02-08,0.143131,0.0,0.1625,0.446562,0.025,0.0375,0.478304,0.48,HK
2026-02-22,0.23237373992800714,0.17171716690063477,0.22727273404598236,0.631313145160675,0.13636364042758942,0.09595959633588791,0.503945,0.6,HK
2026-03-08,0.4077619136869908,0.1666666716337204,0.3857142925262451,0.6380952596664429,0.6285714507102966,0.4476190507411957,0.502324,0.6,HK
2026-03-22,0.122918,0.0,0.105263,0.460658,0.0,0.026316,0.490125,0.228,HK
2026-04-05,0.120908,0.0,0.105263,0.474342,0.026316,0.0,0.492367,0.228,HK
2026-04-19,0.7092228132486343,0.7461140155792236,0.9067357778549194,0.803108811378479,0.7616580128669739,0.27979275584220886,0.492613,0.6,HK
2026-05-03,0.3113401916623115,0.2680412232875824,0.29381442070007324,0.26288658380508423,0.5051546096801758,0.2835051417350769,0.500757,0.6,HK
2026-05-17,0.167775,0.0,0.192982,0.495439,0.0,0.070175,0.486843,0.342,HK
2026-05-31,0.176892,0.0,0.169811,0.529906,0.0,0.113208,0.49906,0.318,HK
2026-06-14,0.118447,0.0,0.085106,0.45,0.0,0.042553,0.496955,0.282,HK
2026-06-28,0.5638693496584892,0.7437185645103455,0.623115599155426,0.2763819098472595,0.8743718862533569,0.28140702843666077,0.491768,0.6,HK
2026-07-12,0.26467390574514865,0.19565217196941376,0.2771739065647125,0.29347825050354004,0.15217390656471252,0.30434781312942505,0.50657,0.6,HK
2026-07-26,0.7176470640301705,0.5561497211456299,0.7219251394271851,0.6898396015167236,0.7860962748527527,0.759358286857605,0.497833,0.6,HK
2026-08-09,0.090565,0.036364,0.036364,0.398091,0.0,0.0,0.499188,0.33,HK
2026-08-23,0.151541,0.0,0.162162,0.517568,0.0,0.027027,0.49305,0.222,HK
2026-09-06,0.5946113967895508,0.7150259017944336,0.6943005323410034,0.30051812529563904,0.8704662919044495,0.3056994676589966,0.481789,0.6,HK
2026-09-20,0.5411616110801697,0.9292929172515869,0.2777777910232544,0.7727272510528564,0.4898989796638489,0.31313130259513855,0.494386,0.6,HK
2026-10-02,0.5345887452363968,0.6363636255264282,0.6883116960525513,0.190476194024086,0.8484848737716675,0.19480518996715546,0.496148,0.6,HK
2025-10-05,0.165535,0.0,0.166667,0.490625,0.055556,0.083333,0.48731,0.432,WA
2025-10-19,0.108749,0.044444,0.066667,0.377,0.0,0.044444,0.495689,0.27,WA
2025-11-02,0.3261881151795387,0.3316831588745117,0.34158414602279663,0.28217822313308716,0.48514851927757263,0.23762376606464386,0.498569,0.5814,WA
2025-11-16,0.45782608136534686,0.3864734172821045,0.3719806671142578,0.28502416610717773,0.5700483322143555,0.7149758338928223,0.505128,0.5814,WA
2025-11-30,0.085762,0.0,0.047619,0.370635,0.0,0.015873,0.506188,0.378,WA
2025-12-14,0.175322,0.0,0.196078,0.494706,0.0,0.098039,0.486964,0.306,WA
2025-12-28,0.171733,0.0,0.238095,0.499048,0.0,0.02381,0.475288,0.252,WA
2026-01-11,0.1771,0.0,0.169492,0.50178,0.0,0.135593,0.496734,0.354,WA
2026-01-25,0.133644,0.0,0.121951,0.434878,0.02439,0.060976,0.496273,0.492,WA
2026-02-08,0.105466,0.0,0.080645,0.421048,0.0,0.016129,0.493429,0.372,WA
2026-02-22,0.3653535331785679,0.26767677068710327,0.3484848439693451,0.28282827138900757,0.7272727489471436,0.4343434274196625,0.509526,0.5814,WA
2026-03-08,0.28338096357882026,0.16190476715564728,0.34285715222358704,0.27142858505249023,0.5428571701049805,0.2571428716182709,0.508957,0.5814,WA
2026-03-22,0.088831,0.0,0.050847,0.380508,0.0,0.016949,0.501617,0.354,WA
2026-04-05,0.16779,0.0,0.142857,0.542143,0.0,0.102041,0.490416,0.294,WA
2026-04-19,0.4292227920889855,0.25388601422309875,0.3678756356239319,0.6787564754486084,0.7357512712478638,0.48704662919044495,0.512021,0.5814,WA
2026-05-03,0.5163402052223682,0.6752577424049377,0.35567009449005127,0.6752577424049377,0.5360824465751648,0.5412371158599854,0.503623,0.5814,WA
2026-05-17,0.117552,0.0,0.068966,0.484483,0.0,0.034483,0.498628,0.174,WA
2026-05-31,0.100986,0.0,0.052632,0.41386,0.017544,0.035088,0.489169,0.342,WA
2026-06-14,0.084645,0.0,0.032258,0.412903,0.0,0.0,0.501983,0.372,WA
2026-06-28,0.5924623090028763,0.6984924674034119,0.5075376629829407,0.713567852973938,0.6331658363342285,0.4170854389667511,0.492719,0.5814,WA
2026-07-12,0.35771739050745965,0.19021739065647125,0.29347825050354004,0.489130437374115,0.2554347813129425,0.58152174949646,0.504054,0.5814,WA
2026-07-26,0.5395187106728554,0.7326202988624573,0.1871657818555832,0.6791443824768066,0.3743315637111664,0.6951871514320374,0.486283,0.5814,WA
2026-08-09,0.168733,0.0,0.139535,0.534302,0.0,0.116279,0.510357,0.258,WA
2026-08-23,0.101163,0.0,0.055556,0.406667,0.018519,0.037037,0.499049,0.324,WA
2026-09-06,0.44321243643760677,0.606217622756958,0.2849740982055664,0.48704662919044495,0.2590673565864563,0.4922279715538025,0.49262,0.5814,WA
2026-09-20,0.3130303077399731,0.14646464586257935,0.26767677068710327,0.4848484992980957,0.23232322931289673,0.47979798913002014,0.503666,0.5814,WA
2026-10-02,0.5309956753253936,0.2380952388048172,0.5670995712280273,0.5584415793418884,0.17748917639255524,0.8311688303947449,0.510415,0.5814,WA
2025-10-05,0.124122,0.008864,0.096696,0.43923,0.016116,0.046737,0.496049,0.6,CH
2025-10-19,0.11868,0.002257,0.0886,0.440714,0.015237,0.039503,0.494968,0.6,CH
2025-11-02,0.5308415856957436,0.4801980257034302,0.4653465449810028,0.46039605140686035,0.6534653306007385,0.6336633563041687,0.500967,0.6,CH
2025-11-16,0.6723671388626099,0.5652173757553101,0.6231883764266968,0.4589371979236603,0.8164251446723938,0.8647342920303345,0.493238,0.6,CH
2025-11-30,0.124417,0.006178,0.095322,0.44079,0.015004,0.051192,0.497468,0.6,CH
2025-12-14,0.124539,0.011637,0.099302,0.444015,0.022498,0.037238,0.493485,0.6,CH
2025-12-28,0.119613,0.009407,0.091172,0.426657,0.016643,0.044139,0.494214,0.6,CH
2026-01-11,0.124048,0.006374,0.100567,0.4412,0.021246,0.040368,0.496434,0.6,CH
2026-01-25,0.117482,0.007617,0.08161,0.445506,0.018498,0.03482,0.495548,0.6,CH
2026-02-08,0.118734,0.006275,0.087059,0.443816,0.018039,0.035294,0.496493,0.6,CH
2026-02-22,0.4764141350239515,0.27272728085517883,0.33838382363319397,0.6212121248245239,0.47979798913002014,0.7727272510528564,0.500459,0.6,CH
2026-03-08,0.4459047734737397,0.3761904835700989,0.3142857253551483,0.44285714626312256,0.5095238089561462,0.6000000238418579,0.497341,0.6,CH
2026-03-22,0.120952,0.011807,0.087193,0.441258,0.014532,0.042688,0.498775,0.6,CH
2026-04-05,0.119646,0.009109,0.090081,0.447257,0.017206,0.030364,0.4931,0.6,CH
2026-04-19,0.43621762394905095,0.409326434135437,0.3471502661705017,0.14507772028446198,0.49740931391716003,0.6943005323410034,0.06735751032829285,0.6,CH
2026-05-03,0.593505135178566,0.6288659572601318,0.5876288414001465,0.14432989060878754,0.7525773048400879,0.6701030731201172,0.5876288414001465,0.6,CH
2026-05-17,0.108539,0.003486,0.068845,0.430806,0.013508,0.030501,0.493932,0.6,CH
2026-05-31,0.115872,0.003759,0.080201,0.439471,0.012531,0.039474,0.495723,0.6,CH
2026-06-14,0.133898,0.006667,0.110833,0.459758,0.019167,0.054167,0.498603,0.6,CH
2026-06-28,0.5294974802434445,0.5376884341239929,0.5226130485534668,0.15075376629829407,0.6130653023719788,0.6984924674034119,0.07537688314914703,0.6,CH
2026-07-12,0.5400543504953385,0.510869562625885,0.44565218687057495,0.17391304671764374,0.66847825050354,0.75,0.5,0.6,CH
2026-07-26,0.47540106952190403,0.4385026693344116,0.4117647111415863,0.16577540338039398,0.6631016135215759,0.6577540040016174,0.3957219123840332,0.6,CH
2026-08-09,0.136152,0.000788,0.122931,0.462159,0.046493,0.042553,0.497507,0.6,CH
2026-08-23,0.11836,0.003487,0.083697,0.443326,0.014821,0.041848,0.496516,0.6,CH
2026-09-06,0.461139894425869,0.38860103487968445,0.35233160853385925,0.15025906264781952,0.4715026021003723,0.787564754486084,0.494472,0.6,CH
2026-09-20,0.4067676736414433,0.4343434274196625,0.3181818127632141,0.13636364042758942,0.39898988604545593,0.6464646458625793,0.499782,0.6,CH
2026-10-02,0.5309091025590896,0.5584415793418884,0.5108225345611572,0.11255411058664322,0.7056276798248291,0.6406926512718201,0.495084,0.6,CH
2025-10-05,0.108917,0.014563,0.058252,0.440049,0.0,0.033981,0.499008,0.6,SZ
2025-10-19,0.130961,0.007143,0.135714,0.45375,0.014286,0.014286,0.492548,0.6,SZ
2025-11-02,0.5584653502702713,0.4306930601596832,0.48514851927757263,0.40594059228897095,0.7871286869049072,0.7227723002433777,0.488083,0.6,SZ
2025-11-16,0.5500483173131943,0.46859902143478394,0.5024154782295227,0.38164252042770386,0.6425120830535889,0.7101449370384216,0.497467,0.6,SZ
2025-11-30,0.129219,0.002688,0.096774,0.463401,0.010753,0.056452,0.490071,0.6,SZ
2025-12-14,0.089441,0.00813,0.01626,0.437276,0.0,0.01626,0.494617,0.6,SZ
2025-12-28,0.131229,0.009615,0.105769,0.420288,0.019231,0.076923,0.504185,0.6,SZ
2026-01-11,0.124243,0.0,0.123711,0.444536,0.030928,0.010309,0.493959,0.582,SZ
2026-01-25,0.106272,0.013235,0.058824,0.438522,0.013235,0.020588,0.494724,0.6,SZ
2026-02-08,0.114177,0.004762,0.085714,0.426643,0.014286,0.033333,0.490874,0.6,SZ
2026-02-22,0.7543434286117554,0.7121211886405945,0.8636363744735718,0.3030303120613098,0.9343434572219849,0.7121211886405945,0.493366,0.6,SZ
2026-03-08,0.6157619053125382,0.8523809313774109,0.31904762983322144,0.7333333492279053,0.4333333373069763,0.6809523701667786,0.49345,0.6,SZ
2026-03-22,0.102763,0.014184,0.056738,0.416454,0.0,0.028369,0.490822,0.6,SZ
2026-04-05,0.172536,0.0,0.162791,0.550698,0.03876,0.077519,0.487952,0.6,SZ
2026-04-19,0.8326424756646157,0.9222797751426697,0.7979274392127991,0.8601036071777344,0.37823835015296936,0.8290155529975891,0.494054,0.6,SZ
2026-05-03,0.5571649344265461,0.3195876181125641,0.5463917255401611,0.5103092789649963,0.5412371158599854,0.7835051417350769,0.495616,0.6,SZ
2026-05-17,0.078836,0.0,0.024845,0.385528,0.0,0.006211,0.497891,0.6,SZ
2026-05-31,0.136674,0.008547,0.111111,0.457778,0.008547,0.068376,0.496156,0.6,SZ
2026-06-14,0.13785,0.030184,0.108924,0.471798,0.045932,0.036745,0.487211,0.6,SZ
2026-06-28,0.4717588022351265,0.28140702843666077,0.37688443064689636,0.5175879597663879,0.6934673190116882,0.6633166074752808,0.497367,0.6,SZ
2026-07-12,0.5333152179419994,0.33152174949645996,0.385869562625885,0.5978260636329651,0.6413043737411499,0.864130437374115,0.497184,0.6,SZ
2026-07-26,0.6107486552000045,0.49197861552238464,0.6737967729568481,0.5935828685760498,0.3796791434288025,0.6203208565711975,0.498795,0.6,SZ
2026-08-09,0.133108,0.022556,0.097744,0.444586,0.015038,0.067669,0.496154,0.6,SZ
2026-08-23,0.134558,0.0,0.130081,0.440407,0.0,0.056911,0.488198,0.6,SZ
2026-09-06,0.498134716451168,0.23834197223186493,0.40414509177207947,0.5129533410072327,0.4663212299346924,0.7668393850326538,0.497954,0.6,SZ
2026-09-20,0.48116161286830905,0.4595959484577179,0.5,0.5252525210380554,0.5454545617103577,0.3737373650074005,0.491713,0.6,SZ
2026-10-02,0.5302597376704217,0.40692639350891113,0.32900431752204895,0.6839826703071594,0.48917749524116516,0.7748917937278748,0.494847,0.6,SZ
2025-10-05,0.125022,0.016667,0.1,0.463083,0.033333,0.016667,0.493128,0.36,HU
2025-10-19,0.092425,0.0,0.052239,0.397799,0.007463,0.014925,0.491444,0.6,HU
2025-11-02,0.4060396015644074,0.41584157943725586,0.39603960514068604,0.6930692791938782,0.7079207897186279,0.11386138945817947,0.485388,0.6,HU
2025-11-16,0.5528985571861268,0.3140096664428711,0.4975845515727997,0.7004830837249756,0.7101449370384216,0.7922705411911011,0.500254,0.6,HU
2025-11-30,0.127885,0.006944,0.118056,0.451215,0.083333,0.006944,0.496702,0.6,HU
2025-12-14,0.146825,0.033708,0.11236,0.499213,0.011236,0.05618,0.469402,0.534,HU
2025-12-28,0.087917,0.0,0.041667,0.40625,0.020833,0.0,0.506687,0.288,HU
2026-01-11,0.146407,0.033333,0.1,0.509667,0.0,0.066667,0.484379,0.18,HU
2026-01-25,0.088134,0.009709,0.009709,0.448641,0.0,0.009709,0.492471,0.6,HU
2026-02-08,0.099132,0.0,0.063492,0.437857,0.0,0.0,0.490138,0.378,HU
2026-02-22,0.6030808115005494,0.9090909361839294,0.560606062412262,0.808080792427063,0.7171717286109924,0.08585858345031738,0.476847,0.6,HU
2026-03-08,0.6922857224941255,0.7571428418159485,0.5142857432365417,0.6333333253860474,0.699999988079071,0.7904762029647827,0.483097,0.6,HU
2026-03-22,0.142011,0.054545,0.109091,0.503091,0.018182,0.018182,0.491557,0.33,HU
2026-04-05,0.154978,0.0,0.124294,0.510706,0.022599,0.090395,0.484586,0.6,HU
2026-04-19,0.5302072480320931,0.7772020697593689,0.5647668242454529,0.25388601422309875,0.7979274392127991,0.25388601422309875,0.493564,0.6,HU
2026-05-03,0.24201030323281889,0.14432989060878754,0.24226804077625275,0.41237112879753113,0.2164948433637619,0.2525773048400879,0.500265,0.6,HU
2026-05-17,0.100868,0.0,0.054054,0.428243,0.0,0.027027,0.489712,0.222,HU
2026-05-31,0.1725,0.0,0.190476,0.450397,0.0,0.126984,0.497896,0.378,HU
2026-06-14,0.11145,0.03125,0.0625,0.39,0.0,0.0625,0.49665,0.192,HU
2026-06-28,0.4960803955793381,0.5879396796226501,0.3216080367565155,0.24623115360736847,0.37688443064689636,0.8140703439712524,0.507569,0.6,HU
2026-07-12,0.7735869491100312,0.6086956262588501,0.820652186870575,0.7445651888847351,0.5652173757553101,0.9130434989929199,0.487799,0.6,HU
2026-07-26,0.686363635957241,0.7433155179023743,0.8395721912384033,0.893048107624054,0.4171122908592224,0.28342247009277344,0.492049,0.6,HU
2026-08-09,0.071813,0.0,0.0,0.398958,0.0,0.0,0.487129,0.144,HU
2026-08-23,0.137362,0.029412,0.088235,0.495147,0.0,0.058824,0.498868,0.204,HU
2026-09-06,0.9041968947649003,0.8860103487968445,0.8808290362358093,0.9015544056892395,0.8860103487968445,0.984455943107605,0.490857,0.6,HU
2026-09-20,0.7919696792960168,0.8939393758773804,0.5909090638160706,0.868686854839325,0.7878788113594055,0.8333333134651184,0.490487,0.6,HU
2026-10-02,0.5248051995038987,0.6450216174125671,0.6926407217979431,0.20779220759868622,0.8831169009208679,0.1991342008113861,0.494531,0.6,HU
2025-10-19,0.19375661328434945,0.35978835821151733,0.10052909702062607,0.1587301641702652,0.10582010447978973,0.1111111119389534,0.31216931343078613,0.5567,ZAF
2025-11-02,0.5876237544417382,0.8564356565475464,0.5693069100379944,0.8514851331710815,0.20297029614448547,0.15841583907604218,0.8514851331710815,0.5567,ZAF
2025-11-16,0.383623178601265,0.21256038546562195,0.5410627722740173,0.1642512083053589,0.7246376872062683,0.15458936989307404,0.5603864789009094,0.5567,ZAF
2025-12-14,0.25467004269361493,0.42131978273391724,0.08629441261291504,0.13705584406852722,0.0710659921169281,0.2690355181694031,0.5380710363388062,0.5567,ZAF
2025-12-28,0.38392857927829027,0.3520408272743225,0.704081654548645,0.15816326439380646,0.12755101919174194,0.07653061300516129,0.6734693646430969,0.5567,ZAF
2026-01-11,0.5556122435629368,0.6020408272743225,0.7755101919174194,0.7448979616165161,0.13775509595870972,0.15306122601032257,0.7448979616165161,0.5567,ZAF
2026-01-25,0.6962827140092849,0.5340313911437988,0.7801046967506409,0.16230367124080658,0.9319371581077576,0.8743455410003662,0.5497382283210754,0.5567,ZAF
2026-02-22,0.7937878862023353,0.7575757503509521,0.8131313323974609,0.8636363744735718,0.11616161465644836,0.9646464586257935,0.8636363744735718,0.5567,ZAF
2026-03-08,0.35523809954524044,0.5952380895614624,0.4000000059604645,0.19523809850215912,0.190476194024086,0.14761905372142792,0.30000001192092896,0.5567,ZAF
2026-03-22,0.09983783625066281,0.027027027681469917,0.05945945903658867,0.1621621549129486,0.0810810774564743,0.15135134756565094,0.08648648858070374,0.5567,ZAF
2026-04-05,0.3499473717808724,0.17894737422466278,0.20000000298023224,0.5052631497383118,0.3526315689086914,0.5684210658073425,0.21052631735801697,0.5567,ZAF
2026-04-19,0.4474611304700375,0.5647668242454529,0.196891188621521,0.49740931391716003,0.24352331459522247,0.5388600826263428,0.9378238320350647,0.5567,ZAF
2026-05-03,0.6066494753956795,0.40721648931503296,0.6907216310501099,0.7628865838050842,0.8969072103500366,0.4793814420700073,0.6752577424049377,0.5567,ZAF
2026-05-17,0.7326903694868088,0.6548223495483398,0.8832487463951111,0.7868020534515381,0.720812201499939,0.4467005133628845,0.6598984599113464,0.5567,ZAF
2026-05-31,0.4419697007536888,0.4545454680919647,0.17676767706871033,0.691919207572937,0.2373737394809723,0.6717171669006348,0.23232322931289673,0.5567,ZAF
2026-06-14,0.30896372854709625,0.041450776159763336,0.21243523061275482,0.48704662919044495,0.2331606149673462,0.48704662919044495,0.8911917209625244,0.5567,ZAF
2026-06-28,0.451356780230999,0.5125628113746643,0.24623115360736847,0.6934673190116882,0.3366834223270416,0.43216079473495483,0.7688442468643188,0.5567,ZAF
2026-07-12,0.6466304370760918,0.85326087474823,0.614130437374115,0.5163043737411499,0.3586956560611725,0.54347825050354,0.9347826242446899,0.5567,ZAF
2026-07-26,0.6800534719228745,0.6844919919967651,0.759358286857605,0.5721924901008606,0.7058823704719543,0.5347593426704407,0.6363636255264282,0.5567,ZAF
2026-08-09,0.3384492063522339,0.14973261952400208,0.1764705926179886,0.7058823704719543,0.24064171314239502,0.5668449401855469,0.23529411852359772,0.5567,ZAF
2026-08-23,0.7577049225568772,0.6448087692260742,0.8579235076904297,0.7322404384613037,0.9781420826911926,0.5792349576950073,0.8907103538513184,0.5567,ZAF
2026-09-06,0.8569430083036423,0.8652849793434143,0.8911917209625244,0.9119170904159546,0.2694300413131714,0.9326424598693848,0.5233160853385925,0.5567,ZAF
2026-09-20,0.46873737037181856,0.2373737394809723,0.5050504803657532,0.691919207572937,0.32828283309936523,0.4444444477558136,0.9494949579238892,0.5567,ZAF
2026-10-02,0.5186147195100784,0.19480518996715546,0.3636363744735718,0.6147186160087585,0.4199134111404419,0.8787878751754761,0.6103895902633667,0.5567,ZAF
2025-10-05,0.093471,0.006757,0.054054,0.395034,0.006757,0.013514,0.507888,0.6,SN
2025-10-19,0.109389,0.0,0.06875,0.413969,0.0125,0.05,0.494118,0.6,SN
2025-11-02,0.38465347230434416,0.20792078971862793,0.2524752616882324,0.38118812441825867,0.5198019742965698,0.6584158539772034,0.50296,0.6,SN
2025-11-16,0.42222221672534943,0.28502416610717773,0.260869562625885,0.3719806671142578,0.47826087474823,0.6908212304115295,0.49406,0.6,SN
2025-11-30,0.120735,0.0,0.098214,0.448527,0.0,0.035714,0.496177,0.6,SN
2025-12-14,0.119791,0.016807,0.067227,0.468025,0.008403,0.042017,0.490012,0.6,SN
2025-12-28,0.203509,0.065693,0.182482,0.548285,0.0,0.138686,0.48751,0.6,SN
2026-01-11,0.13129,0.014085,0.098592,0.508732,0.028169,0.014085,0.488507,0.426,SN
2026-01-25,0.095516,0.0,0.054054,0.398514,0.0,0.027027,0.497317,0.6,SN
2026-02-08,0.118511,0.0,0.095238,0.447286,0.009524,0.028571,0.494858,0.6,SN
2026-02-22,0.43808080509305003,0.23232322931289673,0.4040403962135315,0.38383838534355164,0.6717171669006348,0.6464646458625793,0.503741,0.6,SN
2026-03-08,0.5194762009382248,0.3523809611797333,0.6476190686225891,0.3619047701358795,0.9190475940704346,0.3523809611797333,0.49727,0.6,SN
2026-03-22,0.139512,0.0,0.153846,0.464808,0.015385,0.023077,0.502153,0.6,SN
2026-04-05,0.119021,0.0,0.106796,0.40233,0.07767,0.029126,0.50143,0.6,SN
2026-04-19,0.5926424840092659,0.4715026021003723,0.6373056769371033,0.5803108811378479,0.7150259017944336,0.5699481964111328,0.499451,0.6,SN
2026-05-03,0.4746907141804695,0.30927833914756775,0.4536082446575165,0.7731958627700806,0.5257731676101685,0.5,0.503724,0.6,SN
2026-05-17,0.081325,0.008264,0.016529,0.391198,0.0,0.016529,0.498765,0.6,SN
2026-05-31,0.104243,0.006289,0.066038,0.406698,0.015723,0.031447,0.506645,0.6,SN
2026-06-14,0.096132,0.0,0.05298,0.405662,0.019868,0.019868,0.501883,0.6,SN
2026-06-28,0.47276381582021715,0.45728641748428345,0.41206029057502747,0.5025125741958618,0.5376884341239929,0.5025125741958618,0.496362,0.6,SN
2026-07-12,0.4741304430365562,0.5054348111152649,0.3913043439388275,0.592391312122345,0.52173912525177,0.45652174949645996,0.502299,0.6,SN
2026-07-26,0.4991443845629693,0.427807480096817,0.29946523904800415,0.6203208565711975,0.5561497211456299,0.7219251394271851,0.500558,0.6,SN
2026-08-09,0.083417,0.013245,0.013245,0.425166,0.0,0.0,0.509131,0.6,SN
2026-08-23,0.069627,0.0,0.013966,0.346006,0.002793,0.011173,0.5072,0.6,SN
2026-09-06,0.677305696606636,0.6373056769371033,0.7305699586868286,0.575129508972168,0.9067357778549194,0.5803108811378479,0.491963,0.6,SN
2026-09-20,0.5948989707231521,0.5050504803657532,0.6868686676025391,0.5050504803657532,0.8636363744735718,0.5050504803657532,0.497214,0.6,SN
2026-10-02,0.5170562787353993,0.37662336230278015,0.4761904776096344,0.4025973975658417,0.7272727489471436,0.701298713684082,0.499686,0.6,SN
2025-10-05,0.155456,0.1,0.111111,0.488333,0.0,0.05,0.485054,0.6,MO
2025-10-19,0.136874,0.060976,0.097561,0.462988,0.060976,0.02439,0.50453,0.492,MO
2025-11-02,0.3285148449242115,0.15841583907604218,0.2227722704410553,0.03465346619486809,0.4108910858631134,0.7574257254600525,0.503699,0.6,MO
2025-11-16,0.537487930720672,0.8599033951759338,0.18840579688549042,0.7632850408554077,0.28985506296157837,0.6135265827178955,0.505466,0.6,MO
2025-11-30,0.1145,0.0,0.067568,0.443919,0.0,0.054054,0.503182,0.444,MO
2025-12-14,0.216742,0.0,0.307692,0.503269,0.0,0.115385,0.490015,0.312,MO
2025-12-28,0.056674,0.0,0.0,0.314853,0.0,0.0,0.502623,0.204,MO
2026-01-11,0.091576,0.0,0.054054,0.376622,0.0,0.027027,0.501142,0.444,MO
2026-01-25,0.079638,0.0,0.03125,0.386875,0.0,0.0,0.508462,0.192,MO
2026-02-08,0.125994,0.0,0.117647,0.360098,0.0,0.098039,0.502886,0.306,MO
2026-02-22,0.27136363998055457,0.12121212482452393,0.3636363744735718,0.035353533923625946,0.6363636255264282,0.2222222238779068,0.495153,0.6,MO
2026-03-08,0.2530476272106171,0.36666667461395264,0.3047619163990021,0.10000000149011612,0.5904762148857117,0.01904761977493763,0.494514,0.6,MO
2026-03-22,0.1187,0.0,0.086957,0.388913,0.0,0.086957,0.503876,0.138,MO
2026-04-05,0.180353,0.019608,0.156863,0.492157,0.0,0.156863,0.502029,0.306,MO
2026-04-19,0.36445595443248746,0.32642486691474915,0.32642486691474915,0.36269429326057434,0.6321243643760681,0.36269429326057434,0.497375,0.6,MO
2026-05-03,0.8949484550952911,0.9896907210350037,1.0,0.9896907210350037,0.35567009449005127,0.6649484634399414,0.490616,0.6,MO
2026-05-17,0.176903,0.0,0.165049,0.504369,0.009709,0.135922,0.491838,0.6,MO
2026-05-31,0.148405,0.0,0.157895,0.403421,0.0,0.105263,0.500265,0.228,MO
2026-06-14,0.091935,0.014706,0.058824,0.384118,0.014706,0.0,0.504736,0.408,MO
2026-06-28,0.32577889442443847,0.19597989320755005,0.30150753259658813,0.356783926486969,0.5125628113746643,0.356783926486969,0.491857,0.6,MO
2026-07-12,0.952608687877655,0.945652186870575,0.9510869383811951,0.9619565010070801,0.8369565010070801,0.9945651888847351,0.482255,0.6,MO
2026-07-26,0.8511229817569256,0.8823529481887817,0.9304812550544739,0.7700534462928772,0.9839572310447693,0.6791443824768066,0.507341,0.6,MO
2026-08-09,0.150148,0.006803,0.136054,0.462653,0.034014,0.081633,0.484182,0.6,MO
2026-08-23,0.124319,0.0,0.0875,0.418437,0.0,0.0875,0.495451,0.48,MO
2026-09-06,0.5675129564106465,0.6476684212684631,0.38860103487968445,0.39896371960639954,0.20207254588603973,0.9119170904159546,0.47949,0.6,MO
2026-09-20,0.6944949558377266,0.7272727489471436,0.8636363744735718,0.7575757503509521,0.8737373948097229,0.25757575035095215,0.492114,0.6,MO
2026-10-02,0.5151515138149262,0.48051947355270386,0.5194805264472961,0.5064935088157654,0.7489177584648132,0.4372294247150421,0.492421,0.6,MO
2025-10-05,0.131827,0.031008,0.093023,0.460194,0.0,0.054264,0.498463,0.6,UG
2025-10-19,0.162549,0.0,0.169811,0.475377,0.0,0.09434,0.482624,0.318,UG
2025-11-02,0.6463366359472273,0.5594059228897095,0.6584158539772034,0.23762376606464386,0.6287128925323486,0.8762376308441162,0.494991,0.6,UG
2025-11-16,0.6248309135437012,0.5942028760910034,0.729468584060669,0.22705313563346863,0.6183574795722961,0.5845410823822021,0.485758,0.6,UG
2025-11-30,0.094568,0.0,0.039474,0.415,0.013158,0.026316,0.500789,0.456,UG
2025-12-14,0.157575,0.0,0.191781,0.443151,0.0,0.068493,0.491793,0.438,UG
2025-12-28,0.169522,0.019231,0.147436,0.487372,0.0,0.128205,0.486153,0.6,UG
2026-01-11,0.130573,0.054054,0.067568,0.509189,0.0,0.027027,0.49298,0.444,UG
2026-01-25,0.224919,0.0,0.260664,0.576564,0.018957,0.151659,0.478146,0.6,UG
2026-02-08,0.127368,0.0,0.088235,0.433088,0.0,0.088235,0.500608,0.408,UG
2026-02-22,0.4421212103962898,0.40909090638160706,0.28282827138900757,0.24242424964904785,0.4343434274196625,0.7171717286109924,0.485157,0.6,UG
2026-03-08,0.5197619086503983,0.4047619104385376,0.4238095283508301,0.21904762089252472,0.5761904716491699,0.8761904835700989,0.488182,0.6,UG
2026-03-22,0.146376,0.0,0.164706,0.457647,0.0,0.047059,0.488947,0.51,UG
2026-04-05,0.150318,0.0,0.152542,0.439619,0.0,0.09322,0.493966,0.6,UG
2026-04-19,0.6964248713850976,0.4818652868270874,0.7409326434135437,0.6683937907218933,0.36269429326057434,0.9378238320350647,0.480406,0.6,UG
2026-05-03,0.6906185615062713,0.49484536051750183,0.6752577424049377,0.7422680258750916,0.5515463948249817,0.7989690899848938,0.486273,0.6,UG
2026-05-17,0.106092,0.0,0.049808,0.459981,0.0,0.030651,0.47579,0.6,UG
2026-05-31,0.152608,0.0,0.151515,0.459773,0.045455,0.075758,0.480913,0.6,UG
2026-06-14,0.129089,0.0,0.111111,0.445556,0.0,0.055556,0.490982,0.216,UG
2026-06-28,0.8695979875326157,0.8643215894699097,0.8693467378616333,0.8944723606109619,0.9246231317520142,0.7236180901527405,0.487424,0.6,UG
2026-07-12,0.5789673840999603,0.375,0.5652173757553101,0.5489130616188049,0.7445651888847351,0.64673912525177,0.480142,0.6,UG
2026-07-26,0.7533155012130737,0.6684492230415344,0.7112299203872681,0.7005347609519958,0.7486631274223328,0.7914438247680664,0.486491,0.6,UG
2026-08-09,0.095892,0.0,0.059322,0.394788,0.025424,0.016949,0.496325,0.6,UG
2026-08-23,0.091166,0.0,0.028409,0.418097,0.0,0.028409,0.499125,0.6,UG
2026-09-06,0.6021243625879289,0.31606218218803406,0.5492228269577026,0.7150259017944336,0.6165803074836731,0.9067357778549194,0.494728,0.6,UG
2026-09-20,0.5384848576784134,0.4545454680919647,0.5555555820465088,0.5454545617103577,0.7828282713890076,0.4595959484577179,0.493246,0.6,UG
2026-10-02,0.513116882443428,0.33766233921051025,0.41558441519737244,0.6233766078948975,0.3896103799343109,0.7359307408332825,0.49598,0.6,UG
2025-10-05,0.185409,0.0,0.264706,0.525147,0.088235,0.0,0.487673,0.204,RO
2025-10-19,0.125016,0.0,0.112903,0.450806,0.0,0.032258,0.49725,0.372,RO
2025-11-02,0.2638613813370466,0.32673266530036926,0.10396039485931396,0.3465346395969391,0.11386138945817947,0.3316831588745117,0.503449,0.6,RO
2025-11-16,0.3897101432085038,0.2415459007024765,0.3526569902896881,0.3478260934352875,0.739130437374115,0.3285024166107178,0.491332,0.6,RO
2025-11-30,0.120007,0.044444,0.066667,0.451889,0.044444,0.022222,0.503004,0.27,RO
2025-12-14,0.143653,0.015625,0.125,0.475156,0.0,0.0625,0.488238,0.384,RO
2025-12-28,0.274838,0.0,0.307692,0.569615,0.0,0.307692,0.496791,0.078,RO
2026-01-11,0.107112,0.0,0.058824,0.412059,0.0,0.058824,0.492528,0.204,RO
2026-01-25,0.229767,0.0,0.333333,0.572778,0.0,0.083333,0.480185,0.216,RO
2026-02-08,0.141984,0.0,0.12,0.4688,0.0,0.08,0.492181,0.3,RO
2026-02-22,0.3859090939164162,0.15656565129756927,0.26767677068710327,0.3484848439693451,0.3787878751754761,0.752525269985199,0.499491,0.6,RO
2026-03-08,0.5246666666865349,0.5285714268684387,0.6333333253860474,0.20952381193637848,0.8571428656578064,0.31904762983322144,0.49494,0.6,RO
2026-03-22,0.139079,0.078947,0.105263,0.427632,0.0,0.052632,0.49619,0.228,RO
2026-04-05,0.112223,0.0,0.089286,0.420089,0.053571,0.017857,0.498472,0.336,RO
2026-04-19,0.4275647616386413,0.35233160853385925,0.31606218218803406,0.5647668242454529,0.3056994676589966,0.6010362505912781,0.505381,0.6,RO
2026-05-03,0.7693298953771592,0.8556700944900513,0.8969072103500366,0.5515463948249817,0.9948453903198242,0.44329896569252014,0.489128,0.6,RO
2026-05-17,0.170437,0.0,0.163265,0.504694,0.040816,0.102041,0.488875,0.294,RO
2026-05-31,0.175084,0.015625,0.1875,0.531719,0.125,0.03125,0.48452,0.384,RO
2026-06-14,0.124161,0.012048,0.096386,0.422048,0.048193,0.048193,0.499587,0.498,RO
2026-06-28,0.6580402112007141,0.6482412219047546,0.7537688612937927,0.5427135825157166,0.572864294052124,0.552763819694519,0.490357,0.6,RO
2026-07-12,0.7203260821104049,0.657608687877655,0.7119565010070801,0.44021740555763245,0.9021739363670349,0.967391312122345,0.485394,0.6,RO
2026-07-26,0.9100534725189209,0.9358288645744324,0.9411764740943909,0.9572192430496216,0.3368983864784241,0.8342245817184448,0.484257,0.6,RO
2026-08-09,0.203464,0.0,0.204819,0.504518,0.012048,0.192771,0.490749,0.498,RO
2026-08-23,0.191054,0.0,0.196429,0.474107,0.0,0.178571,0.500393,0.336,RO
2026-09-06,0.5483419698476792,0.6424870491027832,0.409326434135437,0.5699481964111328,0.5336787700653076,0.6010362505912781,0.503063,0.6,RO
2026-09-20,0.503131313174963,0.43939393758773804,0.3030303120613098,0.5505050420761108,0.28282827138900757,0.868686854839325,0.501991,0.6,RO
2026-10-02,0.5073593090474606,0.32900431752204895,0.36796537041664124,0.7359307408332825,0.4848484992980957,0.7489177584648132,0.500365,0.6,RO
2025-10-05,0.1268,0.0,0.104478,0.439104,0.0,0.059701,0.494236,0.402,CI
2025-10-19,0.207767,0.027397,0.273973,0.522603,0.246575,0.013699,0.500939,0.438,CI
2025-11-02,0.7122772371768951,0.7326732873916626,0.6287128925323486,0.5099009871482849,0.9158415794372559,0.7821782231330872,0.494359,0.6,CI
2025-11-16,0.7832850182056428,0.8115941882133484,0.782608687877655,0.8019323945045471,0.8792270421981812,0.5797101259231567,0.48422,0.6,CI
2025-11-30,0.096158,0.0,0.030769,0.459,0.0,0.015385,0.486003,0.39,CI
2025-12-14,0.150041,0.004651,0.139535,0.484465,0.023256,0.065116,0.481562,0.6,CI
2025-12-28,0.151866,0.0,0.150538,0.490054,0.0,0.064516,0.481045,0.558,CI
2026-01-11,0.120363,0.0,0.083333,0.472917,0.0,0.035714,0.487843,0.504,CI
2026-01-25,0.146496,0.0,0.177778,0.438556,0.0,0.044444,0.486714,0.27,CI
2026-02-08,0.232933,0.0,0.25,0.553333,0.0,0.222222,0.494252,0.216,CI
2026-02-22,0.8330302929878235,0.9040403962135315,0.808080792427063,0.8535353541374207,0.9545454382896423,0.6111111044883728,0.480112,0.6,CI
2026-03-08,0.3207142928801477,0.20000000298023224,0.29523810744285583,0.4476190507411957,0.32380953431129456,0.41904762387275696,0.502955,0.6,CI
2026-03-22,0.187935,0.0,0.235294,0.547353,0.0,0.058824,0.475887,0.102,CI
2026-04-05,0.196195,0.0,0.261905,0.533095,0.071429,0.047619,0.489412,0.252,CI
2026-04-19,0.4045595895498991,0.3471502661705017,0.29015544056892395,0.1347150206565857,0.07253886014223099,0.7564767003059387,0.494884,0.6,CI
2026-05-03,0.7190206122398377,0.8969072103500366,0.8453608155250549,0.8556700944900513,0.9020618796348572,0.1494845300912857,0.494136,0.6,CI
2026-05-17,0.158465,0.04878,0.146341,0.502988,0.036585,0.036585,0.486346,0.492,CI
2026-05-31,0.094615,0.0,0.057692,0.423077,0.0,0.0,0.503139,0.312,CI
2026-06-14,0.144492,0.0,0.107692,0.529231,0.0,0.061538,0.48622,0.39,CI
2026-06-28,0.6676381886005401,0.5276381969451904,0.7587939500808716,0.14070351421833038,0.623115599155426,0.9396985173225403,0.47231,0.6,CI
2026-07-12,0.4703260850906372,0.3804347813129425,0.52173912525177,0.7228260636329651,0.5054348111152649,0.16304348409175873,0.485305,0.6,CI
2026-07-26,0.4208556097745896,0.3796791434288025,0.28342247009277344,0.15508021414279938,0.31550800800323486,0.7700534462928772,0.503585,0.6,CI
2026-08-09,0.074025,0.0,0.0,0.41125,0.0,0.0,0.507498,0.216,CI
2026-08-23,0.083457,0.0,0.033333,0.382167,0.0,0.016667,0.493668,0.36,CI
2026-09-06,0.227668397128582,0.27979275584220886,0.20207254588603973,0.14507772028446198,0.35233160853385925,0.15025906264781952,0.494892,0.6,CI
2026-09-20,0.6501515132188798,0.6010100841522217,0.7323232293128967,0.14141413569450378,0.4848484992980957,0.8030303120613098,0.490925,0.6,CI
2026-10-02,0.5034199066460133,0.32034632563591003,0.588744580745697,0.10822510719299316,0.43290042877197266,0.7792207598686218,0.498402,0.6,CI
2025-10-05,0.075306,0.0,0.029412,0.346471,0.0,0.014706,0.500019,0.408,AR
2025-10-19,0.094868,0.019048,0.019048,0.446619,0.0,0.019048,0.500215,0.6,AR
2025-11-02,0.6102475321292877,0.5346534848213196,0.4801980257034302,0.5544554591178894,0.5594059228897095,0.8564356565475464,0.4947,0.6,AR
2025-11-16,0.5165217471122742,0.5603864789009094,0.5314009785652161,0.5555555820465088,0.6570048332214355,0.35748791694641113,0.501487,0.6,AR
2025-11-30,0.111521,0.041667,0.0625,0.434375,0.0,0.020833,0.489553,0.288,AR
2025-12-14,0.174481,0.0,0.135135,0.548919,0.0,0.135135,0.487818,0.222,AR
2025-12-28,0.079286,0.0,0.0,0.440476,0.0,0.0,0.499688,0.126,AR
2026-01-11,0.151129,0.0,0.117647,0.484706,0.011765,0.105882,0.489643,0.51,AR
2026-01-25,0.064519,0.0,0.0,0.358437,0.0,0.0,0.503332,0.192,AR
2026-02-08,0.079898,0.0,0.020833,0.379063,0.0,0.020833,0.491641,0.288,AR
2026-02-22,0.506616168320179,0.2929292917251587,0.39393940567970276,0.5555555820465088,0.40909090638160706,0.8787878751754761,0.485474,0.6,AR
2026-03-08,0.6302857211232186,0.7523809671401978,0.43809524178504944,0.538095235824585,0.27619048953056335,0.9428571462631226,0.494568,0.6,AR
2026-03-22,0.131284,0.0,0.131579,0.425263,0.0,0.052632,0.488889,0.228,AR
2026-04-05,0.165805,0.0,0.218182,0.470636,0.036364,0.036364,0.479372,0.33,AR
2026-04-19,0.4836269417405129,0.3056994676589966,0.4818652868270874,0.041450776159763336,0.44041451811790466,0.9430052042007446,0.500314,0.6,AR
2026-05-03,0.37226802930235864,0.36082473397254944,0.5567010045051575,0.05154639109969139,0.7835051417350769,0.036082472652196884,0.483564,0.6,AR
2026-05-17,0.087089,0.0,0.071429,0.351286,0.014286,0.0,0.488922,0.42,AR
2026-05-31,0.152719,0.0,0.166667,0.504306,0.027778,0.027778,0.492903,0.216,AR
2026-06-14,0.077143,0.0,0.0,0.428571,0.0,0.0,0.495495,0.084,AR
2026-06-28,0.3043216116726398,0.2613065242767334,0.4623115658760071,0.035175878554582596,0.5979899764060974,0.035175878554582596,0.495944,0.6,AR
2026-07-12,0.16831521622836587,0.135869562625885,0.260869562625885,0.016304347664117813,0.5,0.032608695328235626,0.492568,0.6,AR
2026-07-26,0.5558823439478875,0.7540106773376465,0.8342245817184448,0.04278074949979782,0.9465240836143494,0.04278074949979782,0.488015,0.6,AR
2026-08-09,0.062625,0.014493,0.0,0.331812,0.0,0.0,0.49233,0.414,AR
2026-08-23,0.105404,0.0,0.056604,0.452453,0.018868,0.018868,0.500761,0.318,AR
2026-09-06,0.7290673577785491,0.8134714961051941,0.5544041395187378,0.803108811378479,0.7512953281402588,0.7305699586868286,0.494044,0.6,AR
2026-09-20,0.2266161672770977,0.3636363744735718,0.24242424964904785,0.04040404036641121,0.4191919267177582,0.04040404036641121,0.486781,0.6,AR
2026-10-02,0.501341992020607,0.4199134111404419,0.44155845046043396,0.03030303120613098,0.5281385183334351,0.8831169009208679,0.49155,0.6,AR
2023-07-16,0.8260550361871719,0.8853210806846619,0.8256880640983582,0.8394495248794556,0.07798165082931519,1.0,0.8394495248794556,0.0124,IRQ
2024-06-30,0.49927883446216587,0.48076921701431274,0.7596153616905212,0.14423076808452606,0.9471153616905212,0.12980769574642181,0.3125,0.0124,IRQ
2025-10-05,0.112947,0.0,0.083333,0.425,0.004386,0.039474,0.499388,0.6,TW
2025-10-19,0.146162,0.013986,0.104895,0.505874,0.027972,0.06993,0.490479,0.6,TW
2025-11-02,0.3621782213449478,0.3217821717262268,0.21782177686691284,0.22772277891635895,0.3861386179924011,0.6287128925323486,0.496078,0.6,TW
2025-11-16,0.39101448237895975,0.6231883764266968,0.27053138613700867,0.2995169162750244,0.5169082283973694,0.21739129722118378,0.492241,0.6,TW
2025-11-30,0.162759,0.0,0.169231,0.487692,0.051282,0.071795,0.493323,0.6,TW
2025-12-14,0.129571,0.0,0.119792,0.457109,0.020833,0.03125,0.490408,0.6,TW
2025-12-28,0.127508,0.0,0.097674,0.470651,0.037209,0.037209,0.490188,0.6,TW
2026-01-11,0.150141,0.008929,0.133929,0.467054,0.0,0.089286,0.491119,0.6,TW
2026-01-25,0.11826,0.004854,0.082524,0.444757,0.004854,0.043689,0.501031,0.6,TW
2026-02-08,0.153582,0.0,0.133971,0.51299,0.0,0.076555,0.493614,0.6,TW
2026-02-22,0.5871212050318718,0.5707070827484131,0.7222222089767456,0.22727273404598236,0.4292929172515869,0.6262626051902771,0.498662,0.6,TW
2026-03-08,0.27400000631809235,0.27142858505249023,0.190476194024086,0.30000001192092896,0.3761904835700989,0.20952381193637848,0.493308,0.6,TW
2026-03-22,0.121029,0.0,0.083744,0.458645,0.014778,0.044335,0.499346,0.6,TW
2026-04-05,0.129428,0.0,0.105263,0.438759,0.007519,0.067669,0.493717,0.6,TW
2026-04-19,0.5670466375350952,0.6424870491027832,0.47668394446372986,0.5233160853385925,0.621761679649353,0.5284973978996277,0.499007,0.6,TW
2026-05-03,0.3995360654592514,0.26288658380508423,0.2680412232875824,0.6907216310501099,0.4020618498325348,0.5257731676101685,0.498614,0.6,TW
2026-05-17,0.103352,0.00463,0.04784,0.444722,0.021605,0.023148,0.49512,0.6,TW
2026-05-31,0.104135,0.004082,0.057143,0.427959,0.016327,0.028571,0.498077,0.6,TW
2026-06-14,0.120981,0.006289,0.09434,0.448145,0.018868,0.031447,0.496206,0.6,TW
2026-06-28,0.572512555718422,0.4874371886253357,0.6030150651931763,0.6783919334411621,0.7839195728302002,0.44723618030548096,0.495729,0.6,TW
2026-07-12,0.7769021666049958,0.8260869383811951,0.695652186870575,0.8586956262588501,0.6739130616188049,0.7010869383811951,0.493101,0.6,TW
2026-07-26,0.5482887765765191,0.3529411852359772,0.4010695219039917,0.5347593426704407,0.6363636255264282,0.8074866533279419,0.49609,0.6,TW
2026-08-09,0.150917,0.008929,0.15625,0.48029,0.089286,0.026786,0.490337,0.6,TW
2026-08-23,0.175512,0.0,0.176166,0.504715,0.031088,0.108808,0.490362,0.6,TW
2026-09-06,0.7282383432984352,0.7461140155792236,0.6269429922103882,0.7098445892333984,0.772020697593689,0.9015544056892395,0.502047,0.6,TW
2026-09-20,0.4618686902523041,0.3484848439693451,0.4191919267177582,0.6818181872367859,0.6666666865348816,0.469696968793869,0.495505,0.6,TW
2026-10-02,0.4922943839430809,0.5108225345611572,0.32034632563591003,0.6363636255264282,0.32034632563591003,0.6796537041664124,0.498312,0.6,TW
2025-10-05,0.13403,0.048649,0.081081,0.467135,0.0,0.059459,0.500379,0.6,KS
2025-10-19,0.116342,0.002331,0.081585,0.434744,0.004662,0.04662,0.497535,0.6,KS
2025-11-02,0.310594058772549,0.1435643583536148,0.2574257552623749,0.17326731979846954,0.45049506425857544,0.5693069100379944,0.505417,0.6,KS
2025-11-16,0.4783574863895774,0.4106280207633972,0.4202898442745209,0.16908212006092072,0.5797101259231567,0.7632850408554077,0.501948,0.6,KS
2025-11-30,0.122928,0.0,0.088685,0.445933,0.015291,0.055046,0.494581,0.6,KS
2025-12-14,0.145523,0.009677,0.158065,0.431581,0.041935,0.051613,0.495175,0.6,KS
2025-12-28,0.129781,0.0,0.118321,0.443015,0.003817,0.049618,0.491832,0.6,KS
2026-01-11,0.141221,0.0,0.122642,0.494858,0.03066,0.044811,0.489057,0.6,KS
2026-01-25,0.110472,0.017964,0.068862,0.445569,0.01497,0.01497,0.497177,0.6,KS
2026-02-08,0.114851,0.016502,0.075908,0.419142,0.033003,0.039604,0.497223,0.6,KS
2026-02-22,0.5935858553647995,0.7373737096786499,0.4747474789619446,0.1666666716337204,0.752525269985199,0.6717171669006348,0.48661,0.6,KS
2026-03-08,0.5240952587127685,0.5333333611488342,0.5809524059295654,0.15238095819950104,0.39523810148239136,0.6095238327980042,0.497771,0.6,KS
2026-03-22,0.139373,0.022624,0.122172,0.464593,0.0181,0.045249,0.495798,0.6,KS
2026-04-05,0.106095,0.01676,0.083799,0.404749,0.005587,0.011173,0.497303,0.6,KS
2026-04-19,0.6191709777712823,0.5388600826263428,0.6943005323410034,0.46113988757133484,0.39896371960639954,0.6994818449020386,0.494735,0.6,KS
2026-05-03,0.6531958597898484,0.6185566782951355,0.6288659572601318,0.4845360815525055,0.7371134161949158,0.6804123520851135,0.490332,0.6,KS
2026-05-17,0.115742,0.006192,0.074303,0.445557,0.012384,0.040248,0.488318,0.6,KS
2026-05-31,0.103388,0.003247,0.055195,0.425568,0.00974,0.032468,0.502813,0.6,KS
2026-06-14,0.114914,0.007752,0.081395,0.427384,0.015504,0.03876,0.499236,0.6,KS
2026-06-28,0.5134170868992806,0.3467336595058441,0.4422110617160797,0.44723618030548096,0.4673366844654083,0.7638190984725952,0.499014,0.6,KS
2026-07-12,0.5442391180992128,0.5869565010070801,0.39673912525177,0.42934781312942505,0.5271739363670349,0.7336956262588501,0.496179,0.6,KS
2026-07-26,0.325454543158412,0.26737967133522034,0.24064171314239502,0.4224599003791809,0.4385026693344116,0.4171122908592224,0.503074,0.6,KS
2026-08-09,0.129091,0.015267,0.114504,0.454237,0.030534,0.022901,0.493394,0.6,KS
2026-08-23,0.11291,0.003106,0.080745,0.449224,0.037267,0.012422,0.492901,0.6,KS
2026-09-06,0.43844559326767923,0.33678755164146423,0.30051812529563904,0.41450777649879456,0.47668394446372986,0.7046632170677185,0.500242,0.6,KS
2026-09-20,0.6122222310304641,0.6161616444587708,0.8030303120613098,0.4747474789619446,0.747474730014801,0.3585858643054962,0.493267,0.6,KS
2026-10-02,0.49220779687166216,0.48917749524116516,0.411255419254303,0.29870128631591797,0.3419913351535797,0.6883116960525513,0.493483,0.6,KS
2025-10-05,0.0882,0.0,0.0,0.49,0.0,0.0,0.48198,0.042,MK
2025-10-19,0.079907,0.0,0.0,0.443929,0.0,0.0,0.502845,0.084,MK
2025-11-02,0.5075742518156767,0.5891088843345642,0.29207921028137207,0.029702970758080482,0.5396039485931396,0.8514851331710815,0.489535,0.5196,MK
2025-11-16,0.7356038480997086,0.9468598961830139,0.8695651888847351,0.9516907930374146,0.8115941882133484,0.04830917716026306,0.481965,0.5196,MK
2025-11-30,0.292277,0.0,0.384615,0.632308,0.0,0.230769,0.479826,0.078,MK
2025-12-14,0.06615,0.0,0.0,0.3675,0.0,0.0,0.472052,0.012,MK
2025-12-28,0.09828,0.0,0.0,0.546,0.0,0.0,0.496558,0.03,MK
2026-01-11,0.103915,0.0,0.05,0.42175,0.0,0.05,0.489625,0.12,MK
2026-01-25,0.07335,0.0,0.0,0.4075,0.0,0.0,0.496374,0.048,MK
2026-02-08,0.137836,0.0,0.142857,0.511786,0.0,0.0,0.494295,0.084,MK
2026-02-22,0.5178282894939185,0.5404040217399597,0.8232323527336121,0.03030303120613098,0.9646464586257935,0.22727273404598236,0.483063,0.5196,MK
2026-03-08,0.17238095596432687,0.380952388048172,0.0714285746216774,0.10476190596818924,0.14761905372142792,0.04285714402794838,0.488386,0.5196,MK
2026-03-22,0.0804,0.0,0.0,0.446667,0.0,0.0,0.469098,0.018,MK
2026-04-05,0.1253,0.0,0.095238,0.489762,0.095238,0.0,0.493992,0.126,MK
2026-04-19,0.5409326399862766,0.9637305736541748,0.12435232847929001,0.9585492014884949,0.20207254588603973,0.3834196925163269,0.477688,0.5196,MK
2026-05-03,0.3470618511736393,0.7216494679450989,0.11855670064687729,0.39175257086753845,0.22680412232875824,0.2319587618112564,0.493777,0.5196,MK
2026-05-17,0.265925,0.375,0.25,0.61625,0.0,0.0,0.489133,0.048,MK
2026-05-31,0.083443,0.0,0.0,0.463571,0.0,0.0,0.501658,0.042,MK
2026-06-14,0.0688,0.0,0.0,0.382222,0.0,0.0,0.505429,0.162,MK
2026-06-28,0.5568844379484653,0.8190954923629761,0.6633166074752808,0.35175880789756775,0.21608039736747742,0.35175880789756775,0.505403,0.5196,MK
2026-07-12,0.23423913061618806,0.06521739065647125,0.125,0.385869562625885,0.23369565606117249,0.375,0.48542,0.5196,MK
2026-07-26,0.12700534746050834,0.02139037474989891,0.06951871514320374,0.2245989292860031,0.11764705926179886,0.24064171314239502,0.51844,0.5196,MK
2026-08-09,0.199613,0.0,0.1875,0.525625,0.0,0.1875,0.466075,0.096,MK
2026-08-23,0.405212,0.0,0.5,0.695625,0.0,0.5,0.491823,0.192,MK
2026-09-06,0.6809844547510147,0.8756476640701294,0.6891191601753235,0.7823834419250488,0.803108811378479,0.24870465695858002,0.473733,0.5196,MK
2026-09-20,0.9412121146917343,0.9191918969154358,0.9545454382896423,0.8636363744735718,0.9949495196342468,0.9343434572219849,0.472017,0.5196,MK
2026-10-02,0.4915584498643875,0.6406926512718201,0.3896103799343109,0.523809552192688,0.26406925916671753,0.523809552192688,0.502904,0.5196,MK
2025-10-05,0.110285,0.001938,0.069767,0.432568,0.005814,0.03876,0.495561,0.6,KE
2025-10-19,0.096558,0.008559,0.042796,0.423103,0.002853,0.019971,0.498673,0.6,KE
2025-11-02,0.4989108809828759,0.40594059228897095,0.42574256658554077,0.15841583907604218,0.49504950642585754,0.7871286869049072,0.496254,0.6,KE
2025-11-16,0.639178740978241,0.5507246255874634,0.7053139805793762,0.15458936989307404,0.6521739363670349,0.8019323945045471,0.498836,0.6,KE
2025-11-30,0.12891,0.005305,0.103448,0.463143,0.007958,0.045093,0.495125,0.6,KE
2025-12-14,0.131089,0.0,0.101545,0.471468,0.022075,0.050773,0.495364,0.6,KE
2025-12-28,0.197167,0.0033,0.19802,0.503878,0.006601,0.174917,0.487592,0.6,KE
2026-01-11,0.105427,0.0,0.058065,0.442516,0.003226,0.029032,0.498532,0.6,KE
2026-01-25,0.149239,0.007812,0.123047,0.502285,0.007812,0.072266,0.484887,0.6,KE
2026-02-08,0.127633,0.004878,0.085366,0.468695,0.004878,0.060976,0.492296,0.6,KE
2026-02-22,0.5380303126573562,0.469696968793869,0.42424243688583374,0.4141414165496826,0.43939393758773804,0.7878788113594055,0.489444,0.6,KE
2026-03-08,0.3150000011175871,0.18095238506793976,0.22857142984867096,0.13809524476528168,0.4095238149166107,0.6047618985176086,0.494983,0.6,KE
2026-03-22,0.143677,0.0,0.119369,0.486768,0.015766,0.06982,0.489924,0.6,KE
2026-04-05,0.120284,0.026217,0.074906,0.473071,0.007491,0.022472,0.494262,0.6,KE
2026-04-19,0.6477720111608505,0.6269429922103882,0.575129508972168,0.409326434135437,0.6683937907218933,0.8652849793434143,0.498403,0.6,KE
2026-05-03,0.6036082404851913,0.5721649527549744,0.5412371158599854,0.45876288414001465,0.5463917255401611,0.7216494679450989,0.492413,0.6,KE
2026-05-17,0.100442,0.0,0.044917,0.434421,0.007092,0.030733,0.492715,0.6,KE
2026-05-31,0.128504,0.016556,0.086093,0.46851,0.019868,0.049669,0.50136,0.6,KE
2026-06-14,0.107524,0.02356,0.04712,0.448429,0.010471,0.026178,0.50017,0.6,KE
2026-06-28,0.8311055368185043,0.8140703439712524,0.7939698696136475,0.7939698696136475,0.8693467378616333,0.7889447212219238,0.486951,0.6,KE
2026-07-12,0.47222826123237616,0.35326087474823,0.34239131212234497,0.2554347813129425,0.45652174949645996,0.79347825050354,0.489792,0.6,KE
2026-07-26,0.7936363744735718,0.8716577291488647,0.8288770318031311,0.8877005577087402,0.5454545617103577,0.5828877091407776,0.496538,0.6,KE
2026-08-09,0.112073,0.011261,0.063063,0.452455,0.009009,0.031532,0.502135,0.6,KE
2026-08-23,0.124303,0.0,0.091932,0.463762,0.015009,0.043152,0.494242,0.6,KE
2026-09-06,0.6255958667397499,0.5336787700653076,0.5854922533035278,0.24870465695858002,0.6683937907218933,0.9222797751426697,0.494032,0.6,KE
2026-09-20,0.7159595942497253,0.7727272510528564,0.7171717286109924,0.40909090638160706,0.9040403962135315,0.6717171669006348,0.496938,0.6,KE
2026-10-02,0.4914285677671433,0.5627705454826355,0.3722943663597107,0.3419913351535797,0.5714285969734192,0.5541125535964966,0.493014,0.6,KE
2025-10-05,0.19036458481103183,0.4895833432674408,0.1197916641831398,0.1354166716337204,0.0520833320915699,0.0729166641831398,0.0416666679084301,0.5814,JPN
2025-10-19,0.9413756692409516,0.9259259104728699,0.9312169551849365,0.9047619104385376,0.9629629850387573,0.9682539701461792,0.9047619104385376,0.5814,JPN
2025-11-02,0.1235643583908677,0.014851485379040241,0.06435643881559372,0.15346534550189972,0.10891088843345642,0.1435643583536148,0.46039605140686035,0.5814,JPN
2025-11-16,0.761400978565216,0.8888888955116272,0.966183602809906,0.9420289993286133,0.7777777910232544,0.14492753148078918,0.9420289993286133,0.5814,JPN
2025-11-30,0.2518407988920808,0.21393035352230072,0.35323384404182434,0.15920397639274597,0.019900497049093246,0.15422885119915009,0.22885571420192719,0.5814,JPN
2025-12-14,0.7720812064409257,0.9289340376853943,0.9949238300323486,0.9949238300323486,0.15736040472984314,0.2639593780040741,0.9949238300323486,0.5814,JPN
2025-12-28,0.4925510220229626,0.6224489808082581,0.6122449040412903,0.7704081535339355,0.11734694242477417,0.08673469722270966,0.7704081535339355,0.5814,JPN
2026-01-11,0.715255093574524,0.8112244606018066,0.7704081535339355,0.8775510191917419,0.7551020383834839,0.36734694242477417,0.8775510191917419,0.5814,JPN
2026-01-25,0.6792146539315582,0.8062826991081238,0.9005235433578491,0.7958115339279175,0.7068063020706177,0.1518324613571167,0.7958115339279175,0.5814,JPN
2026-02-08,0.7451268967986107,0.9847715497016907,0.9796954393386841,0.9847715497016907,0.1675126850605011,0.15228426456451416,0.9847715497016907,0.5814,JPN
2026-02-22,0.08560605898499489,0.07070706784725189,0.11616161465644836,0.15656565129756927,0.1111111119389534,0.010101010091602802,0.06565656512975693,0.5814,JPN
2026-03-08,0.6250476177036762,0.776190459728241,0.8476190567016602,0.7666666507720947,0.20000000298023224,0.13333334028720856,0.7666666507720947,0.5814,JPN
2026-03-22,0.6114594629406929,0.7837837934494019,0.6270270347595215,0.800000011920929,0.7891891598701477,0.1783783733844757,0.800000011920929,0.5814,JPN
2026-04-05,0.5496842066943645,0.7789473533630371,0.7736842036247253,0.24736842513084412,0.2631579041481018,0.2526315748691559,0.12631578743457794,0.5814,JPN
2026-04-19,0.4481865301728249,0.42487046122550964,0.5803108811378479,0.41450777649879456,0.17098446190357208,0.41450777649879456,0.17098446190357208,0.5814,JPN
2026-05-03,0.35180411577224735,0.6907216310501099,0.12886597216129303,0.469072163105011,0.13917525112628937,0.24226804077625275,0.14432989060878754,0.5814,JPN
2026-05-17,0.5739086326956748,0.6649746298789978,0.7411167621612549,0.4720812141895294,0.1675126850605011,0.39086294174194336,0.4010152220726013,0.5814,JPN
2026-05-31,0.6746464659273624,0.5151515007019043,0.8383838534355164,0.7575757503509521,0.7727272510528564,0.44949495792388916,0.1666666716337204,0.5814,JPN
2026-06-14,0.5430569875240326,0.393782377243042,0.6994818449020386,0.4455958604812622,0.6994818449020386,0.27979275584220886,0.9637305736541748,0.5814,JPN
2026-06-28,0.7144221110641956,0.8693467378616333,0.8793969750404358,0.9246231317520142,0.13567839562892914,0.2763819098472595,0.5628140568733215,0.5814,JPN
2026-07-12,0.6823913101106882,0.83152174949646,0.875,0.9021739363670349,0.1304347813129425,0.2554347813129425,0.10869564861059189,0.5814,JPN
2026-07-26,0.9560962682962417,0.9465240836143494,0.9465240836143494,0.9625668525695801,0.8983957171440125,0.9304812550544739,0.9251337051391602,0.5814,JPN
2026-08-23,0.8403278645873071,0.9781420826911926,0.994535505771637,1.0,0.8907103538513184,0.3060109317302704,0.35519126057624817,0.5814,JPN
2026-09-20,0.8629797871410848,0.8585858345031738,0.9444444179534912,0.9242424368858337,0.13131313025951385,0.9949495196342468,0.44949495792388916,0.5814,JPN
2026-10-02,0.4869696935266256,0.6147186160087585,0.7316017150878906,0.3333333432674408,0.08225107938051224,0.1515151560306549,0.44155845046043396,0.5814,JPN
2025-10-05,0.192688,0.011905,0.22619,0.504018,0.041667,0.10119,0.467832,0.6,NP
2025-10-19,0.121774,0.014925,0.099502,0.402338,0.0199,0.054726,0.492198,0.6,NP
2025-11-02,0.6407920774817466,0.6881188154220581,0.7475247383117676,0.0891089141368866,0.9702970385551453,0.603960394859314,0.491827,0.6,NP
2025-11-16,0.8439130467176437,0.8357487916946411,0.8309178948402405,0.8502415418624878,0.8985507488250732,0.729468584060669,0.491812,0.6,NP
2025-11-30,0.092583,0.036697,0.036697,0.404771,0.009174,0.0,0.496064,0.6,NP
2025-12-14,0.10366,0.035398,0.035398,0.43823,0.0,0.026549,0.494203,0.6,NP
2025-12-28,0.152042,0.020747,0.13278,0.480456,0.0,0.078838,0.487088,0.6,NP
2026-01-11,0.110639,0.0,0.069364,0.437399,0.0,0.040462,0.500382,0.6,NP
2026-01-25,0.109005,0.014925,0.074627,0.446381,0.0,0.007463,0.495652,0.6,NP
2026-02-08,0.109839,0.0,0.062992,0.435236,0.0,0.047244,0.496891,0.6,NP
2026-02-22,0.7077272766828537,0.7878788113594055,0.868686854839325,0.7878788113594055,0.9141414165496826,0.17171716690063477,0.486211,0.6,NP
2026-03-08,0.898666664659977,0.9238095283508301,0.9666666388511658,0.8666666746139526,1.0,0.7047619223594666,0.498731,0.6,NP
2026-03-22,0.130783,0.034483,0.086207,0.466034,0.0,0.051724,0.49366,0.6,NP
2026-04-05,0.120173,0.0,0.127273,0.405,0.0,0.027273,0.497313,0.6,NP
2026-04-19,0.543575131893158,0.3212435245513916,0.4559585452079773,0.6528497338294983,0.7927461266517639,0.621761679649353,0.49128,0.6,NP
2026-05-03,0.5388144248723984,0.530927836894989,0.3505154550075531,0.6340206265449524,0.5773195624351501,0.6082473993301392,0.488193,0.6,NP
2026-05-17,0.119412,0.006757,0.074324,0.478716,0.0,0.033784,0.487347,0.6,NP
2026-05-31,0.09749,0.0,0.05614,0.404965,0.010526,0.024561,0.49609,0.6,NP
2026-06-14,0.129387,0.020619,0.113402,0.432448,0.0,0.046392,0.50072,0.6,NP
2026-06-28,0.6228140801191331,0.4673366844654083,0.6482412219047546,0.6180904507637024,0.8643215894699097,0.623115599155426,0.48653,0.6,NP
2026-07-12,0.7039130383729936,0.782608687877655,0.532608687877655,0.75,0.7989130616188049,0.66847825050354,0.478884,0.6,NP
2026-07-26,0.3102139024436474,0.3582887649536133,0.1978609561920166,0.3582887649536133,0.47058823704719543,0.3529411852359772,0.500355,0.6,NP
2026-08-09,0.112572,0.0,0.07027,0.428405,0.0,0.054054,0.494352,0.6,NP
2026-08-23,0.118326,0.023952,0.071856,0.44479,0.005988,0.041916,0.494389,0.6,NP
2026-09-06,0.4021761658787727,0.15025906264781952,0.24352331459522247,0.6632124185562134,0.3678756356239319,0.6580311059951782,0.48558,0.6,NP
2026-09-20,0.4227272692322731,0.25757575035095215,0.33838382363319397,0.6363636255264282,0.5050504803657532,0.5555555820465088,0.499631,0.6,NP
2026-10-02,0.48181818008422855,0.27272728085517883,0.350649356842041,0.4761904776096344,0.44155845046043396,0.8138527870178223,0.486055,0.6,NP
2025-10-05,0.11948,0.0,0.1,0.486,0.0,0.0,0.490215,0.06,PM
2025-10-19,0.127975,0.0,0.125,0.48875,0.0,0.0,0.509944,0.048,PM
2025-11-02,0.836633648276329,0.9455445408821106,0.9851484894752502,0.9752475023269653,0.9554455280303955,0.29207921028137207,0.486702,0.6,PM
2025-11-16,0.42874395310878755,0.4251207709312439,0.43478259444236755,0.21256038546562195,0.7342995405197144,0.30434781312942505,0.494304,0.6,PM
2025-11-30,0.232775,0.0,0.25,0.515417,0.0,0.25,0.507323,0.072,PM
2025-12-14,0.143946,0.0,0.178571,0.454464,0.071429,0.0,0.494468,0.168,PM
2025-12-28,0.064945,0.0,0.0,0.360806,0.0,0.0,0.495029,0.372,PM
2026-01-11,0.160231,0.0,0.177419,0.469919,0.048387,0.064516,0.487812,0.372,PM
2026-01-25,0.20051,0.0,0.258065,0.526129,0.0,0.096774,0.496349,0.186,PM
2026-02-08,0.094641,0.0,0.034483,0.464483,0.0,0.0,0.503548,0.174,PM
2026-02-22,0.21297979637980463,0.5151515007019043,0.03030303120613098,0.3232323229312897,0.2222222238779068,0.07575757801532745,0.501511,0.6,PM
2026-03-08,0.5483333280682564,0.699999988079071,0.7190476059913635,0.07619047909975052,0.9095237851142883,0.190476194024086,0.49402,0.6,PM
2026-03-22,0.102735,0.0,0.058824,0.466176,0.0,0.0,0.491508,0.102,PM
2026-04-05,0.112402,0.086957,0.043478,0.450543,0.0,0.0,0.493038,0.276,PM
2026-04-19,0.5282383437454702,0.5129533410072327,0.3730570077896118,0.606217622756958,0.5958549380302429,0.6424870491027832,0.493332,0.6,PM
2026-05-03,0.3501546297967434,0.17010308802127838,0.2989690601825714,0.6185566782951355,0.3195876181125641,0.4536082446575165,0.515159,0.6,PM
2026-05-17,0.193795,0.0,0.210526,0.491842,0.0,0.157895,0.491382,0.114,PM
2026-05-31,0.057938,0.0,0.05,0.221875,0.0,0.008333,0.50997,0.6,PM
2026-06-14,0.120088,0.0,0.08,0.4716,0.0,0.04,0.484806,0.15,PM
2026-06-28,0.4824623210728169,0.36180904507637024,0.43718594312667847,0.5678392052650452,0.5326633453369141,0.5678392052650452,0.481615,0.6,PM
2026-07-12,0.8569565236568452,0.7880434989929199,0.842391312122345,0.8695651888847351,0.739130437374115,0.97826087474823,0.484508,0.6,PM
2026-07-26,0.7558288717269899,0.7379679083824158,0.7379679083824158,0.48128342628479004,0.893048107624054,0.9625668525695801,0.484988,0.6,PM
2026-08-09,0.290557,0.0,0.391304,0.628696,0.0,0.217391,0.474595,0.138,PM
2026-08-23,0.056957,0.0,0.0,0.316429,0.0,0.0,0.499703,0.168,PM
2026-09-06,0.5134715011715889,0.3471502661705017,0.3834196925163269,0.6113989353179932,0.3056994676589966,0.9378238320350647,0.492247,0.6,PM
2026-09-20,0.5675757485628129,0.5303030014038086,0.6111111044883728,0.5707070827484131,0.9292929172515869,0.40909090638160706,0.497441,0.6,PM
2026-10-02,0.47229436695575716,0.6753246784210205,0.37662336230278015,0.4372294247150421,0.6580086350440979,0.3030303120613098,0.492262,0.6,PM
2025-10-05,0.338314,0.004854,0.446602,0.667549,0.145631,0.26699,0.481448,0.6,PL
2025-10-19,0.193065,0.021429,0.207143,0.532107,0.014286,0.107143,0.487359,0.6,PL
2025-11-02,0.7708910810947419,0.6534653306007385,0.7871286869049072,0.7128713130950928,0.5792078971862793,0.896039605140686,0.486872,0.6,PL
2025-11-16,0.641884041428566,0.6763284802436829,0.5652173757553101,0.35748791694641113,0.6038647294044495,0.7584540843963623,0.490949,0.6,PL
2025-11-30,0.145083,0.0,0.146939,0.455451,0.089796,0.040816,0.494589,0.6,PL
2025-12-14,0.162368,0.021622,0.156757,0.462405,0.0,0.102703,0.492225,0.6,PL
2025-12-28,0.140357,0.007782,0.132296,0.406868,0.011673,0.093385,0.48874,0.6,PL
2026-01-11,0.188232,0.052632,0.166667,0.533553,0.04386,0.105263,0.493702,0.6,PL
2026-01-25,0.114839,0.0,0.077348,0.404724,0.0,0.071823,0.492032,0.6,PL
2026-02-08,0.197322,0.0,0.235772,0.521707,0.065041,0.097561,0.488194,0.6,PL
2026-02-22,0.7289393985271454,0.8787878751754761,0.8383838534355164,0.9141414165496826,0.8383838534355164,0.15656565129756927,0.482331,0.6,PL
2026-03-08,0.5310952487587929,0.6857143044471741,0.8380952477455139,0.0714285746216774,0.6476190686225891,0.09047619253396988,0.496134,0.6,PL
2026-03-22,0.245588,0.046512,0.232558,0.589186,0.0,0.232558,0.492268,0.258,PL
2026-04-05,0.2007,0.04878,0.170732,0.529634,0.0,0.170732,0.4947,0.246,PL
2026-04-19,0.5035751190781593,0.31606218218803406,0.39896371960639954,0.6113989353179932,0.6476684212684631,0.6373056769371033,0.496467,0.6,PL
2026-05-03,0.6692267954349518,0.5051546096801758,0.7319587469100952,0.592783510684967,0.907216489315033,0.6340206265449524,0.495423,0.6,PL
2026-05-17,0.130499,0.0,0.108108,0.455473,0.013514,0.054054,0.487347,0.6,PL
2026-05-31,0.131873,0.0,0.136364,0.420758,0.022727,0.045455,0.499079,0.6,PL
2026-06-14,0.131623,0.018692,0.093458,0.46229,0.018692,0.056075,0.487951,0.6,PL
2026-06-28,0.5661306422948837,0.3819095492362976,0.572864294052124,0.6030150651931763,0.7788944840431213,0.6030150651931763,0.493781,0.6,PL
2026-07-12,0.6041847854852677,0.45652174949645996,0.64673912525177,0.614130437374115,0.7880434989929199,0.4836956560611725,0.491087,0.6,PL
2026-07-26,0.33176469892263416,0.2085561454296112,0.2085561454296112,0.47593581676483154,0.49732619524002075,0.47593581676483154,0.506197,0.6,PL
2026-08-09,0.158388,0.0,0.142857,0.476161,0.017857,0.107143,0.490103,0.336,PL
2026-08-23,0.106044,0.0,0.072368,0.40273,0.013158,0.039474,0.489727,0.6,PL
2026-09-06,0.3811917120218277,0.2331606149673462,0.3108808398246765,0.6165803074836731,0.37823835015296936,0.45077720284461975,0.494908,0.6,PL
2026-09-20,0.7503535377979278,0.5959596037864685,0.7777777910232544,0.6010100841522217,0.9090909361839294,0.7727272510528564,0.483756,0.6,PL
2026-10-02,0.46826840281486515,0.26406925916671753,0.39393940567970276,0.4285714328289032,0.3030303120613098,0.9350649118423462,0.498222,0.6,PL
2025-10-05,0.104092,0.005038,0.062972,0.420856,0.007557,0.027708,0.494293,0.6,ID
2025-10-19,0.113648,0.008065,0.084677,0.411169,0.004032,0.044355,0.505148,0.6,ID
2025-11-02,0.225792079847306,0.1683168262243271,0.20792078971862793,0.47029703855514526,0.35148516297340393,0.12376237660646439,0.499994,0.6,ID
2025-11-16,0.5127053165435791,0.36231884360313416,0.4637681245803833,0.47342994809150696,0.8067632913589478,0.5748792290687561,0.499277,0.6,ID
2025-11-30,0.118701,0.014286,0.096429,0.419571,0.025,0.032143,0.486639,0.6,ID
2025-12-14,0.128295,0.008929,0.120536,0.415379,0.004464,0.053571,0.487973,0.6,ID
2025-12-28,0.137201,0.006993,0.146853,0.441329,0.013986,0.034965,0.489557,0.6,ID
2026-01-11,0.105646,0.01105,0.071823,0.424862,0.0,0.016575,0.496157,0.6,ID
2026-01-25,0.091023,0.0,0.044355,0.405323,0.0,0.016129,0.493994,0.6,ID
2026-02-08,0.084891,0.0,0.042636,0.385484,0.0,0.007752,0.509598,0.6,ID
2026-02-22,0.2794949482008815,0.24747474491596222,0.43939393758773804,0.20202019810676575,0.5,0.08080808073282242,0.500344,0.6,ID
2026-03-08,0.47085714221000674,0.4809523820877075,0.5952380895614624,0.4714285731315613,0.8047618865966797,0.10476190596818924,0.494514,0.6,ID
2026-03-22,0.122092,0.0,0.097826,0.439158,0.0,0.048913,0.502754,0.6,ID
2026-04-05,0.166435,0.008547,0.153846,0.464765,0.029915,0.123932,0.495673,0.6,ID
2026-04-19,0.48756477475166315,0.606217622756958,0.5492228269577026,0.26424869894981384,0.5129533410072327,0.26424869894981384,0.491497,0.6,ID
2026-05-03,0.5569072099030018,0.4329896867275238,0.5,0.42783504724502563,0.6597937941551208,0.7628865838050842,0.502621,0.6,ID
2026-05-17,0.146877,0.010363,0.11399,0.471425,0.015544,0.093264,0.497393,0.6,ID
2026-05-31,0.115769,0.006024,0.084337,0.414247,0.0,0.054217,0.506803,0.6,ID
2026-06-14,0.111738,0.037838,0.059459,0.444189,0.0,0.021622,0.502666,0.6,ID
2026-06-28,0.723919597864151,0.7989949584007263,0.8944723606109619,0.8291457295417786,0.8341708779335022,0.2512562870979309,0.501401,0.6,ID
2026-07-12,0.4389130529761314,0.239130437374115,0.4728260934352875,0.2663043439388275,0.58152174949646,0.6304348111152649,0.502301,0.6,ID
2026-07-26,0.4208021341264248,0.3743315637111664,0.31550800800323486,0.26203209161758423,0.6737967729568481,0.5775400996208191,0.499428,0.6,ID
2026-08-09,0.21235,0.007463,0.253731,0.515541,0.014925,0.149254,0.496441,0.6,ID
2026-08-23,0.174001,0.003953,0.16996,0.491265,0.027668,0.118577,0.492545,0.6,ID
2026-09-06,0.7674093317985535,0.7616580128669739,0.9067357778549194,0.2849740982055664,0.9689119458198547,0.6528497338294983,0.489453,0.6,ID
2026-09-20,0.39318181365728383,0.3787878751754761,0.46464645862579346,0.4040403962135315,0.47979798913002014,0.28787878155708313,0.49778,0.6,ID
2026-10-02,0.46160173274576666,0.2943722903728485,0.4978354871273041,0.34632036089897156,0.40692639350891113,0.6190476417541504,0.499762,0.6,ID
2025-10-05,0.115197,0.018595,0.076446,0.439339,0.0,0.033058,0.489404,0.6,TU
2025-10-19,0.108563,0.005988,0.071856,0.427924,0.015968,0.025948,0.495556,0.6,TU
2025-11-02,0.382871286123991,0.2326732724905014,0.35148516297340393,0.21782177686691284,0.5693069100379944,0.5594059228897095,0.493612,0.6,TU
2025-11-16,0.3799033862352371,0.17391304671764374,0.26570048928260803,0.30917873978614807,0.4299516975879669,0.6425120830535889,0.490714,0.6,TU
2025-11-30,0.12332,0.00172,0.091144,0.43905,0.007739,0.059329,0.499389,0.6,TU
2025-12-14,0.130204,0.0,0.100629,0.458679,0.015723,0.059748,0.489524,0.6,TU
2025-12-28,0.168923,0.009259,0.16358,0.510309,0.009259,0.092593,0.4893,0.6,TU
2026-01-11,0.103906,0.005405,0.07027,0.411189,0.016216,0.021622,0.489789,0.6,TU
2026-01-25,0.121044,0.008696,0.095652,0.430275,0.011594,0.043478,0.492126,0.6,TU
2026-02-08,0.122969,0.019774,0.09887,0.446031,0.014124,0.025424,0.490433,0.6,TU
2026-02-22,0.5706060594320298,0.5202020406723022,0.6262626051902771,0.2222222238779068,0.6010100841522217,0.6565656661987305,0.490441,0.6,TU
2026-03-08,0.7271428626775741,0.7476190328598022,0.6571428775787354,0.7523809671401978,0.8476190567016602,0.6142857074737549,0.485597,0.6,TU
2026-03-22,0.149705,0.0,0.137457,0.445859,0.010309,0.103093,0.484659,0.6,TU
2026-04-05,0.103175,0.004115,0.061728,0.416471,0.010288,0.028807,0.485952,0.6,TU
2026-04-19,0.5619170936942101,0.36269429326057434,0.5025906562805176,0.5336787700653076,0.43523314595222473,0.8963730335235596,0.491339,0.6,TU
2026-05-03,0.6881443145871162,0.7113401889801025,0.5979381203651428,0.6958763003349304,0.41237112879753113,0.7731958627700806,0.494549,0.6,TU
2026-05-17,0.144942,0.014085,0.14554,0.443991,0.014085,0.061033,0.495903,0.6,TU
2026-05-31,0.180877,0.00365,0.20073,0.504872,0.007299,0.10219,0.488758,0.6,TU
2026-06-14,0.114496,0.0,0.072115,0.450192,0.0,0.043269,0.498149,0.6,TU
2026-06-28,0.6886934769153595,0.6733668446540833,0.5577889680862427,0.6834170818328857,0.7236180901527405,0.7386934757232666,0.482959,0.6,TU
2026-07-12,0.47456521391868595,0.260869562625885,0.3586956560611725,0.5380434989929199,0.5978260636329651,0.7119565010070801,0.491427,0.6,TU
2026-07-26,0.5786631041765212,0.45989304780960083,0.5240641832351685,0.529411792755127,0.5668449401855469,0.7326202988624573,0.496615,0.6,TU
2026-08-09,0.115919,0.002907,0.093023,0.388343,0.014535,0.061047,0.492218,0.6,TU
2026-08-23,0.159078,0.0,0.15942,0.47383,0.041408,0.082816,0.488472,0.6,TU
2026-09-06,0.6339896297454833,0.43523314595222473,0.575129508972168,0.6839378476142883,0.49740931391716003,0.8756476640701294,0.493437,0.6,TU
2026-09-20,0.6752020037174224,0.6868686676025391,0.5656565427780151,0.6868686676025391,0.8484848737716675,0.6868686676025391,0.49088,0.6,TU
2026-10-02,0.4612554135918618,0.24242424964904785,0.3160173296928406,0.649350643157959,0.4372294247150421,0.6969696879386902,0.492716,0.6,TU
2025-10-05,0.133249,0.004085,0.107026,0.462949,0.004902,0.060458,0.496212,0.6,CA
2025-10-19,0.129689,0.017384,0.099338,0.45072,0.008278,0.05298,0.498223,0.6,CA
2025-11-02,0.4978217849135399,0.3910891115665436,0.4306930601596832,0.4356435537338257,0.4801980257034302,0.7128713130950928,0.496322,0.6,CA
2025-11-16,0.3916425126791001,0.256038635969162,0.2415459007024765,0.4396135210990906,0.35748791694641113,0.6570048332214355,0.499342,0.6,CA
2025-11-30,0.114983,0.008726,0.075044,0.435964,0.006981,0.042757,0.498746,0.6,CA
2025-12-14,0.132003,0.003416,0.105892,0.44836,0.007686,0.067464,0.496115,0.6,CA
2025-12-28,0.117126,0.002372,0.081423,0.440601,0.009486,0.044269,0.493096,0.6,CA
2026-01-11,0.132979,0.019215,0.104083,0.466465,0.004804,0.048038,0.492224,0.6,CA
2026-01-25,0.133031,0.002838,0.104427,0.463175,0.021566,0.059024,0.495056,0.6,CA
2026-02-08,0.127237,0.010248,0.095645,0.446836,0.005978,0.057216,0.495791,0.6,CA
2026-02-22,0.6390909111499786,0.5757575631141663,0.6060606241226196,0.4444444477558136,0.469696968793869,0.8181818127632141,0.495347,0.6,CA
2026-03-08,0.5795714381337166,0.523809552192688,0.5285714268684387,0.4571428596973419,0.538095235824585,0.6952381134033203,0.495722,0.6,CA
2026-03-22,0.12943,0.011029,0.100184,0.452105,0.011029,0.054228,0.49605,0.6,CA
2026-04-05,0.118113,0.002825,0.085687,0.434798,0.011299,0.046139,0.498734,0.6,CA
2026-04-19,0.42818653196096423,0.24870465695858002,0.409326434135437,0.09326425194740295,0.4663212299346924,0.7305699586868286,0.495651,0.6,CA
2026-05-03,0.6027834951877594,0.5206185579299927,0.6082473993301392,0.12886597216129303,0.6030927896499634,0.8144329786300659,0.494678,0.6,CA
2026-05-17,0.122717,0.002887,0.094321,0.431785,0.008662,0.056785,0.497823,0.6,CA
2026-05-31,0.117571,0.004132,0.076033,0.44895,0.009917,0.045455,0.497945,0.6,CA
2026-06-14,0.132714,0.007888,0.111306,0.441946,0.008764,0.063979,0.498062,0.6,CA
2026-06-28,0.5247236204147339,0.4522612988948822,0.5427135825157166,0.08542713522911072,0.6582914590835571,0.7085427045822144,0.493114,0.6,CA
2026-07-12,0.7273369735479355,0.6521739363670349,0.7554348111152649,0.739130437374115,0.47826087474823,0.695652186870575,0.491415,0.6,CA
2026-07-26,0.4739572248607874,0.47593581676483154,0.4545454680919647,0.11229946464300156,0.5828877091407776,0.625668466091156,0.497882,0.6,CA
2026-08-09,0.158581,0.012872,0.148833,0.494755,0.011263,0.077233,0.493675,0.6,CA
2026-08-23,0.123445,0.0,0.094406,0.44704,0.028555,0.044872,0.494595,0.6,CA
2026-09-06,0.6211917120218278,0.6321243643760681,0.6580311059951782,0.0984455943107605,0.6891191601753235,0.7357512712478638,0.495958,0.6,CA
2026-09-20,0.36156565736979246,0.3030303120613098,0.31313130259513855,0.08585858345031738,0.4545454680919647,0.5959596037864685,0.500079,0.6,CA
2026-10-02,0.45597402691841127,0.3636363744735718,0.40692639350891113,0.12554112076759338,0.4978354871273041,0.7142857313156128,0.498483,0.6,CA
2025-10-05,0.234856,0.1875,0.208333,0.579063,0.020833,0.104167,0.472005,0.288,MA
2025-10-19,0.124868,0.026316,0.078947,0.453947,0.0,0.052632,0.474596,0.456,MA
2025-11-16,0.451884054876864,1.0,0.1642512083053589,0.9082125425338745,0.03381642326712608,0.014492753893136978,0.467764,0.3526,MA
2025-11-30,0.0532,0.0,0.0,0.295556,0.0,0.0,0.490009,0.054,MA
2025-12-14,0.0585,0.0,0.0,0.325,0.0,0.0,0.494286,0.084,MA
2025-12-28,0.066825,0.0,0.0,0.37125,0.0,0.0,0.504633,0.048,MA
2026-01-11,0.14608,0.0,0.2,0.456,0.0,0.0,0.503256,0.03,MA
2026-01-25,0.071925,0.0,0.0,0.399583,0.0,0.0,0.483837,0.072,MA
2026-02-08,0.067886,0.0,0.0,0.377143,0.0,0.0,0.499273,0.042,MA
2026-02-22,0.2946464651450515,0.11616161465644836,0.3585858643054962,0.010101010091602802,0.7424242496490479,0.25757575035095215,0.474918,0.3526,MA
2026-03-08,0.6363809546083211,0.9523809552192688,0.6142857074737549,0.8380952477455139,0.9047619104385376,0.13809524476528168,0.498252,0.3526,MA
2026-03-22,0.0858,0.0,0.0,0.476667,0.0,0.0,0.478355,0.018,MA
2026-04-05,0.079586,0.0,0.0,0.442143,0.0,0.0,0.503128,0.042,MA
2026-05-03,0.309536074846983,0.27319586277008057,0.14432989060878754,0.37628865242004395,0.18041236698627472,0.42783504724502563,0.506459,0.3526,MA
2026-05-17,0.22825,0.5,0.0,0.7125,0.0,0.0,0.474398,0.024,MA
2026-06-14,0.1576,0.142857,0.142857,0.462857,0.0,0.0,0.502121,0.042,MA
2026-07-12,0.49413043543696406,0.5271739363670349,0.30978259444236755,0.22826087474822998,0.20108695328235626,0.945652186870575,0.47823,0.3526,MA
2026-08-09,0.0729,0.0,0.0,0.405,0.0,0.0,0.524229,0.006,MA
2026-08-23,0.13736,0.0,0.1,0.452,0.0,0.1,0.501622,0.06,MA
2026-09-06,0.247,0.0,0.333333,0.65,0.333333,0.0,0.483947,0.018,MA
2026-09-20,0.078,0.0,0.0,0.433333,0.0,0.0,0.511656,0.018,MA
2026-10-02,0.455,0.0,1.0,0.75,0.0,0.0,0.529613,0.006,MA
2025-10-05,0.373188,0.0,0.5,0.684375,0.0,0.375,0.48427,0.048,LG
2025-10-19,0.0753,0.0,0.0,0.418333,0.0,0.0,0.497265,0.036,LG
2025-11-02,0.7783663374185563,0.9900990128517151,0.9405940771102905,0.8910890817642212,0.9950494766235352,0.0891089141368866,0.464628,0.5258,LG
2025-11-16,0.6479710080474615,0.7777777910232544,0.7874395847320557,0.7971014380455017,0.9420289993286133,0.12560386955738068,0.516215,0.5258,LG
2025-11-30,0.061414,0.0,0.0,0.34119,0.0,0.0,0.511144,0.126,LG
2025-12-14,0.103094,0.0,0.088235,0.415882,0.0,0.0,0.496993,0.204,LG
2025-12-28,0.150161,0.0,0.222222,0.439167,0.0,0.0,0.490755,0.108,LG
2026-01-11,0.4105,0.0,0.5,0.725,0.0,0.5,0.475436,0.036,LG
2026-01-25,0.0726,0.0,0.0,0.403333,0.0,0.0,0.481982,0.09,LG
2026-02-08,0.0792,0.0,0.0,0.44,0.0,0.0,0.495014,0.06,LG
2026-02-22,0.2198484807834029,0.4040403962135315,0.07575757801532745,0.10606060922145844,0.16161616146564484,0.28282827138900757,0.499417,0.5258,LG
2026-03-08,0.1453333369642496,0.09047619253396988,0.08095238357782364,0.1666666716337204,0.17619048058986664,0.16190476715564728,0.500248,0.5258,LG
2026-03-22,0.081,0.0,0.0,0.45,0.0,0.0,0.48324,0.024,LG
2026-04-05,0.0841,0.0,0.125,0.245,0.0,0.0,0.51015,0.048,LG
2026-04-19,0.34005181178450583,0.1347150206565857,0.2849740982055664,0.42487046122550964,0.18134714663028717,0.42487046122550964,0.488749,0.5258,LG
2026-05-03,0.6364948375523092,0.8608247637748718,0.5670102834701538,0.8144329786300659,0.20618556439876556,0.4175257682800293,0.482798,0.5258,LG
2026-05-17,0.096404,0.0,0.035714,0.424464,0.0,0.035714,0.497922,0.504,LG
2026-05-31,0.113186,0.0,0.068966,0.506207,0.0,0.0,0.468868,0.174,LG
2026-06-14,0.091958,0.0,0.041667,0.38125,0.0,0.041667,0.509362,0.144,LG
2026-06-28,0.21231155373156071,0.060301508754491806,0.10552763938903809,0.4522612988948822,0.18592964112758636,0.37185928225517273,0.518993,0.5258,LG
2026-07-26,0.19406416932120918,0.03208556026220322,0.048128340393304825,0.4438502788543701,0.1871657818555832,0.3957219123840332,0.49619,0.5258,LG
2026-08-09,0.7,0.0,1.0,1.0,0.0,1.0,0.475184,0.006,LG
2026-08-23,0.177074,0.0,0.157895,0.517368,0.026316,0.131579,0.485713,0.228,LG
2026-09-06,0.7176683837175369,0.7253885865211487,0.8860103487968445,0.4715026021003723,0.9585492014884949,0.38860103487968445,0.472887,0.5258,LG
2026-09-20,0.17575757697224617,0.0555555559694767,0.1111111119389534,0.4545454680919647,0.12121212482452393,0.20202019810676575,0.498959,0.5258,LG
2026-10-02,0.4534632083773613,0.380952388048172,0.6536796689033508,0.32034632563591003,0.8744588494300842,0.18614718317985535,0.484304,0.5258,LG
2025-10-05,0.151513,0.12,0.08,0.507667,0.013333,0.04,0.488973,0.45,MT
2025-10-19,0.132322,0.016854,0.101124,0.467022,0.005618,0.050562,0.497661,0.6,MT
2025-11-02,0.31306931197643284,0.5049505233764648,0.3316831588745117,0.0445544570684433,0.5247524976730347,0.059405941516160965,0.494726,0.6,MT
2025-11-16,0.3916908188164234,0.2753623127937317,0.3285024166107178,0.014492753893136978,0.4396135210990906,0.6859903335571289,0.499518,0.6,MT
2025-11-30,0.090654,0.0,0.023529,0.446118,0.0,0.011765,0.498739,0.51,MT
2025-12-14,0.129526,0.056818,0.102273,0.43108,0.034091,0.022727,0.480386,0.528,MT
2025-12-28,0.142865,0.009434,0.113208,0.4525,0.009434,0.09434,0.489023,0.6,MT
2026-01-11,0.095817,0.0,0.042169,0.433253,0.0,0.018072,0.497405,0.6,MT
2026-01-25,0.104698,0.0,0.067227,0.428529,0.0,0.02521,0.485478,0.6,MT
2026-02-08,0.108246,0.009615,0.0625,0.445649,0.004808,0.024038,0.503484,0.6,MT
2026-02-22,0.2585353517532349,0.2525252401828766,0.2373737394809723,0.09090909361839294,0.49494948983192444,0.2070707082748413,0.498799,0.6,MT
2026-03-08,0.40676190804690127,0.29523810744285583,0.3285714387893677,0.095238097012043,0.44285714626312256,0.7285714149475098,0.501023,0.6,MT
2026-03-22,0.102181,0.0,0.054054,0.435541,0.0,0.027027,0.493895,0.444,MT
2026-04-05,0.066129,0.0,0.0,0.367381,0.0,0.0,0.503193,0.378,MT
2026-04-19,0.3949740841984749,0.46113988757133484,0.30051812529563904,0.3678756356239319,0.575129508972168,0.3575129508972168,0.490219,0.6,MT
2026-05-03,0.4330412298440933,0.4020618498325348,0.438144326210022,0.35567009449005127,0.6907216310501099,0.3659793734550476,0.495512,0.6,MT
2026-05-17,0.131603,0.0,0.09375,0.482865,0.03125,0.052083,0.496474,0.576,MT
2026-05-31,0.090859,0.030303,0.015152,0.444167,0.0,0.0,0.510651,0.396,MT
2026-06-14,0.22158,0.0,0.4,0.481,0.1,0.0,0.484743,0.06,MT
2026-06-28,0.3452261375635862,0.24120603501796722,0.42211055755615234,0.3316583037376404,0.21105527877807617,0.3316583037376404,0.511018,0.6,MT
2026-07-12,0.33434782534837726,0.16847826540470123,0.28804346919059753,0.3804347813129425,0.41847825050354004,0.44021740555763245,0.500125,0.6,MT
2026-07-26,0.6254010674357414,0.5989304780960083,0.5401069521903992,0.4010695219039917,0.45989304780960083,0.9786096215248108,0.49585,0.6,MT
2026-08-09,0.124761,0.0,0.115942,0.475725,0.028986,0.0,0.487779,0.414,MT
2026-08-23,0.102105,0.015873,0.047619,0.437619,0.015873,0.015873,0.499844,0.378,MT
2026-09-06,0.6990155541896821,0.5958549380302429,0.7098445892333984,0.37823835015296936,0.7305699586868286,0.8238341808319092,0.489754,0.6,MT
2026-09-20,0.2222727279365063,0.2070707082748413,0.08585858345031738,0.35353535413742065,0.21717171370983124,0.32828283309936523,0.508145,0.6,MT
2026-10-02,0.45095237314701087,0.3419913351535797,0.48051947355270386,0.5021644830703735,0.46320345997810364,0.43290042877197266,0.502497,0.6,MT
2025-10-05,0.065489,0.0,0.0,0.36383,0.0,0.0,0.511241,0.282,LU
2025-10-19,0.060075,0.0,0.0,0.33375,0.0,0.0,0.493316,0.168,LU
2025-11-02,0.5559405885636807,0.6336633563041687,0.8613861203193665,0.09405940771102905,0.9801980257034302,0.029702970758080482,0.462902,0.4515,LU
2025-11-30,0.0663,0.0,0.0,0.368333,0.0,0.0,0.510408,0.09,LU
2025-12-28,0.070011,0.0,0.0,0.388947,0.0,0.0,0.485807,0.114,LU
2026-01-11,0.0504,0.0,0.0,0.28,0.0,0.0,0.516099,0.102,LU
2026-01-25,0.1947,0.0,0.25,0.54,0.25,0.0,0.501149,0.024,LU
2026-02-08,0.0406,0.0,0.0,0.225556,0.0,0.0,0.488889,0.054,LU
2026-02-22,0.21530303046107294,0.17676767706871033,0.12121212482452393,0.09595959633588791,0.19191919267177582,0.26767677068710327,0.48555,0.4515,LU
2026-03-08,0.3966666744649411,0.7333333492279053,0.4333333373069763,0.18571428954601288,0.16190476715564728,0.10000000149011612,0.494455,0.4515,LU
2026-03-22,0.0412,0.0,0.0,0.228889,0.0,0.0,0.488961,0.054,LU
2026-04-05,0.0738,0.0,0.0,0.41,0.0,0.0,0.497375,0.03,LU
2026-04-19,0.4597927445173263,0.24352331459522247,0.45077720284461975,0.4559585452079773,0.787564754486084,0.45077720284461975,0.484747,0.4515,LU
2026-05-03,0.2186082439124584,0.0670103058218956,0.10824742168188095,0.3814432919025421,0.1855670064687729,0.4329896867275238,0.535468,0.4515,LU
2026-05-17,0.0639,0.0,0.0,0.355,0.0,0.0,0.513103,0.018,LU
2026-05-31,0.063,0.0,0.0,0.35,0.0,0.0,0.5,0.024,LU
2026-06-14,0.0612,0.0,0.0,0.34,0.0,0.0,0.502313,0.078,LU
2026-06-28,0.554572861790657,0.43718594312667847,0.6683416962623596,0.4422110617160797,0.8442211151123047,0.41206029057502747,0.488248,0.4515,LU
2026-07-12,0.39293478146195415,0.695652186870575,0.09782608598470688,0.41304346919059753,0.20652173459529877,0.41304346919059753,0.469457,0.4515,LU
2026-08-09,0.0753,0.0,0.0,0.418333,0.0,0.0,0.492741,0.036,LU
2026-08-23,0.07725,0.0,0.0,0.429167,0.0,0.0,0.49646,0.036,LU
2026-09-06,0.2130051792226732,0.031088082119822502,0.1347150206565857,0.4663212299346924,0.1865285038948059,0.3834196925163269,0.508216,0.4515,LU
2026-09-20,0.096,0.0,0.0,0.533333,0.0,0.0,0.494397,0.018,LU
2026-10-02,0.4432900351285935,0.4285714328289032,0.268398255109787,0.5541125535964966,0.5194805264472961,0.536796510219574,0.497329,0.4515,LU
2025-10-19,0.7142328085005284,0.8783068656921387,0.9788359999656677,0.9523809552192688,0.28042328357696533,0.12169311940670013,0.9523809552192688,0.1175,JAM
2025-11-16,0.795410630106926,0.9855072498321533,0.9033816456794739,0.9758453965187073,0.966183602809906,0.1642512083053589,0.9758453965187073,0.1175,JAM
2025-11-30,0.1270646781474352,0.12935324013233185,0.1890547275543213,0.13930347561836243,0.03980099409818649,0.014925372786819935,0.26865673065185547,0.1175,JAM
2026-02-08,0.5252284322679043,0.5736040472984314,0.8629441857337952,0.1421319842338562,0.9644669890403748,0.13705584406852722,0.06598984450101852,0.1175,JAM
2026-08-23,0.8842076517641544,0.8415300250053406,0.9617486596107483,0.9726775884628296,0.17486338317394257,1.0,0.693989098072052,0.1175,JAM
2026-10-02,0.4421645001322031,0.3246753215789795,0.6623376607894897,0.3722943663597107,0.6060606241226196,0.15584415197372437,0.08658009022474289,0.1175,JAM
2025-10-05,0.162093,0.0,0.186147,0.468095,0.008658,0.073593,0.495978,0.6,AE
2025-10-19,0.086323,0.0,0.031579,0.409395,0.0,0.010526,0.508471,0.6,AE
2025-11-02,0.5809405993530526,0.7722772359848022,0.5049505233764648,0.004950494971126318,0.6930692791938782,0.7376237511634827,0.498045,0.6,AE
2025-11-16,0.4607246401906014,0.2995169162750244,0.4251207709312439,0.5314009785652161,0.6811594367027283,0.52173912525177,0.503825,0.6,AE
2025-11-30,0.125354,0.005525,0.110497,0.442265,0.0,0.038674,0.49418,0.6,AE
2025-12-14,0.118672,0.005882,0.094118,0.430529,0.0,0.041176,0.502656,0.6,AE
2025-12-28,0.12186,0.0,0.11236,0.432303,0.0,0.033708,0.497239,0.6,AE
2026-01-11,0.098649,0.012658,0.054852,0.417954,0.004219,0.012658,0.50234,0.6,AE
2026-01-25,0.163238,0.0,0.172043,0.482742,0.064516,0.069892,0.49527,0.6,AE
2026-02-08,0.163421,0.003546,0.187943,0.467784,0.007092,0.074468,0.496088,0.6,AE
2026-02-22,0.5478283002972603,0.6414141654968262,0.3080808222293854,0.5252525210380554,0.5202020406723022,0.7272727489471436,0.497927,0.6,AE
2026-03-08,0.7764285737276078,0.8047618865966797,0.761904776096344,0.7476190328598022,0.7666666507720947,0.6571428775787354,0.483513,0.6,AE
2026-03-22,0.188232,0.005988,0.188623,0.523443,0.011976,0.131737,0.483627,0.6,AE
2026-04-05,0.212639,0.0,0.213333,0.5417,0.006667,0.193333,0.482283,0.6,AE
2026-04-19,0.6828497373685241,0.6476684212684631,0.772020697593689,0.005181347019970417,0.9378238320350647,0.8134714961051941,0.490081,0.6,AE
2026-05-03,0.2508762838784605,0.34536081552505493,0.3814432919025421,0.010309278033673763,0.530927836894989,0.010309278033673763,0.499379,0.6,AE
2026-05-17,0.13867,0.0,0.123529,0.456662,0.0,0.070588,0.492049,0.6,AE
2026-05-31,0.146328,0.006897,0.151724,0.471172,0.0,0.048276,0.498467,0.6,AE
2026-06-14,0.142454,0.0,0.159341,0.466016,0.032967,0.021978,0.502104,0.6,AE
2026-06-28,0.5799497382715344,0.47236180305480957,0.6381909251213074,0.01005025114864111,0.6180904507637024,0.8844221234321594,0.495366,0.6,AE
2026-07-12,0.8843478080630303,0.9728260636329651,0.9836956262588501,0.97826087474823,0.4728260934352875,0.5978260636329651,0.492078,0.6,AE
2026-07-26,0.3332620329037309,0.5240641832351685,0.45989304780960083,0.005347593687474728,0.6524063944816589,0.010695187374949455,0.499461,0.6,AE
2026-08-09,0.165252,0.004292,0.201717,0.495794,0.004292,0.042918,0.48612,0.6,AE
2026-08-23,0.108425,0.0,0.07971,0.402681,0.0,0.043478,0.501368,0.6,AE
2026-09-06,0.19611399087123577,0.18134714663028717,0.3212435245513916,0.005181347019970417,0.621761679649353,0.005181347019970417,0.501667,0.6,AE
2026-09-20,0.2109090904844925,0.24747474491596222,0.32828283309936523,0.01515151560306549,0.5303030014038086,0.01515151560306549,0.501522,0.6,AE
2026-10-02,0.4397402611747384,0.2857142984867096,0.42424243688583374,0.012987012974917889,0.6450216174125671,0.6839826703071594,0.492298,0.6,AE
2025-10-05,0.0765,0.0,0.0,0.425,0.0,0.0,0.484764,0.024,CT
2025-12-14,0.144506,0.125,0.0625,0.552813,0.0,0.0,0.496556,0.096,CT
2025-12-28,0.132164,0.09589,0.082192,0.460274,0.054795,0.0,0.488992,0.438,CT
2026-01-11,0.0648,0.0,0.0,0.36,0.0,0.0,0.520075,0.006,CT
2026-01-25,0.0324,0.0,0.0,0.18,0.0,0.0,0.485981,0.006,CT
2026-02-22,0.027,0.0,0.0,0.15,0.0,0.0,0.496739,0.018,CT
2026-03-08,0.21352381171658635,0.06190476194024086,0.03333333507180214,0.46190476417541504,0.31904762983322144,0.46190476417541504,0.514006,0.3588,CT
2026-03-22,0.0729,0.0,0.0,0.405,0.0,0.0,0.493714,0.006,CT
2026-04-19,0.15533678837120535,0.17616580426692963,0.07253886014223099,0.2227979302406311,0.0984455943107605,0.13989637792110443,0.510989,0.3588,CT
2026-05-17,0.06165,0.0,0.0,0.3425,0.0,0.0,0.511581,0.036,CT
2026-05-31,0.061338,0.0,0.0,0.340769,0.0,0.0,0.505835,0.078,CT
2026-06-14,0.112477,0.0,0.115385,0.368462,0.0,0.038462,0.474692,0.156,CT
2026-06-28,0.9880904471874238,0.9949748516082764,1.0,1.0,0.9045225977897644,1.0,0.479054,0.3588,CT
2026-07-12,0.740978249758482,0.9347826242446899,0.9728260636329651,0.9728260636329651,0.07608695328235626,0.15217390656471252,0.483016,0.3588,CT
2026-07-26,0.8274331504106522,1.0,0.9946523904800415,1.0,0.9625668525695801,0.13903743028640747,0.473016,0.3588,CT
2026-08-09,0.099,0.0,0.0,0.55,0.0,0.0,0.439516,0.012,CT
2026-08-23,0.133945,0.0,0.181818,0.420909,0.0,0.0,0.490795,0.066,CT
2026-09-06,0.25222798347473147,0.7823834419250488,0.036269430071115494,0.1347150206565857,0.06735751032829285,0.14507772028446198,0.504211,0.3588,CT
2026-09-20,0.08843434333801269,0.02525252476334572,0.05050504952669144,0.21717171370983124,0.07070706784725189,0.13636364042758942,0.513264,0.3588,CT
2026-10-02,0.43883116438984865,0.9956709742546082,0.03030303120613098,1.0,0.03896103799343109,0.07792207598686218,0.494348,0.3588,CT
2024-07-28,0.43820388793945314,0.49514561891555786,0.12135922163724899,0.7669903039932251,0.23786407709121704,0.5097087621688843,0.7669903039932251,0.0062,AFG
2025-10-05,0.115175,0.008772,0.078947,0.407895,0.0,0.061404,0.505973,0.6,NO
2025-10-19,0.179555,0.107527,0.129032,0.529785,0.010753,0.086022,0.489569,0.558,NO
2025-11-02,0.4175247526168823,0.3465346395969391,0.31683167815208435,0.08415841311216354,0.41584157943725586,0.7326732873916626,0.495776,0.6,NO
2025-11-16,0.4138164323568344,0.3671497702598572,0.28502416610717773,0.06280193477869034,0.5410627722740173,0.7777777910232544,0.496835,0.6,NO
2025-11-30,0.124139,0.010204,0.112245,0.437959,0.0,0.030612,0.501665,0.588,NO
2025-12-14,0.114719,0.016807,0.07563,0.450588,0.0,0.02521,0.495547,0.6,NO
2025-12-28,0.094841,0.0,0.037037,0.411667,0.0,0.037037,0.495088,0.324,NO
2026-01-11,0.12653,0.0,0.110236,0.443976,0.0,0.047244,0.50987,0.6,NO
2026-01-25,0.155357,0.0,0.149254,0.486642,0.029851,0.074627,0.496307,0.402,NO
2026-02-08,0.124658,0.0,0.10119,0.44122,0.0,0.053571,0.492855,0.6,NO
2026-02-22,0.47691919177770614,0.34343433380126953,0.4444444477558136,0.19696970283985138,0.6161616444587708,0.6969696879386902,0.492197,0.6,NO
2026-03-08,0.532238097935915,0.34285715222358704,0.5190476179122925,0.04285714402794838,0.4571428596973419,0.8999999761581421,0.478855,0.6,NO
2026-03-22,0.156033,0.038462,0.153846,0.499327,0.0,0.038462,0.48963,0.312,NO
2026-04-05,0.101838,0.0,0.05814,0.442384,0.011628,0.011628,0.495451,0.516,NO
2026-04-19,0.7506735791265964,0.6580311059951782,0.7512953281402588,0.6580311059951782,0.8290155529975891,0.9170984625816345,0.500879,0.6,NO
2026-05-03,0.4509278330206872,0.2010309249162674,0.3298968970775604,0.6443299055099487,0.4845360815525055,0.6030927896499634,0.49799,0.6,NO
2026-05-17,0.117284,0.0,0.089005,0.407539,0.005236,0.062827,0.509979,0.6,NO
2026-05-31,0.109824,0.02439,0.042683,0.478018,0.012195,0.018293,0.492439,0.6,NO
2026-06-14,0.128928,0.0,0.09434,0.447925,0.0,0.075472,0.503948,0.318,NO
2026-06-28,0.7286934632062911,0.5628140568733215,0.7889447212219238,0.7487437129020691,0.8944723606109619,0.6180904507637024,0.48841,0.6,NO
2026-07-12,0.5714673897624016,0.7663043737411499,0.42934781312942505,0.66847825050354,0.3478260934352875,0.52173912525177,0.49416,0.6,NO
2026-07-26,0.45251336261630065,0.3636363744735718,0.5508021116256714,0.3636363744735718,0.6844919919967651,0.3475935757160187,0.50865,0.6,NO
2026-08-09,0.112515,0.0,0.076923,0.385769,0.0,0.076923,0.495442,0.234,NO
2026-08-23,0.106997,0.0,0.06993,0.40542,0.01049,0.045455,0.491174,0.6,NO
2026-09-06,0.5724352386593818,0.3575129508972168,0.6424870491027832,0.34196892380714417,0.38860103487968445,0.818652868270874,0.502784,0.6,NO
2026-09-20,0.3674747475981712,0.16161616146564484,0.2373737394809723,0.631313145160675,0.3888888955116272,0.5505050420761108,0.50639,0.6,NO
2026-10-02,0.437359313070774,0.1991342008113861,0.31168830394744873,0.4588744640350342,0.5064935088157654,0.8008658289909363,0.50821,0.6,NO
2025-10-05,0.283267,0.0,0.333333,0.536667,0.0,0.333333,0.485479,0.018,RM
2025-10-19,0.511333,0.0,0.666667,0.766667,0.0,0.666667,0.459945,0.018,RM
2025-11-30,0.0324,0.0,0.0,0.18,0.0,0.0,0.516816,0.024,RM
2025-12-14,0.06615,0.0,0.0,0.3675,0.0,0.0,0.493601,0.012,RM
2025-12-28,0.09288,0.0,0.0,0.516,0.0,0.0,0.510244,0.03,RM
2026-01-11,0.0726,0.0,0.0,0.403333,0.0,0.0,0.494886,0.054,RM
2026-01-25,0.108,0.0,0.0,0.6,0.0,0.0,0.511119,0.006,RM
2026-02-22,0.40898990362882615,0.31313130259513855,0.7272727489471436,0.34343433380126953,0.3636363744735718,0.06565656512975693,0.502874,0.3402,RM
2026-03-08,0.8030476228892803,0.9809523820877075,0.9809523820877075,0.9904761910438538,0.18095238506793976,0.3142857253551483,0.485481,0.3402,RM
2026-03-22,0.455,0.0,1.0,0.75,0.0,0.0,0.449029,0.006,RM
2026-04-05,0.0729,0.0,0.0,0.405,0.0,0.0,0.452055,0.006,RM
2026-04-19,0.3322279825247825,0.07772020995616913,0.21761657297611237,0.5958549380302429,0.30051812529563904,0.5958549380302429,0.496896,0.3402,RM
2026-05-03,0.31448453038930896,0.11855670064687729,0.22680412232875824,0.5567010045051575,0.30927833914756775,0.438144326210022,0.497442,0.3402,RM
2026-05-17,0.063,0.0,0.0,0.35,0.0,0.0,0.485055,0.006,RM
2026-06-14,0.078668,0.0,0.0,0.437045,0.0,0.0,0.500603,0.132,RM
2026-06-28,0.32361808398738506,0.12060301750898361,0.23115578293800354,0.5477386713027954,0.30150753259658813,0.5477386713027954,0.504736,0.3402,RM
2026-08-09,0.07884,0.0,0.0,0.438,0.0,0.0,0.491091,0.03,RM
2026-08-23,0.073125,0.0,0.0,0.40625,0.0,0.0,0.505467,0.024,RM
2026-09-06,0.081,0.0,0.0,0.45,0.0,0.0,0.498286,0.006,RM
2026-09-20,0.7687373718619346,0.8282828330993652,0.939393937587738,0.8535353541374207,0.3080808222293854,0.4292929172515869,0.483296,0.3402,RM
2026-10-02,0.43666666880249977,0.649350643157959,0.09956710040569305,0.701298713684082,0.19480518996715546,0.4545454680919647,0.46746,0.3402,RM
2025-10-05,0.111122,0.111111,0.0,0.493889,0.0,0.0,0.49727,0.108,AO
2025-10-19,0.204244,0.0,0.222222,0.443333,0.0,0.222222,0.506415,0.054,AO
2025-11-02,0.3333168303966522,0.18316832184791565,0.12376237660646439,0.5495049357414246,0.28217822313308716,0.5297029614448547,0.484872,0.5443,AO
2025-11-16,0.32570048034191135,0.12560386955738068,0.2028985470533371,0.5507246255874634,0.4492753744125366,0.48792269825935364,0.511058,0.5443,AO
2025-11-30,0.079061,0.0,0.039216,0.36951,0.0,0.0,0.499459,0.306,AO
2025-12-14,0.081284,0.0,0.0,0.451579,0.0,0.0,0.476469,0.114,AO
2025-12-28,0.105376,0.0,0.019608,0.542941,0.019608,0.0,0.479413,0.306,AO
2026-01-11,0.036142,0.0,0.0,0.200789,0.0,0.0,0.514704,0.114,AO
2026-01-25,0.26124,0.0,0.3,0.518,0.0,0.3,0.502433,0.06,AO
2026-02-08,0.0624,0.0,0.0,0.346667,0.0,0.0,0.498852,0.09,AO
2026-02-22,0.5595959576964378,0.7171717286109924,0.4292929172515869,0.5505050420761108,0.8181818127632141,0.4444444477558136,0.505731,0.5443,AO
2026-03-08,0.3949047695100308,0.41428571939468384,0.16190476715564728,0.723809540271759,0.2809523940086365,0.4333333373069763,0.515171,0.5443,AO
2026-03-22,0.056481,0.0,0.0,0.313784,0.0,0.0,0.519496,0.222,AO
2026-04-05,0.415133,0.0,0.666667,0.676667,0.0,0.333333,0.45866,0.018,AO
2026-04-19,0.3735751289874315,0.2746114134788513,0.26424869894981384,0.031088082119822502,0.40414509177207947,0.6891191601753235,0.487208,0.5443,AO
2026-05-03,0.079845360647887,0.010309278033673763,0.020618556067347527,0.04123711213469505,0.020618556067347527,0.04123711213469505,0.499148,0.5443,AO
2026-05-17,0.0405,0.0,0.0,0.225,0.0,0.0,0.509232,0.024,AO
2026-05-31,0.03915,0.0,0.0,0.2175,0.0,0.0,0.514265,0.024,AO
2026-06-14,0.186469,0.0,0.1875,0.535937,0.0,0.125,0.509379,0.096,AO
2026-06-28,0.02763819068670273,0.01005025114864111,0.02010050229728222,0.04020100459456444,0.02010050229728222,0.04020100459456444,0.517353,0.5443,AO
2026-07-26,0.09556149789132178,0.16577540338039398,0.005347593687474728,0.03743315488100052,0.005347593687474728,0.03743315488100052,0.485383,0.5443,AO
2026-08-09,0.0567,0.0,0.0,0.315,0.0,0.0,0.456432,0.012,AO
2026-08-23,0.163591,0.0,0.130435,0.503043,0.0,0.130435,0.50025,0.138,AO
2026-09-06,0.088425,0.0,0.0,0.49125,0.0,0.0,0.505935,0.024,AO
2026-09-20,0.9666666609048844,0.9848484992980957,0.9191918969154358,0.9898989796638489,0.9646464586257935,0.9898989796638489,0.456207,0.5443,AO
2026-10-02,0.4331601781770587,0.4502164423465729,0.7748917937278748,0.034632034599781036,0.9437229633331299,0.034632034599781036,0.50266,0.5443,AO
2025-10-05,0.144073,0.037037,0.111111,0.469815,0.024691,0.061728,0.499012,0.486,AU
2025-10-19,0.041683,0.0,0.015873,0.196296,0.0,0.005291,0.478928,0.6,AU
2025-11-02,0.7650990092754364,0.6584158539772034,0.7920792102813721,0.5594059228897095,0.7772276997566223,0.8118811845779419,0.484373,0.6,AU
2025-11-16,0.9283574670553209,0.9371980428695679,0.9516907930374146,0.8695651888847351,0.9855072498321533,0.782608687877655,0.490241,0.6,AU
2025-11-30,0.142738,0.007752,0.131783,0.443721,0.007752,0.077519,0.490348,0.6,AU
2025-12-14,0.155302,0.016129,0.16129,0.487339,0.016129,0.048387,0.490197,0.372,AU
2025-12-28,0.104012,0.0,0.081633,0.40551,0.0,0.020408,0.498432,0.294,AU
2026-01-11,0.136608,0.0,0.121622,0.500676,0.108108,0.0,0.496259,0.444,AU
2026-01-25,0.177406,0.0,0.173913,0.535507,0.014493,0.101449,0.482966,0.414,AU
2026-02-08,0.131195,0.0,0.090909,0.486439,0.0,0.060606,0.48994,0.396,AU
2026-02-22,0.8449494820833205,0.7323232293128967,0.8585858345031738,0.8585858345031738,0.5858585834503174,0.9898989796638489,0.487466,0.6,AU
2026-03-08,0.4067619098722935,0.24761904776096344,0.30000001192092896,0.5476190447807312,0.6523809432983398,0.4714285731315613,0.499155,0.6,AU
2026-03-22,0.093423,0.0,0.038462,0.425,0.0,0.019231,0.492993,0.312,AU
2026-04-05,0.107965,0.0,0.067568,0.443649,0.0,0.027027,0.492198,0.444,AU
2026-04-19,0.6036787545680999,0.45077720284461975,0.4455958604812622,0.7668393850326538,0.6580311059951782,0.6735751032829285,0.486204,0.6,AU
2026-05-03,0.7366494925320148,0.9329897165298462,0.8556700944900513,0.9536082744598389,0.9793814420700073,0.030927835032343864,0.484792,0.6,AU
2026-05-17,0.136439,0.052632,0.096491,0.480702,0.061404,0.017544,0.503376,0.6,AU
2026-05-31,0.110054,0.0,0.070588,0.423176,0.0,0.047059,0.502534,0.51,AU
2026-06-14,0.115932,0.0,0.076923,0.460308,0.015385,0.030769,0.492956,0.39,AU
2026-06-28,0.34336683295667175,0.38693466782569885,0.4874371886253357,0.030150754377245903,0.7638190984725952,0.030150754377245903,0.496701,0.6,AU
2026-07-12,0.2222282639145851,0.21739129722118378,0.31521740555763245,0.03804347664117813,0.614130437374115,0.043478261679410934,0.4963,0.6,AU
2026-07-26,0.5911229993402958,0.6096256971359253,0.5775400996208191,0.05347593501210213,0.8449198007583618,0.7807486653327942,0.49967,0.6,AU
2026-08-09,0.16774,0.0,0.166667,0.476333,0.066667,0.1,0.496179,0.18,AU
2026-08-23,0.137495,0.0,0.1,0.45275,0.0,0.1,0.498316,0.12,AU
2026-09-06,0.5906735688447952,0.6113989353179932,0.803108811378479,0.8497409224510193,0.3575129508972168,0.041450776159763336,0.490474,0.6,AU
2026-09-20,0.577373735755682,0.6464646458625793,0.469696968793869,0.0555555559694767,0.5656565427780151,0.8383838534355164,0.492018,0.6,AU
2026-10-02,0.4268831227719784,0.6666666865348816,0.5541125535964966,0.0476190485060215,0.7142857313156128,0.03030303120613098,0.497107,0.6,AU
2025-10-05,0.3044270753860474,0.1458333283662796,0.1302083283662796,0.4791666567325592,0.0625,0.5677083134651184,0.125,0.266,DEU
2025-10-19,0.4486772558093071,0.21164020895957947,0.523809552192688,0.5026454925537109,0.8888888955116272,0.39153438806533813,0.2063492089509964,0.266,DEU
2025-11-30,0.520099505186081,0.2985074520111084,0.641791045665741,0.6268656849861145,0.08457711338996887,0.5323383212089539,0.7164179086685181,0.266,DEU
2025-12-14,0.22497461501508953,0.10152284055948257,0.025380710139870644,0.49238577485084534,0.10152284055948257,0.4822334945201874,0.2385786771774292,0.266,DEU
2026-01-11,0.6737754995748401,0.8928571343421936,0.6632652878761292,0.9234693646430969,0.040816325694322586,0.4285714328289032,0.9234693646430969,0.266,DEU
2026-01-25,0.5828795742243528,0.29842931032180786,0.6282722353935242,0.518324613571167,0.057591624557971954,0.9685863852500916,0.5968586206436157,0.266,DEU
2026-04-05,0.08768420934677125,0.02631578966975212,0.0736842080950737,0.12105263024568558,0.0736842080950737,0.12105263024568558,0.28421053290367126,0.266,DEU
2026-04-19,0.152331605181098,0.036269430071115494,0.06735751032829285,0.20725388824939728,0.08808290213346481,0.2227979302406311,0.6269429922103882,0.266,DEU
2026-05-17,0.10842639446258545,0.025380710139870644,0.04568528011441231,0.2385786771774292,0.08629441261291504,0.20304568111896515,0.08629441261291504,0.266,DEU
2026-07-12,0.6730978177487851,0.8695651888847351,0.804347813129425,0.85326087474823,0.06521739065647125,0.22826087474822998,0.9619565010070801,0.266,DEU
2026-08-23,0.21754097998142244,0.38797813653945923,0.0382513664662838,0.23497267067432404,0.08196721225976944,0.23497267067432404,0.0765027329325676,0.266,DEU
2026-10-02,0.4267099587991834,0.6709956526756287,0.3073593080043793,0.7878788113594055,0.051948051899671555,0.09090909361839294,0.8961039185523987,0.266,DEU
2025-09-21,0.9275999867916107,0.8299999833106995,0.9649999737739563,0.875,0.949999988079071,0.9900000095367432,0.875,0.5691,MYS
2025-10-05,0.28458333291113375,0.546875,0.2135416716337204,0.0520833320915699,0.1875,0.2760416567325592,0.3020833432674408,0.5691,MYS
2025-10-19,0.21724867798388003,0.42328041791915894,0.0476190485060215,0.07407407462596893,0.06878306716680527,0.1746031790971756,0.7142857313156128,0.5691,MYS
2025-11-02,0.35643564373254777,0.4554455578327179,0.4455445408821106,0.06930693238973618,0.8267326951026917,0.07425742596387863,0.37128713726997375,0.5691,MYS
2025-11-16,0.16405796930193903,0.35748791694641113,0.04830917716026306,0.03381642326712608,0.11594203114509583,0.06763284653425217,0.5990338325500488,0.5691,MYS
2025-11-30,0.19771143943071368,0.5024875402450562,0.09452736377716064,0.0746268630027771,0.1442786008119583,0.13432836532592773,0.1492537260055542,0.5691,MYS
2025-12-14,0.4050253742933273,0.5634517669677734,0.4974619150161743,0.060913704335689545,0.8274111747741699,0.1928934007883072,0.15736040472984314,0.5691,MYS
2025-12-28,0.1707653096318245,0.2091836780309677,0.0714285746216774,0.07653061300516129,0.16836734116077423,0.29591837525367737,0.11224489659070969,0.5691,MYS
2026-01-11,0.44979591891169546,0.3316326439380646,0.4285714328289032,0.04591836780309677,0.16326530277729034,0.9489796161651611,0.2857142984867096,0.5691,MYS
2026-01-25,0.3309424040466547,0.3141361176967621,0.43455496430397034,0.07853402942419052,0.7958115339279175,0.13089005649089813,0.5026177763938904,0.5691,MYS
2026-02-08,0.5264467076957227,0.6954314708709717,0.720812201499939,0.05076142027974129,0.913705587387085,0.17766498029232025,0.4822334945201874,0.5691,MYS
2026-02-22,0.14287878802046183,0.16161616146564484,0.13131313025951385,0.07070706784725189,0.020202020183205605,0.1818181872367859,0.1262626200914383,0.5691,MYS
2026-03-08,0.3964761903136969,0.738095223903656,0.46190476417541504,0.01904761977493763,0.8190476298332214,0.03809523954987526,0.31904762983322144,0.5691,MYS
2026-03-22,0.08156756676733494,0.037837836891412735,0.01621621660888195,0.08648648858070374,0.021621622145175934,0.0324324332177639,0.6216216087341309,0.5691,MYS
2026-04-05,0.20299999654293063,0.06315789371728897,0.12105263024568558,0.34736841917037964,0.21052631735801697,0.3526315689086914,0.25789472460746765,0.5691,MYS
2026-04-19,0.7432124477624893,0.6943005323410034,0.9430052042007446,0.7305699586868286,0.9896373152732849,0.35233160853385925,0.575129508972168,0.5691,MYS
2026-05-03,0.5612886613607406,0.5103092789649963,0.7268041372299194,0.34536081552505493,0.7680412530899048,0.34020617604255676,0.5979381203651428,0.5691,MYS
2026-05-17,0.6288832473754883,0.8781725764274597,0.3807106614112854,0.720812201499939,0.5837563276290894,0.6294416189193726,0.32487308979034424,0.5691,MYS
2026-05-31,0.36585858464241033,0.21717171370983124,0.16161616146564484,0.6464646458625793,0.28282827138900757,0.6464646458625793,0.3030303120613098,0.5691,MYS
2026-06-14,0.4599999949336052,0.27979275584220886,0.590673565864563,0.3678756356239319,0.8601036071777344,0.36269429326057434,0.5595855116844177,0.5691,MYS
2026-06-28,0.4745226116478444,0.6884422302246094,0.38693466782569885,0.32663315534591675,0.6030150651931763,0.3668341636657715,0.18592964112758636,0.5691,MYS
2026-07-12,0.38070652641355984,0.364130437374115,0.33152174949645996,0.3695652186870575,0.695652186870575,0.364130437374115,0.10326086729764938,0.5691,MYS
2026-07-26,0.3643850320577622,0.6631016135215759,0.09090909361839294,0.3796791434288025,0.1978609561920166,0.3636363744735718,0.7005347609519958,0.5691,MYS
2026-08-09,0.7081283438205719,0.9358288645744324,0.6791443824768066,0.8449198007583618,0.9251337051391602,0.2513369023799896,0.8823529481887817,0.5691,MYS
2026-08-23,0.24054645225405696,0.33879780769348145,0.04918032884597778,0.3825136721134186,0.14754098653793335,0.3715847134590149,0.3224043846130371,0.5691,MYS
2026-09-06,0.18554404307156802,0.015544041059911251,0.08808290213346481,0.3575129508972168,0.2227979302406311,0.3471502661705017,0.29015544056892395,0.5691,MYS
2026-09-20,0.424848481118679,0.5101010203361511,0.16161616146564484,0.6464646458625793,0.3232323229312897,0.5656565427780151,0.24242424964904785,0.5691,MYS
2025-10-05,0.108837,0.0,0.069474,0.417284,0.012632,0.044211,0.503306,0.6,JA
2025-10-19,0.128628,0.004556,0.118451,0.419863,0.015945,0.05467,0.503802,0.6,JA
2025-11-02,0.42331683039665224,0.5693069100379944,0.2772277295589447,0.1336633712053299,0.3762376308441162,0.6138613820075989,0.496575,0.6,JA
2025-11-16,0.5700000000000001,0.6425120830535889,0.5603864789009094,0.1304347813129425,0.4637681245803833,0.6473429799079895,0.496004,0.6,JA
2025-11-30,0.135981,0.0,0.126667,0.453722,0.044444,0.044444,0.494116,0.6,JA
2025-12-14,0.128282,0.0,0.102679,0.441596,0.013393,0.0625,0.492562,0.6,JA
2025-12-28,0.122199,0.005348,0.090909,0.448048,0.016043,0.042781,0.492882,0.6,JA
2026-01-11,0.106068,0.009732,0.060827,0.425304,0.007299,0.03163,0.498567,0.6,JA
2026-01-25,0.123745,0.0,0.106667,0.43384,0.0,0.048,0.504001,0.6,JA
2026-02-08,0.116703,0.012862,0.075563,0.43381,0.009646,0.046624,0.50302,0.6,JA
2026-02-22,0.5523232322931291,0.5050504803657532,0.5707070827484131,0.14141413569450378,0.5505050420761108,0.691919207572937,0.496271,0.6,JA
2026-03-08,0.5515238109230995,0.6190476417541504,0.49047619104385376,0.1190476194024086,0.49047619104385376,0.738095223903656,0.497818,0.6,JA
2026-03-22,0.136994,0.001938,0.125969,0.461444,0.00969,0.052326,0.49147,0.6,JA
2026-04-05,0.113253,0.003311,0.066225,0.434553,0.006623,0.05298,0.504844,0.6,JA
2026-04-19,0.5358549204468728,0.33678755164146423,0.5233160853385925,0.23834197223186493,0.46113988757133484,0.7616580128669739,0.7616580128669739,0.6,JA
2026-05-03,0.5015463817119599,0.44329896569252014,0.6494845151901245,0.44329896569252014,0.7731958627700806,0.24742268025875092,0.5773195624351501,0.6,JA
2026-05-17,0.114758,0.00597,0.080597,0.420463,0.008955,0.047761,0.496225,0.6,JA
2026-05-31,0.108937,0.001698,0.062818,0.437216,0.011885,0.037351,0.498367,0.6,JA
2026-06-14,0.126767,0.004914,0.105651,0.430442,0.004914,0.058968,0.49689,0.6,JA
2026-06-28,0.564422112852335,0.49246230721473694,0.5025125741958618,0.4170854389667511,0.5577889680862427,0.7989949584007263,0.13567839562892914,0.6,JA
2026-07-12,0.8373912993073463,0.8478260636329651,0.85326087474823,0.8260869383811951,0.5489130616188049,0.875,0.2554347813129425,0.6,JA
2026-07-26,0.29770052909851075,0.12299465388059616,0.2245989292860031,0.24598930776119232,0.3582887649536133,0.5721924901008606,0.13903743028640747,0.6,JA
2026-08-09,0.147005,0.01105,0.119705,0.481317,0.018416,0.077348,0.489169,0.6,JA
2026-08-23,0.13356,0.001736,0.112847,0.439436,0.019097,0.069444,0.495953,0.6,JA
2026-09-06,0.49243523776531223,0.40414509177207947,0.44041451811790466,0.26424869894981384,0.5492228269577026,0.7253885865211487,0.495935,0.6,JA
2026-09-20,0.594292947947979,0.4848484992980957,0.6161616444587708,0.42424243688583374,0.42424243688583374,0.752525269985199,0.495708,0.6,JA
2026-10-02,0.4206493470072747,0.28138527274131775,0.38528138399124146,0.37662336230278015,0.4458874464035034,0.5670995712280273,0.49939,0.6,JA
2025-09-07,0.41951923340559005,0.4086538553237915,0.7644230723381042,0.10576923191547394,0.12980769574642181,0.024038461968302727,0.629807710647583,0.0062,MEX
2025-10-05,0.07695,0.0,0.0,0.4275,0.0,0.0,0.494673,0.072,VC
2025-10-19,0.318667,0.0,0.333333,0.733333,0.0,0.333333,0.494663,0.018,VC
2025-11-02,0.1885148522257805,0.10396039485931396,0.1336633712053299,0.26237624883651733,0.3316831588745117,0.2227722704410553,0.493617,0.3155,VC
2025-11-16,0.940724629163742,0.9082125425338745,0.9613526463508606,0.9178743958473206,0.8695651888847351,0.9951691031455994,0.478703,0.3155,VC
2025-11-30,0.133895,0.0,0.121951,0.443049,0.04878,0.04878,0.497927,0.246,VC
2025-12-28,0.063,0.0,0.0,0.35,0.0,0.0,0.488722,0.006,VC
2026-01-11,0.08055,0.0,0.0,0.4475,0.0,0.0,0.5128,0.024,VC
2026-03-08,0.6946666720509531,0.7095237970352173,0.8666666746139526,0.8761904835700989,0.3142857253551483,0.27619048953056335,0.468978,0.3155,VC
2026-03-22,0.455,0.0,1.0,0.75,0.0,0.0,0.570698,0.006,VC
2026-04-05,0.251414,0.0,0.285714,0.507857,0.0,0.285714,0.504022,0.042,VC
2026-05-17,0.250386,0.0,0.285714,0.502143,0.0,0.285714,0.493879,0.042,VC
2026-05-31,0.3925,0.0,0.5,0.625,0.0,0.5,0.486248,0.048,VC
2026-06-14,0.23238,0.0,0.3,0.491,0.0,0.2,0.500901,0.06,VC
2026-06-28,0.7966834110021591,0.7688442468643188,0.929648220539093,0.8643215894699097,0.9396985173225403,0.4773869216442108,0.498531,0.3155,VC
2026-07-12,0.3228260789811611,0.09782608598470688,0.19021739065647125,0.5760869383811951,0.28804346919059753,0.5760869383811951,0.506116,0.3155,VC
2026-08-09,0.0936,0.0,0.0,0.52,0.0,0.0,0.505134,0.03,VC
2026-08-23,0.2165,0.0,0.25,0.425,0.0,0.25,0.499592,0.024,VC
2026-09-06,0.8479792636632921,0.9585492014884949,0.9222797751426697,0.8549222946166992,0.984455943107605,0.4663212299346924,0.482782,0.3155,VC
2026-09-20,0.8408585786819458,0.9040403962135315,0.9797979593276978,0.9646464586257935,0.6060606241226196,0.4747474789619446,0.494911,0.3155,VC
2026-10-02,0.4123376677930355,0.20346319675445557,0.523809552192688,0.588744580745697,0.1818181872367859,0.3549783527851105,0.504866,0.3155,VC
2025-10-05,0.160397,0.0,0.13913,0.481435,0.0,0.121739,0.497721,0.6,TD
2025-10-19,0.145315,0.010309,0.103093,0.499459,0.025773,0.07732,0.488908,0.6,TD
2025-11-02,0.36163366556167603,0.4108910858631134,0.37128713726997375,0.31683167815208435,0.5297029614448547,0.19306930899620056,0.488767,0.6,TD
2025-11-16,0.5077777707576752,0.5410627722740173,0.6425120830535889,0.3864734172821045,0.6714975833892822,0.18840579688549042,0.494103,0.6,TD
2025-11-30,0.115066,0.0,0.065041,0.473943,0.01626,0.03252,0.491394,0.6,TD
2025-12-14,0.13343,0.0,0.105263,0.475197,0.0,0.059211,0.487307,0.6,TD
2025-12-28,0.143204,0.0,0.118812,0.465545,0.0,0.089109,0.490435,0.6,TD
2026-01-11,0.08135,0.0,0.025,0.4075,0.0,0.0,0.492711,0.24,TD
2026-01-25,0.122443,0.015873,0.079365,0.458016,0.0,0.047619,0.493434,0.378,TD
2026-02-08,0.168718,0.0,0.157895,0.481184,0.0,0.131579,0.49046,0.228,TD
2026-02-22,0.6898989862203598,0.7929292917251587,0.6363636255264282,0.747474730014801,0.9040403962135315,0.4848484992980957,0.500981,0.6,TD
2026-03-08,0.3977142886817456,0.18571428954601288,0.27142858505249023,0.380952388048172,0.5571428537368774,0.7190476059913635,0.496685,0.6,TD
2026-03-22,0.147293,0.0,0.122807,0.436228,0.0,0.122807,0.485629,0.342,TD
2026-04-05,0.218942,0.0,0.237288,0.539322,0.016949,0.186441,0.486213,0.354,TD
2026-04-19,0.8404145127534867,0.7202072739601135,0.8652849793434143,0.8134714961051941,0.9274611473083496,0.7772020697593689,0.489637,0.6,TD
2026-05-03,0.6334020665287972,0.4536082446575165,0.6443299055099487,0.6855670213699341,0.5876288414001465,0.7268041372299194,0.491146,0.6,TD
2026-05-17,0.155117,0.0,0.121951,0.514878,0.0,0.097561,0.496281,0.246,TD
2026-05-31,0.160543,0.032258,0.11828,0.502419,0.0,0.107527,0.488225,0.558,TD
2026-06-14,0.068992,0.0,0.0,0.383289,0.0,0.0,0.504125,0.228,TD
2026-06-28,0.6801005071401596,0.7537688612937927,0.5778894424438477,0.8241205811500549,0.6281406879425049,0.5326633453369141,0.48677,0.6,TD
2026-07-12,0.4733152151107788,0.25,0.33695653080940247,0.6086956262588501,0.554347813129425,0.77173912525177,0.491991,0.6,TD
2026-07-26,0.6196256649494172,0.7700534462928772,0.47593581676483154,0.7058823704719543,0.8181818127632141,0.4545454680919647,0.487787,0.6,TD
2026-08-09,0.096835,0.0,0.060606,0.430227,0.0,0.0,0.502639,0.396,TD
2026-08-23,0.117331,0.0,0.074074,0.495463,0.0,0.018519,0.495325,0.324,TD
2026-09-06,0.6609844440221786,0.7305699586868286,0.6735751032829285,0.5233160853385925,0.8963730335235596,0.5129533410072327,0.488235,0.6,TD
2026-09-20,0.8416161513328554,0.8535353541374207,0.7727272510528564,0.808080792427063,0.8181818127632141,0.9494949579238892,0.490052,0.6,TD
2026-10-02,0.40554112672805787,0.5064935088157654,0.25974026322364807,0.6753246784210205,0.3073593080043793,0.31168830394744873,0.498999,0.6,TD
2025-10-05,0.126758,0.038938,0.095575,0.44885,0.00531,0.030088,0.495143,0.6,IT
2025-10-19,0.131248,0.02693,0.098743,0.444695,0.0,0.059246,0.496118,0.6,IT
2025-11-02,0.5945049455761909,0.5148515105247498,0.6336633563041687,0.12871287763118744,0.8217821717262268,0.6930692791938782,0.493736,0.6,IT
2025-11-16,0.43400965325534346,0.43478259444236755,0.4444444477558136,0.12077295035123825,0.3526569902896881,0.6086956262588501,0.502821,0.6,IT
2025-11-30,0.116006,0.004706,0.084706,0.435718,0.007059,0.037647,0.500262,0.6,IT
2025-12-14,0.116195,0.003831,0.084291,0.433736,0.003831,0.042146,0.496611,0.6,IT
2025-12-28,0.157299,0.009524,0.188095,0.459464,0.007143,0.05,0.490394,0.6,IT
2026-01-11,0.106593,0.003534,0.074205,0.414523,0.010601,0.028269,0.495249,0.6,IT
2026-01-25,0.100267,0.0,0.059016,0.418967,0.006557,0.022951,0.498274,0.6,IT
2026-02-08,0.124118,0.018135,0.080311,0.456528,0.002591,0.051813,0.496244,0.6,IT
2026-02-22,0.38272726804018026,0.1818181872367859,0.35353535413742065,0.13131313025951385,0.5050504803657532,0.6616161465644836,0.498379,0.6,IT
2026-03-08,0.5298095330595971,0.4333333373069763,0.5523809790611267,0.11428571492433548,0.5523809790611267,0.7095237970352173,0.493954,0.6,IT
2026-03-22,0.131856,0.021605,0.104938,0.470185,0.006173,0.037037,0.492371,0.6,IT
2026-04-05,0.12121,0.002198,0.094505,0.440055,0.010989,0.043956,0.490887,0.6,IT
2026-04-19,0.7762176209688187,0.7046632170677185,0.7823834419250488,0.7253885865211487,0.6010362505912781,0.8549222946166992,0.495937,0.6,IT
2026-05-03,0.516288660466671,0.45876288414001465,0.4845360815525055,0.4536082446575165,0.3969072103500366,0.623711347579956,0.487467,0.6,IT
2026-05-17,0.131406,0.005505,0.108257,0.455826,0.018349,0.051376,0.491643,0.6,IT
2026-05-31,0.116698,0.005362,0.08311,0.432802,0.002681,0.045576,0.500809,0.6,IT
2026-06-14,0.11199,0.009174,0.076453,0.443777,0.030581,0.015291,0.500218,0.6,IT
2026-06-28,0.42844222337007526,0.26633167266845703,0.311557799577713,0.4271356761455536,0.41206029057502747,0.7035176157951355,0.495736,0.6,IT
2026-07-12,0.5254347807168961,0.679347813129425,0.592391312122345,0.2771739065647125,0.842391312122345,0.2663043439388275,0.498683,0.6,IT
2026-07-26,0.6977540165185928,0.7005347609519958,0.6417112350463867,0.6684492230415344,0.7700534462928772,0.6417112350463867,0.490648,0.6,IT
2026-08-09,0.147862,0.012618,0.138801,0.475678,0.0347,0.053628,0.48964,0.6,IT
2026-08-23,0.105893,0.006329,0.056962,0.425142,0.0,0.041139,0.499447,0.6,IT
2026-09-06,0.5645595856010914,0.39896371960639954,0.5699481964111328,0.2694300413131714,0.5077720284461975,0.8445596098899841,0.497648,0.6,IT
2026-09-20,0.46025252491235735,0.28787878155708313,0.4444444477558136,0.27272728085517883,0.7121211886405945,0.6212121248245239,0.497531,0.6,IT
2026-10-02,0.39887446820735933,0.17748917639255524,0.29004329442977905,0.3636363744735718,0.47186148166656494,0.6320346593856812,0.496298,0.6,IT
2025-02-23,0.7461352624744177,0.9468598961830139,0.8115941882133484,0.9178743958473206,0.1111111119389534,0.483091801404953,0.9178743958473206,0.0804,FIN
2025-03-09,0.23620192104950546,0.004807692486792803,0.10576923191547394,0.7067307829856873,0.16346153616905212,0.29326921701431274,0.1586538404226303,0.0804,FIN
2025-04-20,0.30131707772612576,0.10731707513332367,0.014634146355092525,0.6926829218864441,0.10731707513332367,0.6048780679702759,0.35121950507164,0.0804,FIN
2025-11-30,0.39656716659665103,0.1890547275543213,0.482587069272995,0.646766185760498,0.13432836532592773,0.30845770239830017,0.6815920472145081,0.0804,FIN
2025-10-05,0.0627,0.0,0.0,0.348333,0.0,0.0,0.503753,0.18,PP
2025-10-19,0.196875,0.0,0.225,0.49375,0.0,0.15,0.511094,0.24,PP
2025-11-02,0.15777227625250814,0.0445544570684433,0.009900989942252636,0.32673266530036926,0.20792078971862793,0.301980197429657,0.495087,0.5753,PP
2025-11-16,0.21821255818009377,0.1497584581375122,0.0917874425649643,0.32367148995399475,0.19323670864105225,0.33816424012184143,0.499663,0.5753,PP
2025-11-30,0.073611,0.0,0.0,0.408947,0.0,0.0,0.506581,0.114,PP
2025-12-14,0.069413,0.0,0.0,0.385625,0.0,0.0,0.49701,0.096,PP
2025-12-28,0.137935,0.0,0.117647,0.400294,0.0,0.117647,0.493528,0.102,PP
2026-01-11,0.084,0.0,0.0,0.466667,0.0,0.0,0.509083,0.054,PP
2026-01-25,0.069638,0.0,0.0,0.386875,0.0,0.0,0.504277,0.048,PP
2026-02-08,0.0769,0.0,0.0,0.427222,0.0,0.0,0.512073,0.054,PP
2026-02-22,0.10863636516034603,0.06060606241226196,0.02525252476334572,0.3333333432674408,0.3585858643054962,0.035353533923625946,0.489885,0.5753,PP
2026-03-08,0.1892857167404145,0.10952381044626236,0.2142857164144516,0.08571428805589676,0.4809523820877075,0.19523809850215912,0.51745,0.5753,PP
2026-03-22,0.129135,0.1,0.05,0.45075,0.0,0.05,0.507881,0.12,PP
2026-04-19,0.8816580277681351,0.9481865167617798,0.984455943107605,0.9792746305465698,0.9533678889274597,0.4559585452079773,0.481686,0.5753,PP
2026-05-03,0.3267010291665793,0.12886597216129303,0.19587628543376923,0.5824742317199707,0.27319586277008057,0.5824742317199707,0.518601,0.5753,PP
2026-05-17,0.061848,0.0,0.0,0.3436,0.0,0.0,0.514509,0.15,PP
2026-05-31,0.065963,0.0,0.0,0.366458,0.0,0.0,0.52899,0.144,PP
2026-06-14,0.0837,0.0,0.0,0.465,0.0,0.0,0.491779,0.048,PP
2026-06-28,0.41788944296538827,0.18090452253818512,0.3668341636657715,0.5778894424438477,0.6834170818328857,0.5778894424438477,0.505686,0.5753,PP
2026-07-12,0.3054347865283489,0.08695652335882187,0.22826087474822998,0.46739131212234497,0.32065218687057495,0.4945652186870575,0.507761,0.5753,PP
2026-07-26,0.5556149673461914,0.5721924901008606,0.4491978585720062,0.625668466091156,0.7219251394271851,0.48663100600242615,0.49146,0.5753,PP
2026-08-09,0.108786,0.0,0.045455,0.462955,0.0,0.045455,0.48701,0.132,PP
2026-08-23,0.077529,0.0,0.0,0.430714,0.0,0.0,0.540841,0.042,PP
2026-09-06,0.59321244597435,0.5595855116844177,0.606217622756958,0.5958549380302429,0.7046632170677185,0.4455958604812622,0.485988,0.5753,PP
2026-09-20,0.26717171490192415,0.1262626200914383,0.13131313025951385,0.5757575631141663,0.2929292917251587,0.4141414165496826,0.506658,0.5753,PP
2026-10-02,0.3937662358582019,0.44155845046043396,0.2380952388048172,0.7272727489471436,0.22510822117328644,0.4502164423465729,0.501425,0.5753,PP
2025-10-05,0.128763,0.0,0.125,0.493125,0.0,0.0,0.479347,0.048,HR
2025-10-19,0.191736,0.0,0.181818,0.499545,0.0,0.181818,0.507853,0.066,HR
2025-11-02,0.5929703041538597,0.6386138796806335,0.8762376308441162,0.8663366436958313,0.024752475321292877,0.10891088843345642,0.492781,0.5505,HR
2025-11-16,0.7284057957679033,0.9323671460151672,0.990338146686554,0.966183602809906,0.06763284653425217,0.11594203114509583,0.496741,0.5505,HR
2025-11-30,0.264167,0.111111,0.222222,0.652778,0.0,0.222222,0.465302,0.054,HR
2025-12-14,0.171783,0.0,0.166667,0.435833,0.0,0.166667,0.487316,0.036,HR
2025-12-28,0.0654,0.0,0.0,0.363333,0.0,0.0,0.50693,0.054,HR
2026-01-11,0.073671,0.0,0.0,0.409286,0.0,0.0,0.497895,0.042,HR
2026-02-08,0.123127,0.0,0.133333,0.447,0.0,0.0,0.49967,0.09,HR
2026-02-22,0.09,0.0,0.0,0.5,0.0,0.0,0.5,0.006,HR
2026-03-08,0.8795714199542999,0.9142857193946838,0.7952380776405334,0.8238095045089722,0.9238095283508301,0.9333333373069763,0.46807,0.5505,HR
2026-03-22,0.4111,0.0,0.5,0.728333,0.0,0.5,0.493965,0.036,HR
2026-04-05,0.0732,0.0,0.0,0.406667,0.0,0.0,0.508561,0.054,HR
2026-05-17,0.173086,0.0,0.142857,0.517143,0.0,0.142857,0.480373,0.042,HR
2026-05-31,0.160287,0.0,0.133333,0.475667,0.0,0.133333,0.494912,0.09,HR
2026-06-14,0.300667,0.0,0.333333,0.633333,0.0,0.333333,0.475285,0.054,HR
2026-06-28,0.19381909355521204,0.08040200918912888,0.15075376629829407,0.2613065242767334,0.15075376629829407,0.2964824140071869,0.496119,0.5505,HR
2026-07-12,0.4361956486105919,0.2554347813129425,0.625,0.29891303181648254,0.5597826242446899,0.29891303181648254,0.473499,0.5505,HR
2026-07-26,0.3508021360635758,0.1925133615732193,0.49197861552238464,0.29946523904800415,0.14973261952400208,0.31550800800323486,0.507738,0.5505,HR
2026-08-09,0.178091,0.181818,0.090909,0.504545,0.0,0.090909,0.474555,0.066,HR
2026-08-23,0.120983,0.0,0.086957,0.459565,0.0,0.043478,0.49662,0.138,HR
2026-09-06,0.7123316133022308,0.818652868270874,0.7668393850326538,0.7772020697593689,0.9274611473083496,0.2849740982055664,0.459431,0.5505,HR
2026-09-20,0.16808080822229382,0.08080808073282242,0.08080808073282242,0.28282827138900757,0.1515151560306549,0.29797980189323425,0.505996,0.5505,HR
2026-10-02,0.39181817159056664,0.25974026322364807,0.5974025726318359,0.23376622796058655,0.8051947951316833,0.20346319675445557,0.501838,0.5505,HR
2025-10-05,0.131464,0.0,0.128205,0.502436,0.0,0.0,0.48126,0.234,AL
2025-10-19,0.0828,0.0,0.0,0.46,0.0,0.0,0.495114,0.084,AL
2025-11-02,0.35485148668289185,0.26237624883651733,0.1435643583536148,0.5396039485931396,0.29207921028137207,0.5198019742965698,0.489242,0.5691,AL
2025-11-16,0.8447343182563783,0.9130434989929199,0.9275362491607666,0.8309178948402405,0.9806763529777527,0.5314009785652161,0.48745,0.5691,AL
2025-11-30,0.256216,0.0,0.473684,0.581316,0.0,0.0,0.477067,0.114,AL
2025-12-14,0.162265,0.0,0.189189,0.457027,0.0,0.081081,0.486949,0.222,AL
2025-12-28,0.100579,0.0,0.071429,0.431786,0.0,0.0,0.475964,0.084,AL
2026-01-11,0.06885,0.0,0.0,0.3825,0.0,0.0,0.510638,0.012,AL
2026-01-25,0.185238,0.018868,0.188679,0.572075,0.0,0.075472,0.464637,0.318,AL
2026-02-08,0.114671,0.0,0.142857,0.383095,0.0,0.0,0.478431,0.126,AL
2026-02-22,0.812070718407631,0.8737373948097229,0.9141414165496826,0.8888888955116272,0.691919207572937,0.4545454680919647,0.469281,0.5691,AL
2026-03-08,0.44661905199289326,0.5857142806053162,0.2666666805744171,0.5285714268684387,0.2857142984867096,0.48571428656578064,0.498984,0.5691,AL
2026-03-22,0.163547,0.0,0.235294,0.490294,0.0,0.0,0.479806,0.102,AL
2026-04-05,0.368378,0.0,0.608696,0.674565,0.0,0.217391,0.473099,0.138,AL
2026-04-19,0.35326425353996455,0.29015544056892395,0.6683937907218933,0.015544041059911251,0.9067357778549194,0.015544041059911251,0.501943,0.5691,AL
2026-05-03,0.5151546441763639,0.7474226951599121,0.7783505320549011,0.025773195549845695,0.8041236996650696,0.025773195549845695,0.490342,0.5691,AL
2026-05-17,0.266144,0.038462,0.346154,0.582212,0.019231,0.173077,0.471341,0.312,AL
2026-05-31,0.206011,0.064516,0.193548,0.556694,0.0,0.129032,0.487893,0.372,AL
2026-06-14,0.205281,0.09375,0.21875,0.564063,0.0,0.0625,0.4719,0.384,AL
2026-06-28,0.427336672693491,0.6130653023719788,0.3366834223270416,0.7437185645103455,0.5075376629829407,0.02512562833726406,0.483887,0.5691,AL
2026-07-12,0.7103804334998131,0.8586956262588501,0.885869562625885,0.8804348111152649,0.929347813129425,0.016304347664117813,0.475698,0.5691,AL
2026-07-26,0.2449197870492935,0.29411765933036804,0.3368983864784241,0.03208556026220322,0.4331550896167755,0.03208556026220322,0.490946,0.5691,AL
2026-08-09,0.519741,0.0,0.705882,0.848235,0.0,0.588235,0.481086,0.102,AL
2026-08-23,0.1875,0.0,0.25,0.375,0.0,0.166667,0.471025,0.072,AL
2026-09-06,0.334533,0.0,0.666667,0.673333,0.0,0.0,0.450581,0.018,AL
2026-09-20,0.8526262700557709,0.747474730014801,0.8737373948097229,0.8131313323974609,0.7777777910232544,0.8989899158477783,0.476736,0.5691,AL
2026-10-02,0.38142857752740383,0.5194805264472961,0.5584415793418884,0.021645022556185722,0.4025973975658417,0.021645022556185722,0.493227,0.5691,AL
2025-10-05,0.03888,0.0,0.0,0.216,0.0,0.0,0.493202,0.03,UV
2025-10-19,0.134933,0.0,0.111111,0.508889,0.111111,0.0,0.479317,0.054,UV
2025-11-02,0.49554454907774925,0.5643564462661743,0.6633663177490234,0.2524752616882324,0.8811880946159363,0.21287128329277039,0.489255,0.5196,UV
2025-11-30,0.174146,0.0,0.153846,0.488846,0.0,0.153846,0.504296,0.078,UV
2025-12-14,0.082477,0.0,0.017544,0.427018,0.0,0.0,0.492395,0.342,UV
2025-12-28,0.476091,0.0,0.636364,0.786364,0.0,0.545455,0.46212,0.066,UV
2026-01-11,0.1292,0.25,0.0,0.44,0.0,0.0,0.478971,0.024,UV
2026-02-08,0.193011,0.0,0.222222,0.455,0.0,0.166667,0.505504,0.108,UV
2026-02-22,0.9198989886045454,0.9242424368858337,0.9292929172515869,0.8030303120613098,0.9797979593276978,0.9141414165496826,0.484887,0.5196,UV
2026-03-08,0.3777619105577469,0.4476190507411957,0.41428571939468384,0.2380952388048172,0.3380952477455139,0.22380952537059784,0.491755,0.5196,UV
2026-03-22,0.4473,0.0,0.5625,0.735,0.0,0.5625,0.459404,0.096,UV
2026-04-05,0.040071,0.0,0.0,0.222619,0.0,0.0,0.511267,0.126,UV
2026-04-19,0.6058549204468727,0.47668394446372986,0.6632124185562134,0.6891191601753235,0.9170984625816345,0.4715026021003723,0.494265,0.5196,UV
2026-05-03,0.8592268139123916,0.9123711585998535,0.9278350472450256,0.8917526006698608,0.9639175534248352,0.5515463948249817,0.496421,0.5196,UV
2026-05-17,0.0615,0.0,0.0,0.341667,0.0,0.0,0.46872,0.072,UV
2026-05-31,0.374,0.0,0.666667,0.633333,0.666667,0.0,0.483725,0.018,UV
2026-06-14,0.099,0.0,0.0,0.55,0.0,0.0,0.469978,0.012,UV
2026-06-28,0.5802512532472611,0.42211055755615234,0.6532663106918335,0.6633166074752808,0.909547746181488,0.4673366844654083,0.493824,0.5196,UV
2026-07-12,0.40798912242054935,0.5,0.21739129722118378,0.554347813129425,0.28260868787765503,0.5652173757553101,0.497651,0.5196,UV
2026-07-26,0.41860963337123397,0.13903743028640747,0.3796791434288025,0.5668449401855469,0.7647058963775635,0.5668449401855469,0.498113,0.5196,UV
2026-08-09,0.116129,0.142857,0.0,0.486429,0.0,0.0,0.499498,0.042,UV
2026-08-23,0.4105,0.0,0.5,0.725,0.0,0.5,0.446686,0.012,UV
2026-09-06,0.3937305638194084,0.3056994676589966,0.19170984625816345,0.7305699586868286,0.24870465695858002,0.5388600826263428,0.46117,0.5196,UV
2026-09-20,0.7,0.0,1.0,1.0,0.0,1.0,0.473773,0.024,UV
2026-10-02,0.3724675323069096,0.35930734872817993,0.33766233921051025,0.5800865888595581,0.2943722903728485,0.33766233921051025,0.507431,0.5196,UV
2025-10-05,0.2545,0.0,0.318182,0.525,0.0,0.242424,0.479083,0.396,AJ
2025-10-19,0.113226,0.0,0.104575,0.395556,0.03268,0.026144,0.498945,0.6,AJ
2025-11-02,0.42633663728833193,0.19801980257034302,0.40594059228897095,0.5346534848213196,0.7029703259468079,0.5099009871482849,0.510268,0.6,AJ
2025-11-16,0.617246367931366,0.47342994809150696,0.772946834564209,0.5410627722740173,0.5652173757553101,0.5024154782295227,0.506103,0.6,AJ
2025-11-30,0.130616,0.005025,0.165829,0.409899,0.005025,0.01005,0.501097,0.6,AJ
2025-12-14,0.09381,0.0,0.077922,0.365325,0.0,0.012987,0.518727,0.462,AJ
2025-12-28,0.055645,0.0125,0.0,0.29525,0.0,0.0,0.512606,0.48,AJ
2026-01-11,0.127701,0.012987,0.12987,0.407143,0.012987,0.038961,0.503243,0.462,AJ
2026-01-25,0.062247,0.0,0.017544,0.307807,0.017544,0.0,0.51884,0.342,AJ
2026-02-08,0.116596,0.0,0.110294,0.412463,0.0,0.029412,0.496188,0.6,AJ
2026-02-22,0.44030302554368966,0.22727273404598236,0.469696968793869,0.5404040217399597,0.7575757503509521,0.4595959484577179,0.503451,0.6,AJ
2026-03-08,0.8232857078313827,0.8142856955528259,0.7428571581840515,0.7857142686843872,0.9428571462631226,0.8142856955528259,0.487682,0.6,AJ
2026-03-22,0.139729,0.017241,0.12069,0.450603,0.0,0.068966,0.485255,0.348,AJ
2026-04-05,0.126572,0.0,0.13,0.4454,0.0,0.02,0.471781,0.6,AJ
2026-04-19,0.49373056752607225,0.5958549380302429,0.8341968655586243,0.020725388079881668,0.9689119458198547,0.020725388079881668,0.496574,0.6,AJ
2026-05-03,0.6405670049972833,0.6340206265449524,0.8041236996650696,0.030927835032343864,0.469072163105011,0.7319587469100952,0.501894,0.6,AJ
2026-05-17,0.088166,0.005208,0.028646,0.401849,0.0,0.023438,0.50751,0.6,AJ
2026-05-31,0.107295,0.006211,0.080745,0.410093,0.006211,0.024845,0.515822,0.6,AJ
2026-06-14,0.104743,0.0,0.070312,0.403086,0.03125,0.03125,0.511385,0.6,AJ
2026-06-28,0.20964823758695278,0.3216080367565155,0.286432147026062,0.02512562833726406,0.43718594312667847,0.015075377188622952,0.508018,0.6,AJ
2026-07-12,0.5894565220177174,0.75,0.77173912525177,0.820652186870575,0.4021739065647125,0.021739130839705467,0.492026,0.6,AJ
2026-07-26,0.2951336954534054,0.32085561752319336,0.4331550896167755,0.02139037474989891,0.6684492230415344,0.02139037474989891,0.498381,0.6,AJ
2026-08-09,0.098078,0.0,0.05814,0.405988,0.011628,0.023256,0.517741,0.516,AJ
2026-08-23,0.068817,0.006579,0.006579,0.354539,0.0,0.006579,0.513559,0.6,AJ
2026-09-06,0.11865284999832511,0.07772020995616913,0.196891188621521,0.020725388079881668,0.34196892380714417,0.015544041059911251,0.507289,0.6,AJ
2026-09-20,0.1989898966252804,0.26767677068710327,0.28282827138900757,0.03030303120613098,0.44949495792388916,0.03030303120613098,0.503651,0.6,AJ
2026-10-02,0.37242424727417534,0.3982684016227722,0.6406926512718201,0.025974025949835777,0.761904776096344,0.012987012974917889,0.499529,0.6,AJ
2025-10-05,0.080925,0.0,0.057692,0.347019,0.0,0.0,0.517487,0.312,TZ
2025-10-19,0.120679,0.0,0.104478,0.425,0.0,0.044776,0.496438,0.402,TZ
2025-11-02,0.9150000077486038,0.9554455280303955,0.8366336822509766,0.9207921028137207,0.8762376308441162,0.8366336822509766,0.472078,0.6,TZ
2025-11-16,0.378309173732996,0.11594203114509583,0.3140096664428711,0.2222222238779068,0.49275362491607666,0.7053139805793762,0.51158,0.6,TZ
2025-11-30,0.142996,0.0,0.122807,0.492281,0.035088,0.052632,0.477634,0.342,TZ
2025-12-14,0.084252,0.0,0.021739,0.400435,0.0,0.021739,0.502044,0.276,TZ
2025-12-28,0.178231,0.057143,0.2,0.472714,0.057143,0.057143,0.483217,0.21,TZ
2026-01-11,0.100002,0.015873,0.063492,0.403889,0.0,0.015873,0.509107,0.378,TZ
2026-01-25,0.082189,0.0,0.016393,0.427459,0.0,0.0,0.50926,0.366,TZ
2026-02-08,0.090002,0.02,0.04,0.3989,0.02,0.0,0.514691,0.3,TZ
2026-02-22,0.25964646220207216,0.04040404036641121,0.1515151560306549,0.2373737394809723,0.2626262605190277,0.6010100841522217,0.519432,0.6,TZ
2026-03-08,0.2459047681093216,0.14761905372142792,0.2809523940086365,0.2142857164144516,0.5476190447807312,0.21904762089252472,0.509523,0.6,TZ
2026-03-22,0.090047,0.0,0.042553,0.367872,0.0,0.042553,0.51704,0.282,TZ
2026-04-05,0.093984,0.0,0.0625,0.386719,0.0625,0.0,0.502808,0.192,TZ
2026-04-19,0.5528497421741486,0.5233160853385925,0.38860103487968445,0.6735751032829285,0.2590673565864563,0.8756476640701294,0.503098,0.6,TZ
2026-05-03,0.33969071686267854,0.24226804077625275,0.17010308802127838,0.7113401889801025,0.2525773048400879,0.5103092789649963,0.511088,0.6,TZ
2026-05-17,0.092007,0.0,0.037037,0.395926,0.0,0.037037,0.502243,0.162,TZ
2026-05-31,0.094551,0.0,0.057971,0.402899,0.0,0.014493,0.504942,0.414,TZ
2026-06-14,0.098378,0.0,0.054054,0.378378,0.0,0.054054,0.519433,0.222,TZ
2026-06-28,0.6542211076617241,0.7035176157951355,0.6331658363342285,0.733668327331543,0.80402010679245,0.45728641748428345,0.492174,0.6,TZ
2026-07-12,0.4026086987555027,0.4728260934352875,0.18478260934352875,0.54347825050354,0.27173912525177,0.5597826242446899,0.51235,0.6,TZ
2026-07-26,0.30577539637684825,0.14438502490520477,0.13903743028640747,0.5401069521903992,0.26737967133522034,0.5561497211456299,0.526435,0.6,TZ
2026-08-09,0.087924,0.02439,0.02439,0.385488,0.0,0.02439,0.502521,0.246,TZ
2026-08-23,0.101468,0.0,0.052632,0.446754,0.0,0.017544,0.5015,0.342,TZ
2026-09-06,0.8901036310195923,0.8445596098899841,0.9274611473083496,0.8860103487968445,0.7253885865211487,0.9481865167617798,0.495896,0.6,TZ
2026-09-20,0.4172222204506397,0.17171716690063477,0.23232322931289673,0.6515151262283325,0.2626262605190277,0.7777777910232544,0.50738,0.6,TZ
2026-10-02,0.36891775548458094,0.3030303120613098,0.27272728085517883,0.6406926512718201,0.5584415793418884,0.38528138399124146,0.508434,0.6,TZ
2025-10-05,0.153871,0.011905,0.178571,0.471905,0.011905,0.035714,0.478317,0.504,ES
2025-10-19,0.127254,0.0,0.111111,0.454762,0.031746,0.031746,0.480522,0.378,ES
2025-11-02,0.6384653335809708,0.6782178282737732,0.6930692791938782,0.6831682920455933,0.8514851331710815,0.41584157943725586,0.487361,0.5938,ES
2025-11-16,0.6556521618366242,0.6618357300758362,0.5797101259231567,0.5169082283973694,0.8502415418624878,0.6618357300758362,0.469847,0.5938,ES
2025-11-30,0.213661,0.0,0.304348,0.53,0.0,0.086957,0.472934,0.138,ES
2025-12-14,0.18342,0.0,0.237288,0.500169,0.016949,0.067797,0.478375,0.354,ES
2025-12-28,0.132753,0.012346,0.123457,0.504321,0.0,0.0,0.473019,0.486,ES
2026-01-11,0.271903,0.0,0.473684,0.598289,0.0,0.052632,0.464751,0.228,ES
2026-01-25,0.067275,0.0,0.0,0.37375,0.0,0.0,0.481765,0.024,ES
2026-02-08,0.088759,0.0,0.058824,0.388529,0.0,0.0,0.490837,0.102,ES
2026-02-22,0.59055555280298,0.3030303120613098,0.6969696879386902,0.7222222089767456,0.02525252476334572,0.939393937587738,0.491538,0.5938,ES
2026-03-08,0.7837619090080261,0.6047618985176086,0.8285714387893677,0.6190476417541504,0.8952381014823914,0.961904764175415,0.487866,0.5938,ES
2026-03-22,0.091354,0.0,0.076923,0.370769,0.0,0.0,0.466593,0.156,ES
2026-04-05,0.117294,0.0,0.0625,0.457188,0.0,0.0625,0.475797,0.096,ES
2026-04-19,0.7544041419029236,0.9067357778549194,0.8860103487968445,0.8341968655586243,0.9585492014884949,0.20207254588603973,0.488786,0.5938,ES
2026-05-03,0.7434020615369082,0.623711347579956,0.7525773048400879,0.7783505320549011,0.12371134012937546,0.8608247637748718,0.483553,0.5938,ES
2026-05-17,0.195494,0.0,0.176471,0.537059,0.0,0.176471,0.494027,0.102,ES
2026-05-31,0.136131,0.0,0.125,0.534062,0.0,0.0,0.4804,0.096,ES
2026-06-14,0.07572,0.0,0.0,0.420667,0.0,0.0,0.494998,0.09,ES
2026-06-28,0.21844221610575915,0.2512562870979309,0.29145729541778564,0.22110553085803986,0.10552763938903809,0.11557789146900177,0.500126,0.5938,ES
2026-07-12,0.7801630485057831,0.907608687877655,0.95652174949646,0.842391312122345,0.967391312122345,0.22282609343528748,0.491243,0.5938,ES
2026-07-26,0.26598930329084397,0.24598930776119232,0.1925133615732193,0.1978609561920166,0.4545454680919647,0.1978609561920166,0.480717,0.5938,ES
2026-08-09,0.075356,0.0,0.111111,0.221111,0.0,0.0,0.478423,0.054,ES
2026-08-23,0.3075,0.142857,0.285714,0.660714,0.0,0.285714,0.479047,0.042,ES
2026-09-06,0.9738860106468199,0.9792746305465698,0.9740932583808899,0.9740932583808899,0.9637305736541748,0.8134714961051941,0.47224,0.5938,ES
2026-09-20,0.8124242447316646,0.7878788113594055,0.8585858345031738,0.8232323527336121,0.10101009905338287,1.0,0.480916,0.5938,ES
2026-10-02,0.3685714286565781,0.23376622796058655,0.21212121844291687,0.7705627679824829,0.29004329442977905,0.2770562767982483,0.482546,0.5938,ES
2025-07-27,0.44137930706143375,0.6354680061340332,0.7487684488296509,0.1231527104973793,0.15270936489105225,0.07389162480831146,0.45812806487083435,0.1423,ITA
2025-08-10,0.6027669831365348,0.9514563083648682,0.6796116232872009,0.8834951519966125,0.1456310749053955,0.014563106931746006,0.8834951519966125,0.1423,ITA
2025-09-07,0.7050961654633283,0.875,0.879807710647583,0.8509615659713745,0.9278846383094788,0.12019230425357819,0.8509615659713745,0.1423,ITA
2025-09-21,0.12604999952018262,0.20999999344348907,0.07500000298023224,0.11999999731779099,0.10999999940395355,0.125,0.07500000298023224,0.1423,ITA
2025-10-19,0.6012169367820025,0.8994709253311157,0.761904776096344,0.7407407164573669,0.10052909702062607,0.13227513432502747,0.7407407164573669,0.1423,ITA
2026-04-05,0.8766842128336431,0.9157894849777222,0.9526315927505493,0.9368420839309692,0.12631578743457794,0.9736841917037964,0.37368419766426086,0.1423,ITA
2026-05-31,0.3674242432415486,0.20202019810676575,0.560606062412262,0.43939393758773804,0.14141413569450378,0.22727273404598236,0.13636364042758942,0.1423,ITA
2025-10-05,0.094175,0.05,0.05,0.37875,0.0,0.0,0.490833,0.12,ML
2025-10-19,0.196478,0.0,0.217391,0.58913,0.0,0.086957,0.497359,0.138,ML
2025-11-02,0.9095544534921646,0.8217821717262268,0.9356435537338257,0.8762376308441162,0.8465346693992615,0.9900990128517151,0.472771,0.5753,ML
2025-11-16,0.7497101509105414,0.8454106450080872,0.6570048332214355,0.7922705411911011,0.009661835618317127,0.95652174949646,0.477661,0.5753,ML
2025-11-30,0.204952,0.0,0.2,0.5164,0.0,0.2,0.477131,0.15,ML
2025-12-14,0.151555,0.0,0.089286,0.564196,0.0,0.089286,0.468967,0.336,ML
2025-12-28,0.284773,0.045455,0.318182,0.602273,0.0,0.272727,0.460407,0.132,ML
2026-01-11,0.269543,0.0,0.285714,0.608571,0.0,0.285714,0.474583,0.042,ML
2026-01-25,0.213237,0.0,0.25,0.406875,0.0,0.25,0.483459,0.048,ML
2026-02-08,0.088796,0.0,0.038462,0.373654,0.0,0.038462,0.481556,0.156,ML
2026-02-22,0.081,0.0,0.0,0.45,0.0,0.0,0.47027,0.012,ML
2026-03-08,0.4105714196711779,0.9095237851142883,0.06190476194024086,0.938095211982727,0.1428571492433548,0.009523809887468815,0.475041,0.5753,ML
2026-03-22,0.219992,0.0,0.230769,0.504231,0.0,0.230769,0.484637,0.078,ML
2026-04-05,0.284443,0.0,0.347826,0.556087,0.0,0.304348,0.48858,0.138,ML
2026-04-19,0.4054922277480364,0.7927461266517639,0.11917098611593246,0.37823835015296936,0.2227979302406311,0.43523314595222473,0.517392,0.5753,ML
2026-05-03,0.9845876359939575,0.9948453903198242,0.9896907210350037,1.0,0.8505154848098755,1.0,0.47204,0.5753,ML
2026-05-17,0.120029,0.0,0.058824,0.483824,0.0,0.058824,0.496287,0.102,ML
2026-05-31,0.128257,0.0,0.142857,0.458571,0.0,0.0,0.49443,0.042,ML
2026-06-14,0.296767,0.0,0.333333,0.611667,0.0,0.333333,0.492182,0.036,ML
2026-07-12,0.7080978333950043,0.875,0.8097826242446899,0.7989130616188049,0.7228260636329651,0.25,0.490681,0.5753,ML
2026-07-26,0.502139053195715,0.5080214142799377,0.5080214142799377,0.2192513346672058,0.13368983566761017,0.7058823704719543,0.490388,0.5753,ML
2026-08-09,0.201454,0.041667,0.166667,0.554375,0.0,0.166667,0.476155,0.144,ML
2026-08-23,0.072409,0.0,0.0,0.402273,0.0,0.0,0.488141,0.066,ML
2026-09-06,0.0675,0.0,0.0,0.375,0.0,0.0,0.50969,0.024,ML
2026-09-20,0.9204545527696609,0.939393937587738,0.8888888955116272,0.9090909361839294,0.8888888955116272,0.939393937587738,0.483204,0.5753,ML
2026-10-02,0.3639393898844719,0.3160173296928406,0.19480518996715546,0.5151515007019043,0.35930734872817993,0.5281385183334351,0.501003,0.5753,ML
2025-10-05,0.070594,0.0,0.0,0.392188,0.0,0.0,0.491375,0.096,LI
2025-10-19,0.09855,0.0,0.0,0.5475,0.0,0.0,0.491455,0.048,LI
2025-11-02,0.13836633749306204,0.12376237660646439,0.19801980257034302,0.19801980257034302,0.18316832184791565,0.009900989942252636,0.498282,0.5691,LI
2025-11-16,0.6709661743044855,0.6908212304115295,0.8405796885490417,0.9275362491607666,0.9468598961830139,0.03864734247326851,0.475693,0.5691,LI
2025-11-30,0.3644,0.0,0.5,0.705,0.25,0.25,0.476522,0.024,LI
2025-12-14,0.220929,0.0,0.294118,0.547647,0.0,0.117647,0.469409,0.102,LI
2025-12-28,0.08469,0.0,0.033708,0.386854,0.022472,0.011236,0.50377,0.534,LI
2026-01-11,0.189776,0.0,0.238095,0.504048,0.0,0.095238,0.474551,0.126,LI
2026-01-25,0.09765,0.0,0.0,0.5425,0.0,0.0,0.482517,0.024,LI
2026-02-08,0.05058,0.0,0.0,0.281,0.0,0.0,0.515496,0.06,LI
2026-02-22,0.14782828493043781,0.13131313025951385,0.07070706784725189,0.10101009905338287,0.1666666716337204,0.2777777910232544,0.506994,0.5691,LI
2026-03-08,0.20390476651489736,0.4000000059604645,0.07619047909975052,0.17619048058986664,0.1666666716337204,0.17142857611179352,0.51686,0.5691,LI
2026-03-22,0.088646,0.010309,0.041237,0.393969,0.0,0.010309,0.505394,0.582,LI
2026-04-05,0.123125,0.25,0.0,0.40625,0.0,0.0,0.51016,0.024,LI
2026-04-19,0.42518134336918595,0.2590673565864563,0.6269429922103882,0.393782377243042,0.19170984625816345,0.4455958604812622,0.505329,0.5691,LI
2026-05-03,0.2243814380466938,0.05670103058218956,0.13917525112628937,0.3659793734550476,0.19587628543376923,0.3865979313850403,0.496267,0.5691,LI
2026-05-17,0.0972,0.0,0.0,0.54,0.0,0.0,0.495717,0.03,LI
2026-05-31,0.0631,0.0,0.0,0.350556,0.0,0.0,0.519574,0.054,LI
2026-06-14,0.206117,0.0,0.333333,0.5525,0.0,0.0,0.466725,0.036,LI
2026-06-28,0.16597990058362483,0.06532663106918335,0.11055276542901993,0.3819095492362976,0.1909547746181488,0.22110553085803986,0.500644,0.5691,LI
2026-07-12,0.22760869175195697,0.05978260934352875,0.10869564861059189,0.4021739065647125,0.21739129722118378,0.4021739065647125,0.497958,0.5691,LI
2026-07-26,0.2116577497124672,0.10695187002420425,0.06417112052440643,0.4331550896167755,0.12834224104881287,0.3850267231464386,0.523006,0.5691,LI
2026-08-09,0.090924,0.0,0.047619,0.420476,0.0,0.0,0.497036,0.126,LI
2026-08-23,0.091366,0.0,0.057143,0.406,0.0,0.0,0.481591,0.21,LI
2026-09-06,0.3322797971218825,0.3108808398246765,0.23834197223186493,0.4196891188621521,0.4196891188621521,0.37823835015296936,0.506261,0.5691,LI
2026-09-20,0.34606060981750486,0.29797980189323425,0.3636363744735718,0.4292929172515869,0.6464646458625793,0.19696970283985138,0.497397,0.5691,LI
2026-10-02,0.36251082956790925,0.34632036089897156,0.20779220759868622,0.2857142984867096,0.3246753215789795,0.5930736064910889,0.494391,0.5691,LI
2025-10-05,0.3186458406224847,0.265625,0.6510416865348816,0.15625,0.015625,0.0572916679084301,0.3645833432674408,0.5258,KOR
2025-11-02,0.06440593999344857,0.004950494971126318,0.004950494971126318,0.4207920730113983,0.004950494971126318,0.004950494971126318,0.06435643881559372,0.5258,KOR
2025-11-16,0.3313526564836502,0.33816424012184143,0.30917873978614807,0.41545894742012024,0.23188406229019165,0.3478260934352875,0.12560386955738068,0.5258,KOR
2025-11-30,0.47910448469221595,0.6318408250808716,0.5323383212089539,0.17412935197353363,0.8358209133148193,0.2885572016239166,0.5422885417938232,0.5258,KOR
2025-12-14,0.11065989766269921,0.020304568111896515,0.020304568111896515,0.15736040472984314,0.2791878283023834,0.24365481734275818,0.030456852167844772,0.5258,KOR
2025-12-28,0.08801020264625549,0.13265305757522583,0.020408162847161293,0.19387754797935486,0.12244898080825806,0.08163265138864517,0.051020409911870956,0.5258,KOR
2026-01-11,0.29836734622716904,0.8673469424247742,0.0714285746216774,0.15306122601032257,0.13265305757522583,0.16836734116077423,0.5357142686843872,0.5258,KOR
2026-01-25,0.43366491392254836,0.9581151604652405,0.12041884660720825,0.8376963138580322,0.13612565398216248,0.16230367124080658,0.8376963138580322,0.5258,KOR
2026-02-22,0.18106060784310102,0.24242424964904785,0.1111111119389534,0.16161616146564484,0.1262626200914383,0.1666666716337204,0.4595959484577179,0.5258,KOR
2026-03-08,0.38433333314955237,0.17619048058986664,0.4285714328289032,0.8428571224212646,0.19523809850215912,0.18095238506793976,0.8428571224212646,0.5258,KOR
2026-03-22,0.2269189190119505,0.4702702760696411,0.054054055362939835,0.16756756603717804,0.07567567378282547,0.15675675868988037,0.4810810685157776,0.5258,KOR
2026-04-05,0.7585789406299591,0.8578947186470032,0.8473684191703796,0.8631578683853149,0.621052622795105,0.41578948497772217,0.5736842155456543,0.5258,KOR
2026-04-19,0.2948186558485031,0.393782377243042,0.12953367829322815,0.40414509177207947,0.17616580426692963,0.409326434135437,0.17616580426692963,0.5258,KOR
2026-05-03,0.9260824847221375,0.907216489315033,0.9432989954948425,0.8505154848098755,0.9587628841400146,0.9742268323898315,0.7525773048400879,0.5258,KOR
2026-05-17,0.3094923873245716,0.4314720928668976,0.08629441261291504,0.4568527936935425,0.17258882522583008,0.3807106614112854,0.17766498029232025,0.5258,KOR
2026-05-31,0.44373738624155523,0.19696970283985138,0.5555555820465088,0.4545454680919647,0.8838383555412292,0.42424243688583374,0.09595959633588791,0.5258,KOR
2026-06-14,0.1364766825735569,0.036269430071115494,0.07253886014223099,0.23834197223186493,0.12435232847929001,0.24870465695858002,0.12435232847929001,0.5258,KOR
2026-06-28,0.25613065510988237,0.09045226126909256,0.17085427045822144,0.47236180305480957,0.17085427045822144,0.39698493480682373,0.2964824140071869,0.5258,KOR
2026-07-12,0.7197826063632966,0.7228260636329651,0.7989130616188049,0.72826087474823,0.9619565010070801,0.43478259444236755,0.5597826242446899,0.5258,KOR
2026-07-26,0.6580213932693005,0.6417112350463867,0.8449198007583618,0.7914438247680664,0.1818181872367859,0.4117647111415863,0.1764705926179886,0.5258,KOR
2026-08-23,0.4153005491197109,0.32786884903907776,0.5136612057685852,0.3169398903846741,0.8306010961532593,0.2950819730758667,0.3715847134590149,0.5258,KOR
2026-09-06,0.2076165760308504,0.2227979302406311,0.06735751032829285,0.43523314595222473,0.14507772028446198,0.2694300413131714,0.409326434135437,0.5258,KOR
2026-09-20,0.3203030380606652,0.12121212482452393,0.19696970283985138,0.469696968793869,0.1666666716337204,0.6060606241226196,0.1666666716337204,0.5258,KOR
2026-10-02,0.3599567038565874,0.6839826703071594,0.28138527274131775,0.29004329442977905,0.10389610379934311,0.28138527274131775,0.09090909361839294,0.5258,KOR
2025-10-05,0.088453,0.066667,0.0,0.417333,0.0,0.0,0.528889,0.09,TI
2025-10-19,0.0594,0.0,0.0,0.33,0.0,0.0,0.545455,0.006,TI
2025-11-02,0.6710395921766757,0.4455445408821106,0.7970296740531921,0.30693069100379944,0.896039605140686,0.9455445408821106,0.504696,0.433,TI
2025-11-16,0.17222221896052364,0.08212560415267944,0.13526569306850433,0.39613527059555054,0.1642512083053589,0.19323670864105225,0.497659,0.433,TI
2025-11-30,0.18475,0.0,0.125,0.6375,0.0,0.125,0.476437,0.048,TI
2025-12-28,0.076886,0.0,0.0,0.427143,0.0,0.0,0.477999,0.084,TI
2026-01-11,0.0369,0.0,0.0,0.205,0.0,0.0,0.5133,0.132,TI
2026-01-25,0.0864,0.0,0.0,0.48,0.0,0.0,0.537037,0.006,TI
2026-02-08,0.256171,0.0,0.285714,0.534286,0.0,0.285714,0.489222,0.042,TI
2026-02-22,0.5036363676190376,0.6616161465644836,0.16161616146564484,0.8131313323974609,0.3080808222293854,0.5101010203361511,0.468129,0.433,TI
2026-03-08,0.189467,0.0,0.333333,0.46,0.0,0.0,0.495936,0.018,TI
2026-04-05,0.0855,0.0,0.0,0.475,0.0,0.0,0.491912,0.012,TI
2026-05-03,0.4134020548313856,0.20618556439876556,0.34020617604255676,0.7010309100151062,0.6288659572601318,0.530927836894989,0.515624,0.433,TI
2026-05-17,0.198462,0.0,0.230769,0.384615,0.0,0.230769,0.498832,0.078,TI
2026-05-31,0.07425,0.0,0.0,0.4125,0.0,0.0,0.498043,0.012,TI
2026-06-14,0.079705,0.05,0.0,0.38725,0.0,0.0,0.52392,0.12,TI
2026-06-28,0.2967839261889457,0.12562814354896545,0.1909547746181488,0.5326633453369141,0.26633167266845703,0.4422110617160797,0.507147,0.433,TI
2026-07-26,0.37139037251472473,0.25668448209762573,0.22994652390480042,0.51871657371521,0.6310160160064697,0.4331550896167755,0.493682,0.433,TI
2026-08-23,0.166486,0.0,0.142857,0.480476,0.0,0.142857,0.480957,0.126,TI
2026-09-06,0.0378,0.0,0.0,0.21,0.0,0.0,0.508371,0.018,TI
2026-10-02,0.35445887386798863,0.1515151560306549,0.3246753215789795,0.6666666865348816,0.5974025726318359,0.3246753215789795,0.494604,0.433,TI
2025-10-05,0.109271,0.0,0.077381,0.421875,0.0,0.035714,0.498486,0.6,CY
2025-10-19,0.109466,0.0,0.06278,0.439238,0.008969,0.040359,0.500343,0.6,CY
2025-11-02,0.33054455257952214,0.17326731979846954,0.301980197429657,0.4900990128517151,0.42574256658554077,0.4009900987148285,0.498709,0.6,CY
2025-11-16,0.30164251491427424,0.28985506296157837,0.15942029654979706,0.47826087474823,0.23671497404575348,0.38164252042770386,0.498785,0.6,CY
2025-11-30,0.070626,0.0,0.016129,0.357419,0.016129,0.0,0.505701,0.372,CY
2025-12-14,0.085111,0.0,0.030488,0.402378,0.0,0.012195,0.500529,0.6,CY
2025-12-28,0.099197,0.0,0.048,0.40176,0.0,0.048,0.498131,0.6,CY
2026-01-11,0.119905,0.0,0.1,0.443917,0.0,0.033333,0.501454,0.36,CY
2026-01-25,0.075963,0.010204,0.010204,0.388571,0.010204,0.0,0.505191,0.588,CY
2026-02-08,0.101199,0.0,0.069444,0.396319,0.013889,0.027778,0.492649,0.432,CY
2026-02-22,0.4644949446618557,0.4444444477558136,0.3181818127632141,0.4848484992980957,0.5151515007019043,0.6868686676025391,0.499968,0.6,CY
2026-03-08,0.5355714406073093,0.46190476417541504,0.5333333611488342,0.5047619342803955,0.22380952537059784,0.6523809432983398,0.489382,0.6,CY
2026-03-22,0.105159,0.0,0.045455,0.457955,0.0,0.034091,0.485772,0.528,CY
2026-04-05,0.150181,0.0,0.132075,0.466415,0.018868,0.09434,0.496552,0.318,CY
2026-04-19,0.45170983701944356,0.5699481964111328,0.6113989353179932,0.12435232847929001,0.9015544056892395,0.12435232847929001,0.496378,0.6,CY
2026-05-03,0.7589175218343736,0.7731958627700806,0.592783510684967,0.8350515365600586,0.7216494679450989,0.9536082744598389,0.496044,0.6,CY
2026-05-17,0.116918,0.0,0.105263,0.431711,0.078947,0.0,0.474272,0.456,CY
2026-05-31,0.155974,0.0,0.178571,0.47631,0.02381,0.047619,0.493427,0.504,CY
2026-06-14,0.098784,0.0,0.0625,0.410781,0.015625,0.015625,0.492599,0.384,CY
2026-06-28,0.4576381856203079,0.5477386713027954,0.643216073513031,0.21608039736747742,0.4623115658760071,0.13567839562892914,0.493624,0.6,CY
2026-07-12,0.7618478292226791,0.6630434989929199,0.75,0.6902173757553101,0.7771739363670349,0.8695651888847351,0.493805,0.6,CY
2026-07-26,0.4881818222999573,0.5828877091407776,0.3636363744735718,0.13368983566761017,0.06951871514320374,0.8449198007583618,0.494637,0.6,CY
2026-08-09,0.09865,0.022222,0.044444,0.431389,0.033333,0.0,0.492874,0.54,CY
2026-08-23,0.1343,0.0,0.095238,0.504048,0.02381,0.047619,0.496327,0.252,CY
2026-09-06,0.43792745769023894,0.5129533410072327,0.5440414547920227,0.2227979302406311,0.6269429922103882,0.20207254588603973,0.491397,0.6,CY
2026-09-20,0.307979798540473,0.47979798913002014,0.3737373650074005,0.21212121844291687,0.07575757801532745,0.12121212482452393,0.508114,0.6,CY
2026-10-02,0.35168831795454025,0.5800865888595581,0.34632036089897156,0.17748917639255524,0.536796510219574,0.08658009022474289,0.498362,0.6,CY
2025-10-19,0.09,0.0,0.0,0.5,0.0,0.0,0.522017,0.006,SB
2026-09-06,0.054,0.0,0.0,0.3,0.0,0.0,0.500423,0.018,SB
2026-09-20,0.2632323205471039,0.1111111119389534,0.14141413569450378,0.560606062412262,0.27272728085517883,0.4040403962135315,0.504023,0.0062,SB
2026-10-02,0.3485,1.0,0.0,0.825,0.0,0.0,0.452938,0.012,SB
2025-10-05,0.091021,0.0,0.041667,0.376042,0.0,0.041667,0.498598,0.144,CS
2025-10-19,0.06984,0.0,0.0,0.388,0.0,0.0,0.509273,0.03,CS
2025-11-02,0.22326732657849788,0.019801979884505272,0.05445544421672821,0.4801980257034302,0.21287128329277039,0.40594059228897095,0.501836,0.5505,CS
2025-11-16,0.5499516904354096,0.39613527059555054,0.739130437374115,0.4202898442745209,0.9275362491607666,0.3913043439388275,0.516699,0.5505,CS
2025-11-30,0.120663,0.0,0.125,0.448125,0.0,0.0,0.503459,0.048,CS
2025-12-14,0.099219,0.0,0.046512,0.406512,0.0,0.046512,0.487464,0.258,CS
2025-12-28,0.154511,0.0,0.222222,0.463333,0.0,0.0,0.486151,0.108,CS
2026-01-11,0.125015,0.0,0.113208,0.468113,0.0,0.018868,0.485993,0.318,CS
2026-01-25,0.113367,0.0,0.083333,0.481667,0.0,0.0,0.49892,0.072,CS
2026-02-08,0.071862,0.0,0.0,0.399231,0.0,0.0,0.512808,0.078,CS
2026-02-22,0.063,0.0,0.0,0.35,0.0,0.0,0.48011,0.006,CS
2026-03-08,0.8115238153934479,0.761904776096344,0.7714285850524902,0.738095223903656,0.800000011920929,0.9190475940704346,0.472433,0.5505,CS
2026-03-22,0.059175,0.0,0.0,0.32875,0.0,0.0,0.516675,0.024,CS
2026-04-05,0.279994,0.0,0.346939,0.585,0.0,0.265306,0.46335,0.294,CS
2026-04-19,0.219689115434885,0.5181347131729126,0.08290155231952667,0.21761657297611237,0.09326425194740295,0.1347150206565857,0.484171,0.5505,CS
2026-05-03,0.1039175222814083,0.036082472652196884,0.07216494530439377,0.22164948284626007,0.07731958478689194,0.1340206116437912,0.513796,0.5505,CS
2026-05-17,0.071059,0.0,0.0,0.394773,0.0,0.0,0.497169,0.132,CS
2026-05-31,0.076874,0.0,0.028571,0.376286,0.0,0.0,0.494049,0.21,CS
2026-06-14,0.084343,0.0,0.0,0.468571,0.0,0.0,0.485106,0.084,CS
2026-06-28,0.11095477417111398,0.035175878554582596,0.07537688314914703,0.12562814354896545,0.06532663106918335,0.12562814354896545,0.477222,0.5505,CS
2026-07-12,0.6923912960290909,0.7336956262588501,0.91847825050354,0.6630434989929199,0.9945651888847351,0.14673912525177002,0.478978,0.5505,CS
2026-07-26,0.6952406336367131,0.5133689641952515,0.7165775299072266,0.6951871514320374,0.5080214142799377,0.9251337051391602,0.501586,0.5505,CS
2026-08-09,0.168164,0.0,0.178571,0.473929,0.0,0.107143,0.494557,0.168,CS
2026-08-23,0.254918,0.0,0.272727,0.567727,0.0,0.272727,0.488398,0.066,CS
2026-09-06,0.14051813527941706,0.2953367829322815,0.041450776159763336,0.13989637792110443,0.07253886014223099,0.15544041991233826,0.515446,0.5505,CS
2026-09-20,0.29570706918835643,0.32828283309936523,0.34343433380126953,0.13131313025951385,0.6212121248245239,0.13131313025951385,0.505786,0.5505,CS
2026-10-02,0.34558441519737243,0.2467532455921173,0.46320345997810364,0.17316018044948578,0.7229437232017517,0.07359307259321213,0.491495,0.5505,CS
2025-10-19,0.03951,0.0,0.0,0.2195,0.0,0.0,0.507746,0.06,PS
2025-11-16,0.22304347679018974,0.20772947371006012,0.09661835432052612,0.3285024166107178,0.18840579688549042,0.30917873978614807,0.501159,0.2041,PS
2025-11-30,0.0594,0.0,0.0,0.33,0.0,0.0,0.513734,0.012,PS
2025-12-28,0.06546,0.0,0.023256,0.322326,0.0,0.0,0.494638,0.258,PS
2026-01-25,0.3485,1.0,0.0,0.825,0.0,0.0,0.470539,0.006,PS
2026-02-08,0.09,0.0,0.0,0.5,0.0,0.0,0.487836,0.006,PS
2026-03-08,0.4507619173824788,0.3571428656578064,0.7047619223594666,0.14761905372142792,0.15238095819950104,0.29523810744285583,0.497563,0.2041,PS
2026-05-17,0.081,0.0,0.0,0.45,0.0,0.0,0.505224,0.006,PS
2026-05-31,0.0618,0.0,0.0,0.343333,0.0,0.0,0.502827,0.054,PS
2026-07-26,0.25754010893404483,0.04278074949979782,0.15508021414279938,0.47058823704719543,0.23529411852359772,0.49197861552238464,0.520059,0.2041,PS
2026-08-09,0.07128,0.0,0.0,0.396,0.0,0.0,0.496406,0.06,PS
2026-09-06,0.2868393774330616,0.0984455943107605,0.15025906264781952,0.621761679649353,0.30051812529563904,0.4559585452079773,0.497765,0.2041,PS
2026-09-20,0.2690909149497748,0.08585858345031738,0.1666666716337204,0.5808081030845642,0.26767677068710327,0.4191919267177582,0.519115,0.2041,PS
2026-10-02,0.3435497871041298,0.39393940567970276,0.095238097012043,0.7229437232017517,0.22077922523021698,0.4458874464035034,0.50261,0.2041,PS
2025-10-05,0.170552,0.060976,0.146341,0.470549,0.04878,0.097561,0.492728,0.492,PE
2025-10-19,0.202985,0.069444,0.180556,0.538958,0.013889,0.138889,0.485148,0.432,PE
2025-11-02,0.7500000014901163,0.7128713130950928,0.8316831588745117,0.21287128329277039,0.9405940771102905,0.9108911156654358,0.503817,0.6,PE
2025-11-16,0.6973429894447328,0.990338146686554,0.6183574795722961,1.0,0.3140096664428711,0.2946859896183014,0.484397,0.6,PE
2025-11-30,0.171303,0.0,0.1875,0.502031,0.03125,0.078125,0.490872,0.384,PE
2025-12-14,0.087858,0.0,0.069767,0.36407,0.0,0.0,0.485961,0.258,PE
2025-12-28,0.132932,0.0,0.090909,0.455682,0.0,0.090909,0.495676,0.132,PE
2026-01-11,0.129383,0.0,0.1125,0.502125,0.0,0.0125,0.487535,0.48,PE
2026-01-25,0.117755,0.0,0.081633,0.438776,0.040816,0.040816,0.487587,0.294,PE
2026-02-08,0.083351,0.0,0.019608,0.402059,0.0,0.019608,0.503152,0.306,PE
2026-02-22,0.7308080738782883,0.6666666865348816,0.7373737096786499,0.3181818127632141,0.8939393758773804,0.9191918969154358,0.485999,0.6,PE
2026-03-08,0.8962857115268708,0.8428571224212646,0.9047619104385376,0.8190476298332214,0.8904761672019958,0.976190447807312,0.483736,0.6,PE
2026-03-22,0.101738,0.0,0.076923,0.428462,0.0,0.0,0.487875,0.078,PE
2026-04-05,0.098785,0.0,0.060606,0.441061,0.0,0.0,0.500892,0.198,PE
2026-04-19,0.6638342027366162,0.40414509177207947,0.803108811378479,0.6269429922103882,0.7202072739601135,0.6321243643760681,0.497501,0.6,PE
2026-05-03,0.7937113565206527,0.8195876479148865,0.8608247637748718,0.9123711585998535,0.8092783689498901,0.469072163105011,0.486521,0.6,PE
2026-05-17,0.148461,0.0,0.122807,0.512895,0.0,0.070175,0.492959,0.342,PE
2026-05-31,0.16124,0.139535,0.139535,0.492674,0.0,0.0,0.496988,0.258,PE
2026-06-14,0.102809,0.0,0.060606,0.439848,0.060606,0.0,0.505991,0.198,PE
2026-06-28,0.41402010530233385,0.20603014528751373,0.25628140568733215,0.5929648280143738,0.36180904507637024,0.5979899764060974,0.492161,0.6,PE
2026-07-12,0.3439130465686321,0.10869564861059189,0.2554347813129425,0.6304348111152649,0.45108696818351746,0.5,0.503605,0.6,PE
2026-07-26,0.44438502818346026,0.24064171314239502,0.4224599003791809,0.6524063944816589,0.4064171016216278,0.5026738047599792,0.49161,0.6,PE
2026-08-09,0.13728,0.0,0.1,0.496,0.0,0.066667,0.497312,0.18,PE
2026-08-23,0.138209,0.0,0.090909,0.485,0.0,0.090909,0.497128,0.264,PE
2026-09-06,0.6694818592071533,0.7098445892333984,0.5647668242454529,0.6269429922103882,0.8238341808319092,0.6269429922103882,0.477856,0.6,PE
2026-09-20,0.7547474849224091,0.9090909361839294,0.6666666865348816,0.8888888955116272,0.5505050420761108,0.5757575631141663,0.484255,0.6,PE
2026-10-02,0.34199134856462476,0.190476194024086,0.3030303120613098,0.42424243688583374,0.39393940567970276,0.4285714328289032,0.4973,0.6,PE
2025-10-05,0.130768,0.0,0.08,0.4776,0.0,0.08,0.499292,0.15,RQ
2025-10-19,0.150972,0.0,0.111111,0.493056,0.0,0.111111,0.482384,0.108,RQ
2025-11-02,0.6964356489945203,0.7524752616882324,0.9009901285171509,0.8712871074676514,0.009900989942252636,0.3366336524486542,0.493687,0.5443,RQ
2025-11-16,0.9282608711719513,0.9227052927017212,0.9806763529777527,0.9468598961830139,0.46859902143478394,0.9420289993286133,0.477767,0.5443,RQ
2025-11-30,0.139955,0.0,0.103448,0.45569,0.0,0.103448,0.481099,0.174,RQ
2025-12-14,0.07116,0.0,0.0,0.395333,0.0,0.0,0.50139,0.09,RQ
2025-12-28,0.1564,0.0,0.125,0.48,0.0,0.125,0.492335,0.048,RQ
2026-01-11,0.16234,0.0,0.2,0.413,0.0,0.1,0.494199,0.06,RQ
2026-01-25,0.06228,0.0,0.0,0.346,0.0,0.0,0.510671,0.03,RQ
2026-02-08,0.09043,0.0,0.05,0.4135,0.0,0.0,0.488553,0.12,RQ
2026-02-22,0.37530303090810774,0.9141414165496826,0.13636364042758942,0.3585858643054962,0.33838382363319397,0.07070706784725189,0.490795,0.5443,RQ
2026-03-08,0.4175714355707169,0.5,0.34761905670166016,0.31904762983322144,0.6904761791229248,0.32380953431129456,0.488515,0.5443,RQ
2026-03-22,0.158107,0.0,0.142857,0.433929,0.0,0.142857,0.491854,0.084,RQ
2026-04-05,0.06395,0.0,0.0,0.355278,0.0,0.0,0.4947,0.108,RQ
2026-04-19,0.6419689109921455,0.8341968655586243,0.37823835015296936,0.8393782377243042,0.45077720284461975,0.606217622756958,0.47638,0.5443,RQ
2026-05-03,0.3194845327734947,0.15979380905628204,0.2319587618112564,0.5412371158599854,0.3144329786300659,0.4484536051750183,0.506177,0.5443,RQ
2026-05-17,0.06345,0.0,0.0,0.3525,0.0,0.0,0.503266,0.024,RQ
2026-05-31,0.17786,0.0,0.2,0.543667,0.0,0.066667,0.483122,0.09,RQ
2026-06-14,0.154933,0.0,0.166667,0.453333,0.0,0.083333,0.493027,0.072,RQ
2026-06-28,0.35206030566245317,0.23618090152740479,0.23618090152740479,0.552763819694519,0.2964824140071869,0.5577889680862427,0.504356,0.5443,RQ
2026-08-09,0.147093,0.0,0.133333,0.465333,0.066667,0.066667,0.486013,0.09,RQ
2026-08-23,0.1663,0.0,0.125,0.535,0.0,0.125,0.50266,0.048,RQ
2026-09-06,0.3478756502270699,0.1347150206565857,0.17616580426692963,0.5544041395187378,0.27979275584220886,0.5595855116844177,0.481565,0.5443,RQ
2026-09-20,0.7064141589403153,0.6414141654968262,0.8989899158477783,0.5555555820465088,0.9848484992980957,0.39393940567970276,0.494033,0.5443,RQ
2026-10-02,0.33978354535996913,0.12554112076759338,0.2294372320175171,0.7186146974563599,0.4502164423465729,0.4025973975658417,0.478265,0.5443,RQ
2025-10-05,0.134659,0.012821,0.102564,0.443974,0.012821,0.076923,0.496187,0.468,PO
2025-10-19,0.172364,0.0,0.22,0.4598,0.0,0.08,0.506685,0.3,PO
2025-11-02,0.3932178200781346,0.4356435537338257,0.3861386179924011,0.3217821717262268,0.6683168411254883,0.2970297038555145,0.502628,0.6,PO
2025-11-16,0.708695651292801,0.739130437374115,0.6714975833892822,0.3188405930995941,0.6859903335571289,0.8357487916946411,0.495553,0.6,PO
2025-11-30,0.157795,0.0,0.134146,0.487073,0.012195,0.109756,0.483035,0.492,PO
2025-12-14,0.121443,0.0,0.075,0.460333,0.008333,0.058333,0.487762,0.6,PO
2025-12-28,0.078867,0.0,0.0,0.438148,0.0,0.0,0.496315,0.162,PO
2026-01-11,0.086437,0.035088,0.035088,0.372018,0.017544,0.0,0.514124,0.342,PO
2026-01-25,0.159196,0.019231,0.173077,0.470962,0.019231,0.057692,0.503681,0.312,PO
2026-02-08,0.114048,0.0,0.072727,0.44303,0.012121,0.042424,0.495653,0.6,PO
2026-02-22,0.2875757586956024,0.2222222238779068,0.4141414165496826,0.32828283309936523,0.21212121844291687,0.02525252476334572,0.499189,0.6,PO
2026-03-08,0.46347619032487275,0.41904762387275696,0.6714285612106323,0.08095238357782364,0.938095211982727,0.2809523940086365,0.504135,0.6,PO
2026-03-22,0.124786,0.0,0.081633,0.439286,0.0,0.081633,0.50302,0.294,PO
2026-04-05,0.198946,0.0,0.242857,0.515571,0.014286,0.114286,0.49239,0.42,PO
2026-04-19,0.6685492259263992,0.590673565864563,0.7098445892333984,0.6010362505912781,0.8963730335235596,0.6165803074836731,0.6321243643760681,0.6,PO
2026-05-03,0.44943298488855365,0.23711340129375458,0.30927833914756775,0.5979381203651428,0.48969072103500366,0.7061855792999268,0.25773194432258606,0.6,PO
2026-05-17,0.082895,0.0,0.016949,0.407797,0.0,0.016949,0.49969,0.354,PO
2026-05-31,0.092667,0.02381,0.02381,0.414286,0.0,0.02381,0.506415,0.252,PO
2026-06-14,0.129759,0.0,0.122449,0.448776,0.0,0.040816,0.506514,0.294,PO
2026-06-28,0.6776884339749814,0.6331658363342285,0.7638190984725952,0.572864294052124,0.8291457295417786,0.572864294052124,0.20603014528751373,0.6,PO
2026-07-12,0.6541304284334184,0.625,0.7010869383811951,0.6195651888847351,0.9347826242446899,0.489130437374115,0.510869562625885,0.6,PO
2026-07-26,0.36133690580725675,0.17112299799919128,0.30481284856796265,0.48663100600242615,0.529411792755127,0.48128342628479004,0.24598930776119232,0.6,PO
2026-08-09,0.127658,0.0,0.102564,0.448526,0.025641,0.051282,0.50363,0.468,PO
2026-08-23,0.126611,0.0,0.105263,0.469474,0.0,0.035088,0.502552,0.342,PO
2026-09-06,0.42725388966500766,0.20725388824939728,0.3471502661705017,0.606217622756958,0.5647668242454529,0.606217622756958,0.497627,0.6,PO
2026-09-20,0.7812121167778968,0.7979797720909119,0.691919207572937,0.7979797720909119,0.5959596037864685,0.9292929172515869,0.488079,0.6,PO
2026-10-02,0.33259739995002746,0.21645021438598633,0.3549783527851105,0.39393940567970276,0.3636363744735718,0.29870128631591797,0.496583,0.6,PO
2025-10-05,0.064969,0.0,0.0,0.360938,0.0,0.0,0.485471,0.096,UY
2025-10-19,0.09,0.0,0.0,0.5,0.0,0.0,0.480815,0.012,UY
2025-11-16,0.5754106426239014,0.8019323945045471,0.6521739363670349,0.25120773911476135,0.9082125425338745,0.2222222238779068,0.489851,0.4639,UY
2025-11-30,0.07614,0.0,0.0,0.423,0.0,0.0,0.493473,0.03,UY
2025-12-14,0.054,0.0,0.0,0.3,0.0,0.0,0.501253,0.222,UY
2025-12-28,0.05976,0.0,0.0,0.332,0.0,0.0,0.495327,0.03,UY
2026-01-11,0.07416,0.0,0.0,0.412,0.0,0.0,0.485917,0.09,UY
2026-01-25,0.066825,0.0,0.0,0.37125,0.0,0.0,0.507571,0.024,UY
2026-02-08,0.40795,0.0,0.5,0.710833,0.0,0.5,0.488274,0.036,UY
2026-02-22,0.2847979778051376,0.19191919267177582,0.15656565129756927,0.29797980189323425,0.26767677068710327,0.49494948983192444,0.508892,0.4639,UY
2026-03-08,0.18300000414252285,0.06666667014360428,0.14761905372142792,0.24285714328289032,0.3285714387893677,0.22857142984867096,0.511315,0.4639,UY
2026-03-22,0.266523,0.0,0.419355,0.606129,0.0,0.096774,0.492569,0.186,UY
2026-04-05,0.0945,0.0,0.0,0.525,0.0,0.0,0.456009,0.012,UY
2026-04-19,0.30440414354205136,0.0984455943107605,0.20725388824939728,0.47668394446372986,0.24870465695858002,0.4663212299346924,0.489802,0.4639,UY
2026-05-03,0.8746907371282577,0.7680412530899048,0.8402062058448792,0.9226804375648499,0.9432989954948425,0.9587628841400146,0.490312,0.4639,UY
2026-05-17,0.152914,0.0,0.142857,0.54,0.142857,0.0,0.489528,0.042,UY
2026-05-31,0.07578,0.0,0.0,0.421,0.0,0.0,0.505036,0.12,UY
2026-06-14,0.07308,0.0,0.0,0.406,0.0,0.0,0.524821,0.03,UY
2026-07-26,0.2889839591085911,0.05347593501210213,0.10160427540540695,0.5454545617103577,0.27272728085517883,0.5614973306655884,0.485166,0.4639,UY
2026-08-09,0.127456,0.0,0.111111,0.510556,0.0,0.0,0.507921,0.108,UY
2026-08-23,0.32885,0.0,0.4,0.5825,0.0,0.4,0.488219,0.06,UY
2026-09-06,0.4872020637989044,0.3834196925163269,0.5129533410072327,0.6891191601753235,0.26424869894981384,0.47668394446372986,0.492152,0.4639,UY
2026-09-20,0.079425,0.0,0.0,0.44125,0.0,0.0,0.500646,0.024,UY
2026-10-02,0.32458874337375165,0.12987013161182404,0.29870128631591797,0.5757575631141663,0.6147186160087585,0.34632036089897156,0.499548,0.4639,UY
2025-10-05,0.080807,0.0,0.0,0.448929,0.0,0.0,0.506685,0.084,SI
2025-10-19,0.1125,0.0,0.0,0.625,0.0,0.0,0.477914,0.012,SI
2025-11-16,0.5069082102179527,0.32367148995399475,0.695652186870575,0.772946834564209,0.17391304671764374,0.260869562625885,0.499772,0.4021,SI
2025-11-30,0.226743,0.0,0.243243,0.575,0.0,0.189189,0.470881,0.222,SI
2025-12-14,0.223667,0.0,0.333333,0.65,0.0,0.0,0.498521,0.018,SI
2025-12-28,0.04635,0.0,0.0,0.2575,0.0,0.0,0.507189,0.024,SI
2026-01-11,0.324667,0.0,0.333333,0.766667,0.0,0.333333,0.48073,0.018,SI
2026-02-08,0.074443,0.0,0.0,0.413571,0.0,0.0,0.485758,0.042,SI
2026-03-08,0.045,0.0,0.0,0.25,0.0,0.0,0.508431,0.006,SI
2026-03-22,0.078769,0.0,0.0,0.437604,0.0,0.0,0.491548,0.288,SI
2026-04-19,0.4260103532671929,0.38860103487968445,0.21243523061275482,0.5388600826263428,0.31606218218803406,0.575129508972168,0.476226,0.4021,SI
2026-05-17,0.394,0.0,0.666667,0.744444,0.666667,0.0,0.503398,0.054,SI
2026-05-31,0.069171,0.0,0.0,0.384286,0.0,0.0,0.502392,0.042,SI
2026-06-14,0.06225,0.0,0.0,0.345833,0.0,0.0,0.502845,0.036,SI
2026-06-28,0.7475376784801484,0.8894472122192383,0.8542713522911072,0.4974874258041382,0.9698492288589478,0.4974874258041382,0.490538,0.4021,SI
2026-07-12,0.45103261321783067,0.66847825050354,0.19565217196941376,0.6739130616188049,0.31521740555763245,0.44565218687057495,0.504901,0.4021,SI
2026-08-09,0.05697,0.0,0.0,0.3165,0.0,0.0,0.517108,0.06,SI
2026-08-23,0.06885,0.0,0.0,0.3825,0.0,0.0,0.524716,0.024,SI
2026-09-06,0.8066321261227131,0.9015544056892395,0.7927461266517639,0.9274611473083496,0.9378238320350647,0.5647668242454529,0.502107,0.4021,SI
2026-09-20,0.7432323214411736,0.8030303120613098,0.9292929172515869,0.7777777910232544,0.2525252401828766,0.49494948983192444,0.500081,0.4021,SI
2026-10-02,0.32268398940563203,0.5714285969734192,0.09090909361839294,0.3982684016227722,0.20346319675445557,0.3982684016227722,0.498146,0.4021,SI
2025-10-05,0.5979687359184027,0.7083333134651184,0.7083333134651184,0.8177083134651184,0.1197916641831398,0.234375,0.8177083134651184,0.5258,NZL
2025-10-19,0.21396825831383467,0.30158731341362,0.0317460335791111,0.32275131344795227,0.0476190485060215,0.3174603283405304,0.37566137313842773,0.5258,NZL
2025-11-02,0.7425742423534394,0.8910890817642212,0.8811880946159363,0.8118811845779419,0.9851484894752502,0.18316832184791565,0.8118811845779419,0.5258,NZL
2025-11-16,0.5220772916078568,0.4444444477558136,0.7971014380455017,0.07729468494653702,0.7536231875419617,0.2753623127937317,0.7198067903518677,0.5258,NZL
2025-11-30,0.2892537286877632,0.15422885119915009,0.3681592047214508,0.3283582031726837,0.6716417670249939,0.10447761416435242,0.06965173780918121,0.5258,NZL
2025-12-14,0.2830964426696301,0.7055837512016296,0.08121827244758606,0.0964467003941536,0.25380709767341614,0.24873095750808716,0.39593908190727234,0.5258,NZL
2025-12-28,0.3410714238882065,0.8061224222183228,0.04591836780309677,0.30102041363716125,0.13775509595870972,0.26530611515045166,0.6938775777816772,0.5258,NZL
2026-01-25,0.8514659810066223,0.9685863852500916,0.9842932224273682,0.9528796076774597,0.9947643876075745,0.3036649227142334,0.9528796076774597,0.5258,NZL
2026-02-08,0.19015228152275085,0.4111675024032593,0.025380710139870644,0.08121827244758606,0.17258882522583008,0.1928934007883072,0.3147208094596863,0.5258,NZL
2026-02-22,0.16060605973005296,0.08080808073282242,0.035353533923625946,0.4040403962135315,0.2070707082748413,0.19191919267177582,0.11616161465644836,0.5258,NZL
2026-03-08,0.12376190669834614,0.08095238357782364,0.1190476194024086,0.06190476194024086,0.1190476194024086,0.06666667014360428,0.41904762387275696,0.5258,NZL
2026-03-22,0.6254054015874864,0.6594594717025757,0.6702702641487122,0.8540540337562561,0.8216215968132019,0.18918919563293457,0.8540540337562561,0.5258,NZL
2026-04-19,0.3644041411578655,0.08290155231952667,0.2331606149673462,0.6424870491027832,0.3212435245513916,0.6528497338294983,0.31606218218803406,0.5258,NZL
2026-05-17,0.9473096376657485,0.9441624283790588,0.9543147087097168,0.9340101480484009,0.9746192693710327,0.9796954393386841,0.5583756566047668,0.5258,NZL
2026-05-31,0.5834848573803902,0.9141414165496826,0.14646464586257935,0.9242424368858337,0.28787878155708313,0.6161616444587708,0.6464646458625793,0.5258,NZL
2026-06-14,0.7446114012598992,0.5336787700653076,0.8497409224510193,0.7772020697593689,0.9689119458198547,0.606217622756958,0.42487046122550964,0.5258,NZL
2026-07-12,0.3658152288198471,0.32608696818351746,0.22282609343528748,0.635869562625885,0.33152174949645996,0.5054348111152649,0.21739129722118378,0.5258,NZL
2026-07-26,0.33106951177120214,0.1764705926179886,0.14973261952400208,0.6363636255264282,0.25668448209762573,0.5133689641952515,0.5721924901008606,0.5258,NZL
2026-08-09,0.6695187127590179,0.759358286857605,0.893048107624054,0.3529411852359772,1.0,0.24598930776119232,0.7219251394271851,0.5258,NZL
2026-08-23,0.9234972721338272,0.9890710115432739,0.8852459192276001,0.8579235076904297,0.9617486596107483,0.9726775884628296,0.688524603843689,0.5258,NZL
2026-09-20,0.3509090873599052,0.11616161465644836,0.1515151560306549,0.6161616444587708,0.31313130259513855,0.5303030014038086,0.7171717286109924,0.5258,NZL
2026-10-02,0.32112553745508193,0.3073593080043793,0.11255411058664322,0.4502164423465729,0.23376622796058655,0.48051947355270386,0.5021644830703735,0.5258,NZL
2025-02-09,0.3210679610073567,0.40291261672973633,0.02427184395492077,0.5097087621688843,0.07281553745269775,0.6165048480033875,0.28155338764190674,0.0062,DZA
2025-10-05,0.114131,0.0,0.076923,0.497308,0.0,0.0,0.498657,0.078,MV
2025-10-19,0.12242,0.033333,0.066667,0.435667,0.0,0.066667,0.507025,0.18,MV
2025-11-02,0.4312871259450913,0.48514851927757263,0.6435643434524536,0.05445544421672821,0.9504950642585754,0.06930693238973618,0.487237,0.5381,MV
2025-11-16,0.18492753617465496,0.10628019273281097,0.2801932394504547,0.02415458858013153,0.6618357300758362,0.06280193477869034,0.510305,0.5381,MV
2025-11-30,0.153224,0.0,0.176471,0.491765,0.117647,0.0,0.495436,0.102,MV
2025-12-14,0.185683,0.0,0.166667,0.513056,0.0,0.166667,0.491003,0.108,MV
2025-12-28,0.20848,0.0,0.2,0.536,0.0,0.2,0.482127,0.03,MV
2026-01-11,0.0675,0.0,0.0,0.375,0.0,0.0,0.528896,0.024,MV
2026-01-25,0.089835,0.038462,0.0,0.456346,0.0,0.0,0.480631,0.156,MV
2026-02-08,0.0864,0.0,0.0,0.48,0.0,0.0,0.428343,0.03,MV
2026-02-22,0.42863637149333955,0.7626262903213501,0.38383838534355164,0.06060606241226196,0.7676767706871033,0.19696970283985138,0.512175,0.5381,MV
2026-03-08,0.32566666971892116,0.39047619700431824,0.4523809552192688,0.009523809887468815,0.8095238208770752,0.03333333507180214,0.486778,0.5381,MV
2026-03-22,0.0734,0.0,0.0,0.407778,0.0,0.0,0.493177,0.054,MV
2026-04-05,0.073736,0.0,0.0,0.409643,0.0,0.0,0.515824,0.084,MV
2026-04-19,0.26917098835110664,0.2227979302406311,0.10880828648805618,0.35233160853385925,0.21761657297611237,0.34196892380714417,0.493959,0.5381,MV
2026-05-03,0.3571649460494518,0.7371134161949158,0.09278350323438644,0.3505154550075531,0.22164948284626007,0.34536081552505493,0.492957,0.5381,MV
2026-05-17,0.080071,0.0,0.011628,0.408663,0.0,0.011628,0.489439,0.516,MV
2026-05-31,0.05904,0.0,0.0,0.328,0.0,0.0,0.517737,0.03,MV
2026-06-14,0.04437,0.0,0.0,0.2465,0.0,0.0,0.521922,0.06,MV
2026-06-28,0.5868844255805017,0.356783926486969,0.6984924674034119,0.3366834223270416,0.2010050266981125,0.9849246144294739,0.498662,0.5381,MV
2026-07-12,0.406630443930626,0.5489130616188049,0.135869562625885,0.7663043737411499,0.22826087474822998,0.3586956560611725,0.497863,0.5381,MV
2026-07-26,0.42042781174182897,0.1871657818555832,0.26203209161758423,0.4117647111415863,0.4010695219039917,0.8877005577087402,0.512661,0.5381,MV
2026-08-09,0.0594,0.0,0.0,0.33,0.0,0.0,0.511224,0.006,MV
2026-08-23,0.047025,0.0,0.0,0.26125,0.0,0.0,0.517171,0.024,MV
2026-09-06,0.2171502567827702,0.020725388079881668,0.11398963630199432,0.393782377243042,0.22797927260398865,0.3575129508972168,0.499859,0.5381,MV
2026-09-20,0.4423737448453904,0.752525269985199,0.3333333432674408,0.3333333432674408,0.6111111044883728,0.24747474491596222,0.496966,0.5381,MV
2026-10-02,0.32000000059604644,0.3549783527851105,0.10822510719299316,0.4935064911842346,0.2294372320175171,0.48917749524116516,0.508331,0.5381,MV
2025-10-05,0.202783,0.0,0.266667,0.519167,0.0,0.1,0.484333,0.18,BF
2025-10-19,0.204159,0.0,0.241379,0.540345,0.068966,0.103448,0.488896,0.174,BF
2025-11-02,0.6574752408266068,0.42574256658554077,0.603960394859314,0.5891088843345642,0.7673267126083374,0.8663366436958313,0.483914,0.5938,BF
2025-11-16,0.6236714988946914,0.7439613342285156,0.5748792290687561,0.5990338325500488,0.8743961453437805,0.4637681245803833,0.486989,0.5938,BF
2025-11-30,0.136819,0.0,0.095238,0.46381,0.0,0.095238,0.493864,0.126,BF
2025-12-14,0.256603,0.0,0.27027,0.58473,0.0,0.27027,0.494805,0.222,BF
2025-12-28,0.091181,0.0,0.076923,0.369808,0.0,0.0,0.483792,0.156,BF
2026-01-11,0.255406,0.0,0.277778,0.554722,0.0,0.277778,0.491575,0.108,BF
2026-01-25,0.14369,0.0,0.15,0.4455,0.05,0.05,0.497595,0.12,BF
2026-02-08,0.1283,0.0,0.1,0.401667,0.0,0.1,0.487026,0.18,BF
2026-02-22,0.4993434199690819,0.3181818127632141,0.5404040217399597,0.5909090638160706,0.868686854839325,0.39898988604545593,0.498776,0.5938,BF
2026-03-08,0.36571428984403614,0.12857143580913544,0.19523809850215912,0.5809524059295654,0.36666667461395264,0.6714285612106323,0.501659,0.5938,BF
2026-03-22,0.078435,0.0,0.0,0.43575,0.0,0.0,0.494637,0.12,BF
2026-04-05,0.07677,0.0,0.0,0.4265,0.0,0.0,0.507666,0.06,BF
2026-04-19,0.39658030964434143,0.16580310463905334,0.4196891188621521,0.07772020995616913,0.036269430071115494,0.9533678889274597,0.488266,0.5938,BF
2026-05-03,0.5103608301281929,0.5824742317199707,0.7371134161949158,0.0670103058218956,0.876288652420044,0.0670103058218956,0.486297,0.5938,BF
2026-05-17,0.097205,0.0,0.050847,0.427034,0.0,0.016949,0.483203,0.354,BF
2026-05-31,0.140323,0.083333,0.0625,0.520312,0.0,0.041667,0.470943,0.288,BF
2026-06-14,0.291038,0.0,0.375,0.616875,0.0,0.25,0.489241,0.096,BF
2026-06-28,0.3315075308084488,0.32663315534591675,0.4974874258041382,0.07035175710916519,0.4773869216442108,0.07035175710916519,0.487199,0.5938,BF
2026-07-12,0.15489130530506373,0.1195652186870575,0.25,0.08695652335882187,0.043478261679410934,0.08695652335882187,0.499988,0.5938,BF
2026-07-26,0.6295721882581711,0.6737967729568481,0.8181818127632141,0.6844919919967651,0.8716577291488647,0.08021390438079834,0.457924,0.5938,BF
2026-08-09,0.074795,0.0,0.0,0.415526,0.0,0.0,0.505317,0.114,BF
2026-08-23,0.162696,0.0,0.148148,0.442963,0.0,0.148148,0.489735,0.162,BF
2026-09-06,0.7972020602226257,1.0,0.9585492014884949,0.9948186278343201,0.9740932583808899,0.05699481815099716,0.463241,0.5938,BF
2026-09-20,0.2860606051236392,0.3737373650074005,0.38383838534355164,0.10101009905338287,0.6818181872367859,0.06565656512975693,0.497021,0.5938,BF
2026-10-02,0.31497835025191306,0.1428571492433548,0.2770562767982483,0.09090909361839294,0.42424243688583374,0.5844155550003052,0.496397,0.5938,BF
2025-10-05,0.126028,0.0,0.115789,0.445184,0.0,0.036842,0.48394,0.6,SW
2025-10-19,0.044637,0.0,0.011765,0.211382,0.0,0.011765,0.482956,0.6,SW
2025-11-02,0.3303465378284455,0.21287128329277039,0.3910891115665436,0.39603960514068604,0.7128713130950928,0.1881188154220581,0.496573,0.6,SW
2025-11-16,0.36033816903829574,0.4975845515727997,0.39613527059555054,0.37681159377098083,0.30434781312942505,0.1835748851299286,0.495871,0.6,SW
2025-11-30,0.112021,0.0,0.105263,0.414737,0.052632,0.0,0.504673,0.342,SW
2025-12-14,0.089778,0.0,0.031746,0.4,0.0,0.031746,0.510251,0.378,SW
2025-12-28,0.122016,0.0,0.074627,0.465597,0.0,0.059701,0.482801,0.402,SW
2026-01-11,0.087379,0.0,0.030303,0.411364,0.0,0.015152,0.500333,0.396,SW
2026-01-25,0.125057,0.030303,0.070707,0.481515,0.0,0.040404,0.492644,0.594,SW
2026-02-08,0.119067,0.0,0.078947,0.482632,0.008772,0.026316,0.491863,0.6,SW
2026-02-22,0.6911111083626748,0.6969696879386902,0.8434343338012695,0.8383838534355164,0.5909090638160706,0.32828283309936523,0.493193,0.6,SW
2026-03-08,0.4798571556806564,0.4095238149166107,0.5714285969734192,0.3761904835700989,0.8523809313774109,0.2904762029647827,0.48483,0.6,SW
2026-03-22,0.129515,0.016393,0.098361,0.439016,0.0,0.065574,0.49726,0.366,SW
2026-04-05,0.173408,0.0,0.211538,0.510385,0.0,0.057692,0.473569,0.312,SW
2026-04-19,0.6146113950014115,0.575129508972168,0.6787564754486084,0.5077720284461975,0.9119170904159546,0.5077720284461975,0.486435,0.6,SW
2026-05-03,0.7373711282014846,0.8350515365600586,0.8092783689498901,0.5154638886451721,0.938144326210022,0.5051546096801758,0.488623,0.6,SW
2026-05-17,0.070873,0.004098,0.012295,0.360266,0.004098,0.004098,0.519615,0.6,SW
2026-05-31,0.170017,0.018519,0.194444,0.472315,0.018519,0.074074,0.503924,0.6,SW
2026-06-14,0.117099,0.065789,0.052632,0.43125,0.0,0.039474,0.500213,0.456,SW
2026-06-28,0.5538190943002701,0.4271356761455536,0.5678392052650452,0.5226130485534668,0.8090452551841736,0.5226130485534668,0.490832,0.6,SW
2026-07-12,0.5848369640111923,0.864130437374115,0.3478260934352875,0.6847826242446899,0.592391312122345,0.46739131212234497,0.483547,0.6,SW
2026-07-26,0.4196256740391255,0.7486631274223328,0.10695187002420425,0.5828877091407776,0.2245989292860031,0.4491978585720062,0.490092,0.6,SW
2026-08-09,0.095469,0.0,0.044118,0.440515,0.029412,0.0,0.501298,0.408,SW
2026-08-23,0.166068,0.012931,0.172414,0.406315,0.0,0.146552,0.46939,0.6,SW
2026-09-06,0.39103626772761346,0.41450777649879456,0.22797927260398865,0.5181347131729126,0.43523314595222473,0.5181347131729126,0.493586,0.6,SW
2026-09-20,0.7228282883763314,0.7575757503509521,0.8484848737716675,0.7676767706871033,0.34343433380126953,0.5252525210380554,0.496923,0.6,SW
2026-10-02,0.31415584966540333,0.18614718317985535,0.2467532455921173,0.6926407217979431,0.3549783527851105,0.3160173296928406,0.504321,0.6,SW
2026-03-22,0.14924324084073304,0.3729729652404785,0.10270269960165024,0.07027027010917664,0.14054054021835327,0.01621621660888195,0.29729729890823364,0.068,NLD
2026-06-14,0.31295336976647375,0.45077720284461975,0.11398963630199432,0.34196892380714417,0.18134714663028717,0.3575129508972168,0.44041451811790466,0.068,NLD
2025-10-05,0.104082,0.008432,0.064081,0.432648,0.016863,0.011804,0.500317,0.6,GH
2025-10-19,0.108204,0.0,0.078675,0.418251,0.004141,0.031056,0.499089,0.6,GH
2025-11-02,0.4245544637739658,0.34158414602279663,0.28217822313308716,0.6287128925323486,0.6485148668289185,0.5148515105247498,0.504554,0.6,GH
2025-11-16,0.5167632825672627,0.4299516975879669,0.4057970941066742,0.6425120830535889,0.5990338325500488,0.6183574795722961,0.501339,0.6,GH
2025-11-30,0.124626,0.018018,0.099099,0.447624,0.009009,0.033784,0.491761,0.6,GH
2025-12-14,0.093755,0.006438,0.045064,0.409871,0.002146,0.017167,0.509369,0.6,GH
2025-12-28,0.114619,0.012469,0.087282,0.444476,0.0,0.017456,0.499011,0.6,GH
2026-01-11,0.135179,0.0,0.138817,0.468933,0.002571,0.025707,0.496066,0.6,GH
2026-01-25,0.106861,0.00641,0.070513,0.42024,0.00641,0.028846,0.499971,0.6,GH
2026-02-08,0.115973,0.00381,0.085714,0.451914,0.026667,0.019048,0.498642,0.6,GH
2026-02-22,0.5528282833099366,0.42424243688583374,0.3888888955116272,0.6767676472663879,0.6414141654968262,0.7222222089767456,0.495441,0.6,GH
2026-03-08,0.510666666775942,0.4761904776096344,0.3571428656578064,0.6809523701667786,0.5285714268684387,0.6619047522544861,0.50509,0.6,GH
2026-03-22,0.107423,0.004132,0.061983,0.440227,0.008264,0.028926,0.495056,0.6,GH
2026-04-05,0.108137,0.005263,0.063158,0.424447,0.005263,0.042105,0.499167,0.6,GH
2026-04-19,0.4156476673483849,0.4196891188621521,0.42487046122550964,0.32642486691474915,0.5803108811378479,0.3212435245513916,0.491769,0.6,GH
2026-05-03,0.5723711228370666,0.4845360815525055,0.5360824465751648,0.30927833914756775,0.4793814420700073,0.907216489315033,0.500366,0.6,GH
2026-05-17,0.104931,0.004184,0.07113,0.427908,0.004184,0.016736,0.493824,0.6,GH
2026-05-31,0.1105,0.00578,0.072254,0.440318,0.020231,0.023121,0.498735,0.6,GH
2026-06-14,0.102225,0.0,0.0625,0.429028,0.0,0.020833,0.500591,0.6,GH
2026-06-28,0.34618090718984607,0.31658291816711426,0.31658291816711426,0.311557799577713,0.5175879597663879,0.3216080367565155,0.500484,0.6,GH
2026-07-12,0.3374456503987312,0.27173912525177,0.30434781312942505,0.3478260934352875,0.489130437374115,0.3478260934352875,0.49664,0.6,GH
2026-07-26,0.3683957299590111,0.34224599599838257,0.3529411852359772,0.34224599599838257,0.6042780876159668,0.34224599599838257,0.498537,0.6,GH
2026-08-09,0.147913,0.017857,0.133929,0.465089,0.008929,0.071429,0.49094,0.6,GH
2026-08-23,0.107393,0.0,0.073529,0.426691,0.0,0.029412,0.502768,0.6,GH
2026-09-06,0.25440414369106296,0.3212435245513916,0.21761657297611237,0.17098446190357208,0.409326434135437,0.18134714663028717,0.499645,0.6,GH
2026-09-20,0.39540403619408604,0.33838382363319397,0.25757575035095215,0.31313130259513855,0.39393940567970276,0.6818181872367859,0.500644,0.6,GH
2026-10-02,0.31168830983340745,0.29870128631591797,0.3333333432674408,0.25974026322364807,0.5021644830703735,0.25108224153518677,0.50511,0.6,GH
2025-10-05,0.175948,0.0,0.24,0.4886,0.16,0.0,0.48993,0.15,BO
2025-10-19,0.128515,0.034884,0.081395,0.479477,0.011628,0.034884,0.483397,0.516,BO
2025-11-02,0.6785643436014652,0.7970296740531921,0.44059404730796814,0.7673267126083374,0.2326732724905014,0.9653465151786804,0.484597,0.5938,BO
2025-11-16,0.4093719881772995,0.34299516677856445,0.3478260934352875,0.5700483322143555,0.2946859896183014,0.483091801404953,0.496288,0.5938,BO
2025-11-30,0.091634,0.0,0.034091,0.41375,0.011364,0.022727,0.496443,0.528,BO
2025-12-14,0.107992,0.021692,0.106291,0.370987,0.02603,0.004338,0.488457,0.6,BO
2025-12-28,0.128916,0.0,0.125,0.440156,0.03125,0.03125,0.494248,0.192,BO
2026-01-11,0.144035,0.0,0.176471,0.486471,0.0,0.0,0.470093,0.102,BO
2026-01-25,0.268951,0.0,0.302326,0.553605,0.0,0.302326,0.490583,0.258,BO
2026-02-08,0.150131,0.0,0.1875,0.427813,0.1875,0.0,0.471725,0.096,BO
2026-02-22,0.6721717184782028,0.7676767706871033,0.7929292917251587,0.5151515007019043,0.8989899158477783,0.3636363744735718,0.471759,0.5938,BO
2026-03-08,0.46647619366645815,0.2666666805744171,0.37142857909202576,0.6047618985176086,0.6714285612106323,0.538095235824585,0.487572,0.5938,BO
2026-03-22,0.1733,0.222222,0.111111,0.518333,0.0,0.0,0.467133,0.054,BO
2026-04-05,0.058085,0.0,0.0,0.322692,0.0,0.0,0.492053,0.078,BO
2026-04-19,0.16331606097519397,0.10880828648805618,0.2590673565864563,0.10880828648805618,0.05181347206234932,0.0984455943107605,0.498388,0.5938,BO
2026-05-03,0.517319584786892,0.6391752362251282,0.7164948582649231,0.12371134012937546,0.8350515365600586,0.11855670064687729,0.482379,0.5938,BO
2026-05-17,0.127029,0.0,0.085714,0.477143,0.0,0.057143,0.488862,0.21,BO
2026-05-31,0.245767,0.0,0.326531,0.593265,0.142857,0.102041,0.476913,0.294,BO
2026-06-14,0.084115,0.0,0.0,0.467308,0.0,0.0,0.521262,0.078,BO
2026-06-28,0.8276884496212005,0.7738693356513977,0.8743718862533569,0.7386934757232666,0.4974874258041382,0.9246231317520142,0.477902,0.5938,BO
2026-07-26,0.1640106921643019,0.10160427540540695,0.26737967133522034,0.07486630976200104,0.03743315488100052,0.11229946464300156,0.498357,0.5938,BO
2026-08-09,0.222829,0.041667,0.333333,0.527292,0.041667,0.041667,0.482616,0.144,BO
2026-08-23,0.170221,0.0,0.214286,0.413929,0.142857,0.071429,0.487108,0.084,BO
2026-09-06,0.2674093221686781,0.3678756356239319,0.42487046122550964,0.06735751032829285,0.036269430071115494,0.11398963630199432,0.51001,0.5938,BO
2026-09-20,0.8775252425670624,0.9595959782600403,0.7979797720909119,0.9444444179534912,0.5252525210380554,0.8585858345031738,0.480586,0.5938,BO
2026-10-02,0.31155844330787663,0.3333333432674408,0.4588744640350342,0.07359307259321213,0.5844155550003052,0.051948051899671555,0.497171,0.5938,BO
2025-10-05,0.20843750435858963,0.010416666977107525,0.015625,0.421875,0.1041666641831398,0.5416666865348816,0.078125,0.3649,EUR
2025-11-16,0.7741545769572258,0.7874395847320557,0.9323671460151672,0.6328502297401428,0.990338146686554,0.5652173757553101,0.4975845515727997,0.3649,EUR
2025-12-14,0.30715735465288163,0.4974619150161743,0.0964467003941536,0.7055837512016296,0.3045685291290283,0.13197968900203705,0.20304568111896515,0.3649,EUR
2026-03-08,0.38614286594092845,0.7142857313156128,0.06666667014360428,0.6285714507102966,0.06666667014360428,0.43809524178504944,0.3619047701358795,0.3649,EUR
2026-03-22,0.6737837672233582,0.5243242979049683,0.8216215968132019,0.5783783793449402,0.9729729890823364,0.5567567348480225,0.5189189314842224,0.3649,EUR
2026-05-17,0.10182741232216358,0.020304568111896515,0.060913704335689545,0.18274112045764923,0.10659898817539215,0.18274112045764923,0.10659898817539215,0.3649,EUR
2026-05-31,0.34560605596750976,0.24747474491596222,0.6616161465644836,0.18686868250370026,0.09090909361839294,0.1111111119389534,0.0555555559694767,0.3649,EUR
2026-06-28,0.31005024679005144,0.733668327331543,0.10050251334905624,0.19597989320755005,0.12060301750898361,0.18090452253818512,0.6030150651931763,0.3649,EUR
2026-07-12,0.33271739184856414,0.44565218687057495,0.05978260934352875,0.760869562625885,0.125,0.20652173459529877,0.9728260636329651,0.3649,EUR
2026-07-26,0.6694652464985847,0.7058823704719543,0.8877005577087402,0.6737967729568481,0.855614960193634,0.2192513346672058,0.3475935757160187,0.3649,EUR
2026-09-20,0.3056565598398447,0.28282827138900757,0.5505050420761108,0.17171716690063477,0.09595959633588791,0.11616161465644836,0.26767677068710327,0.3649,EUR
2026-10-02,0.310346320644021,0.25108224153518677,0.3419913351535797,0.27272728085517883,0.6666666865348816,0.27272728085517883,0.06493506580591202,0.3649,EUR
2025-10-05,0.115709,0.0,0.066038,0.458868,0.009434,0.04717,0.484978,0.6,LE
2025-10-19,0.164014,0.0,0.16092,0.493563,0.022989,0.091954,0.487195,0.522,LE
2025-11-02,0.5594554543495178,0.7178217768669128,0.46039605140686035,0.19306930899620056,0.40594059228897095,0.6188119053840637,0.478988,0.6,LE
2025-11-16,0.9090821295976639,0.9516907930374146,0.8840579986572266,0.9323671460151672,0.6280193328857422,0.9178743958473206,0.481913,0.6,LE
2025-11-30,0.099336,0.0,0.046857,0.421263,0.008,0.033143,0.495532,0.6,LE
2025-12-14,0.23221,0.0,0.2375,0.5845,0.0,0.2125,0.47563,0.6,LE
2025-12-28,0.149513,0.0,0.137931,0.483563,0.005747,0.074713,0.482073,0.6,LE
2026-01-11,0.192162,0.007812,0.195312,0.529805,0.039062,0.125,0.476088,0.6,LE
2026-01-25,0.223893,0.015748,0.23622,0.543937,0.0,0.19685,0.476408,0.6,LE
2026-02-08,0.152627,0.024691,0.111111,0.474815,0.0,0.111111,0.48377,0.486,LE
2026-02-22,0.8598989930748938,0.868686854839325,0.8282828330993652,0.9242424368858337,0.38383838534355164,0.8282828330993652,0.471012,0.6,LE
2026-03-08,0.9409523719549179,0.9714285731315613,0.938095211982727,0.9666666388511658,0.6761904954910278,0.8190476298332214,0.474767,0.6,LE
2026-03-22,0.345894,0.001502,0.414414,0.686982,0.004505,0.370871,0.471683,0.6,LE
2026-04-05,0.294197,0.01087,0.334239,0.632541,0.02038,0.290761,0.4763,0.6,LE
2026-04-19,0.9063730728626251,0.9378238320350647,0.9637305736541748,0.9689119458198547,0.5492228269577026,0.7098445892333984,0.475916,0.6,LE
2026-05-03,0.8071133977174759,0.8144329786300659,0.7680412530899048,0.8865979313850403,0.5979381203651428,0.7113401889801025,0.476859,0.6,LE
2026-05-17,0.248546,0.004854,0.276699,0.563252,0.041262,0.228155,0.476067,0.6,LE
2026-05-31,0.241159,0.000875,0.259843,0.577695,0.004374,0.223097,0.480024,0.6,LE
2026-06-14,0.226367,0.0,0.231867,0.559287,0.005945,0.212842,0.481825,0.6,LE
2026-06-28,0.7068341726064682,0.7185929417610168,0.8341708779335022,0.4070351719856262,0.356783926486969,0.6834170818328857,0.484192,0.6,LE
2026-07-12,0.8734782564640045,0.8369565010070801,0.929347813129425,0.8913043737411499,0.375,0.8804348111152649,0.486153,0.6,LE
2026-07-26,0.7571657687425614,0.759358286857605,0.8983957171440125,0.7112299203872681,0.9786096215248108,0.4010695219039917,0.479777,0.6,LE
2026-08-09,0.250489,0.004348,0.291304,0.570348,0.052174,0.208696,0.475709,0.6,LE
2026-08-23,0.20525,0.0,0.25,0.510648,0.0,0.138889,0.481659,0.6,LE
2026-09-06,0.9150777232646942,0.9481865167617798,0.9430052042007446,0.9481865167617798,0.3730570077896118,0.8860103487968445,0.47437,0.6,LE
2026-09-20,0.6418181818723678,0.4898989796638489,0.6212121248245239,0.44949495792388916,0.8232323527336121,0.7575757503509521,0.481204,0.6,LE
2026-10-02,0.30839826494455336,0.12121212482452393,0.22077922523021698,0.3030303120613098,0.29870128631591797,0.5497835278511047,0.488337,0.6,LE
2025-10-05,0.0648,0.0,0.0,0.36,0.0,0.0,0.517948,0.054,UZ
2025-10-19,0.107004,0.0,0.052632,0.430724,0.0,0.052632,0.49891,0.456,UZ
2025-11-02,0.5051485180109739,0.31683167815208435,0.4752475321292877,0.2574257552623749,0.2227722704410553,0.9702970385551453,0.505175,0.6,UZ
2025-11-16,0.15565217301249507,0.06280193477869034,0.12560386955738068,0.256038635969162,0.14492753148078918,0.22705313563346863,0.507494,0.6,UZ
2025-11-30,0.096014,0.0,0.071429,0.406429,0.0,0.0,0.498637,0.084,UZ
2025-12-14,0.114352,0.0,0.076923,0.437,0.0,0.046154,0.501982,0.39,UZ
2025-12-28,0.0224,0.0,0.0,0.124444,0.0,0.0,0.522327,0.054,UZ
2026-01-11,0.110406,0.032258,0.096774,0.405484,0.0,0.0,0.49887,0.186,UZ
2026-01-25,0.0777,0.0,0.0,0.431667,0.0,0.0,0.510783,0.162,UZ
2026-02-08,0.153547,0.0,0.176471,0.460882,0.0,0.058824,0.495606,0.102,UZ
2026-02-22,0.22419192150235176,0.0555555559694767,0.17676767706871033,0.2626262605190277,0.27272728085517883,0.3888888955116272,0.523981,0.6,UZ
2026-03-08,0.42547619238495826,0.3619047701358795,0.5571428537368774,0.24761904776096344,0.8666666746139526,0.2380952388048172,0.502856,0.6,UZ
2026-03-22,0.0477,0.0,0.0,0.265,0.0,0.0,0.505556,0.066,UZ
2026-04-05,0.111016,0.0,0.111111,0.419222,0.0,0.0,0.506473,0.27,UZ
2026-04-19,0.4259067377075553,0.20207254588603973,0.5440414547920227,0.4715026021003723,0.38860103487968445,0.4922279715538025,0.504812,0.6,UZ
2026-05-03,0.3288659742847085,0.18041236698627472,0.1855670064687729,0.7216494679450989,0.2680412232875824,0.49484536051750183,0.514826,0.6,UZ
2026-05-17,0.11212,0.061224,0.061224,0.44602,0.0,0.0,0.50808,0.294,UZ
2026-05-31,0.086167,0.0,0.047619,0.394048,0.0,0.0,0.5076,0.126,UZ
2026-06-14,0.124271,0.0,0.142857,0.436429,0.0,0.0,0.5107,0.084,UZ
2026-06-28,0.31663316100835803,0.10552763938903809,0.19597989320755005,0.6683416962623596,0.2763819098472595,0.47236180305480957,0.499343,0.6,UZ
2026-07-12,0.5695652320981026,0.592391312122345,0.5271739363670349,0.5054348111152649,0.2771739065647125,0.592391312122345,0.477429,0.6,UZ
2026-07-26,0.34877005517482756,0.31016042828559875,0.12834224104881287,0.5614973306655884,0.27807486057281494,0.5454545617103577,0.511979,0.6,UZ
2026-08-09,0.0702,0.0,0.0,0.39,0.0,0.0,0.509319,0.036,UZ
2026-08-23,0.063009,0.0,0.004505,0.336036,0.0,0.004505,0.514697,0.6,UZ
2026-09-06,0.6576165860891342,0.4455958604812622,0.8134714961051941,0.6943005323410034,0.9430052042007446,0.4715026021003723,0.514844,0.6,UZ
2026-09-20,0.3109595967829228,0.13636364042758942,0.21212121844291687,0.6767676472663879,0.38383838534355164,0.3888888955116272,0.512068,0.6,UZ
2026-10-02,0.3051948040723801,0.17316018044948578,0.24242424964904785,0.5844155550003052,0.350649356842041,0.3419913351535797,0.507572,0.6,UZ
2025-04-06,0.1620197028666735,0.02463054098188877,0.17733989655971527,0.2807881832122803,0.25123152136802673,0.09852216392755508,0.2857142984867096,0.0433,VAT
2025-04-20,0.19463414743542673,0.2195121943950653,0.09756097197532654,0.27317073941230774,0.15609756112098694,0.24390244483947754,0.18536585569381714,0.0433,VAT
2026-04-05,0.30273684196174144,0.09473684430122375,0.205263152718544,0.4421052634716034,0.28947368264198303,0.5736842155456543,0.19473683834075928,0.0433,VAT
2025-10-05,0.15742,0.0,0.2,0.519,0.0,0.0,0.489908,0.03,NH
2025-10-19,0.0567,0.0,0.0,0.315,0.0,0.0,0.490117,0.024,NH
2025-11-16,0.17207729309797287,0.30917873978614807,0.028985507786273956,0.05314009636640549,0.21256038546562195,0.17874395847320557,0.50149,0.3031,NH
2025-11-30,0.126,0.0,0.0,0.7,0.0,0.0,0.489213,0.006,NH
2025-12-14,0.0603,0.0,0.0,0.335,0.0,0.0,0.491765,0.018,NH
2025-12-28,0.0918,0.0,0.0,0.51,0.0,0.0,0.506955,0.018,NH
2026-02-22,0.0747,0.0,0.0,0.415,0.0,0.0,0.480707,0.012,NH
2026-03-08,0.0851904783397913,0.095238097012043,0.03809523954987526,0.03333333507180214,0.12380952388048172,0.05238095298409462,0.490427,0.3031,NH
2026-03-22,0.09,0.0,0.0,0.5,0.0,0.0,0.496104,0.006,NH
2026-04-05,0.143422,0.0,0.111111,0.451111,0.0,0.111111,0.508198,0.054,NH
2026-04-19,0.19430051252245903,0.05699481815099716,0.0984455943107605,0.33678755164146423,0.2331606149673462,0.33678755164146423,0.508594,0.3031,NH
2026-05-03,0.7424226778745653,0.8814433217048645,0.6597937941551208,0.6597937941551208,0.8608247637748718,0.6134020686149597,0.483877,0.3031,NH
2026-05-17,0.086469,0.0,0.034483,0.373103,0.0,0.034483,0.489265,0.174,NH
2026-05-31,0.099,0.0,0.0,0.55,0.0,0.0,0.524787,0.012,NH
2026-06-14,0.302467,0.0,0.333333,0.643333,0.0,0.333333,0.50706,0.018,NH
2026-06-28,0.7013567805290222,0.5778894424438477,0.7738693356513977,0.6281406879425049,0.9497487545013428,0.6331658363342285,0.481023,0.3031,NH
2026-08-09,0.0324,0.0,0.0,0.18,0.0,0.0,0.486691,0.012,NH
2026-08-23,0.04005,0.0,0.0,0.2225,0.0,0.0,0.511215,0.024,NH
2026-09-20,0.4105,0.0,0.5,0.725,0.0,0.5,0.502361,0.024,NH
2026-10-02,0.300667,0.0,0.333333,0.633333,0.0,0.333333,0.500845,0.018,NH
2025-10-05,0.13952,0.0,0.1,0.464,0.0,0.1,0.492119,0.06,DR
2025-10-19,0.421008,0.041667,0.5,0.737083,0.0,0.5,0.472021,0.144,DR
2025-11-02,0.7586633723974228,0.7277227640151978,0.8267326951026917,0.801980197429657,0.9356435537338257,0.48514851927757263,0.484073,0.5814,DR
2025-11-16,0.8652173832058908,0.7922705411911011,0.9371980428695679,0.8937197923660278,0.4975845515727997,1.0,0.503896,0.5814,DR
2025-11-30,0.087381,0.0,0.047619,0.369048,0.0,0.02381,0.485848,0.252,DR
2025-12-14,0.173215,0.076923,0.153846,0.500769,0.0,0.076923,0.480033,0.078,DR
2025-12-28,0.455,0.0,1.0,0.75,0.0,0.0,0.438478,0.024,DR
2026-01-11,0.065925,0.0,0.0,0.36625,0.0,0.0,0.497204,0.024,DR
2026-01-25,0.187609,0.0,0.272727,0.451364,0.272727,0.0,0.493841,0.066,DR
2026-02-08,0.159979,0.0,0.178571,0.476071,0.0,0.071429,0.485338,0.168,DR
2026-02-22,0.4220707079395652,0.2626262605190277,0.4343434274196625,0.5,0.0555555559694767,0.5707070827484131,0.49395,0.5814,DR
2026-03-08,0.3535238106548786,0.4238095283508301,0.21904762089252472,0.4809523820877075,0.095238097012043,0.5476190447807312,0.501937,0.5814,DR
2026-03-22,0.066,0.0,0.0,0.366667,0.0,0.0,0.508658,0.018,DR
2026-04-05,0.201427,0.0,0.227273,0.533182,0.0,0.136364,0.496327,0.132,DR
2026-04-19,0.3509326350688934,0.30051812529563904,0.4300518035888672,0.20207254588603973,0.772020697593689,0.21243523061275482,0.501829,0.5814,DR
2026-05-03,0.9301546430587769,0.8402062058448792,0.9484536051750183,0.9175257682800293,0.9329897165298462,0.9948453903198242,0.473608,0.5814,DR
2026-05-17,0.181571,0.0,0.142857,0.564286,0.0,0.142857,0.481947,0.042,DR
2026-05-31,0.167533,0.0,0.166667,0.523333,0.0,0.083333,0.473685,0.072,DR
2026-06-14,0.26483,0.0,0.333333,0.602963,0.074074,0.185185,0.484672,0.162,DR
2026-06-28,0.3816582944244147,0.37688443064689636,0.6080402135848999,0.2261306494474411,0.09045226126909256,0.19597989320755005,0.490614,0.5814,DR
2026-07-12,0.49744564473628994,0.2663043439388275,0.42391303181648254,0.15760870277881622,0.77173912525177,0.8260869383811951,0.484417,0.5814,DR
2026-07-26,0.44272727787494665,0.5401069521903992,0.5882353186607361,0.12834224104881287,0.5133689641952515,0.15508021414279938,0.487868,0.5814,DR
2026-08-09,0.082671,0.0,0.0,0.459286,0.0,0.0,0.486352,0.042,DR
2026-08-23,0.129167,0.0,0.083333,0.458333,0.0,0.083333,0.52107,0.072,DR
2026-09-06,0.20601036190986635,0.25388601422309875,0.2227979302406311,0.12435232847929001,0.062176164239645004,0.21761657297611237,0.510314,0.5814,DR
2026-09-20,0.6833838331699372,0.6111111044883728,0.7222222089767456,0.2373737394809723,0.8989899158477783,0.9191918969154358,0.483949,0.5814,DR
2026-10-02,0.29679653704166414,0.2294372320175171,0.4502164423465729,0.1515151560306549,0.5930736064910889,0.09956710040569305,0.489849,0.5814,DR
2025-10-05,0.064185,0.0,0.0,0.356585,0.0,0.0,0.501844,0.246,OD
2025-10-19,0.211416,0.0,0.210526,0.589737,0.0,0.157895,0.493191,0.114,OD
2025-11-02,0.23193069212138653,0.44059404730796814,0.014851485379040241,0.20792078971862793,0.12376237660646439,0.28217822313308716,0.496767,0.5938,OD
2025-11-16,0.3418840611726045,0.1642512083053589,0.49275362491607666,0.08212560415267944,0.8309178948402405,0.2801932394504547,0.498471,0.5938,OD
2025-11-30,0.08055,0.0,0.0,0.4475,0.0,0.0,0.476303,0.084,OD
2025-12-14,0.069233,0.0,0.0,0.38463,0.0,0.0,0.500216,0.324,OD
2025-12-28,0.152448,0.0,0.142857,0.510952,0.047619,0.047619,0.484455,0.126,OD
2026-01-11,0.101343,0.0,0.051724,0.425086,0.0,0.034483,0.492014,0.348,OD
2026-01-25,0.221722,0.0,0.252632,0.558105,0.0,0.168421,0.467995,0.57,OD
2026-02-08,0.075043,0.0,0.0,0.416905,0.0,0.0,0.515661,0.126,OD
2026-02-22,0.40252525120973587,0.4191919267177582,0.4898989796638489,0.21212121844291687,0.8131313323974609,0.20202019810676575,0.498273,0.5938,OD
2026-03-08,0.7519047576189042,0.8714285492897034,0.961904764175415,0.8571428656578064,0.9952380657196045,0.07619047909975052,0.479084,0.5938,OD
2026-03-22,0.0708,0.0,0.0,0.393333,0.0,0.0,0.489138,0.252,OD
2026-04-05,0.095558,0.0,0.052632,0.416842,0.052632,0.0,0.506135,0.114,OD
2026-04-19,0.38077720984816554,0.17098446190357208,0.2227979302406311,0.6321243643760681,0.32642486691474915,0.6580311059951782,0.496487,0.5938,OD
2026-05-03,0.6649484574794768,0.5412371158599854,0.6134020686149597,0.6134020686149597,0.623711347579956,0.8814433217048645,0.490803,0.5938,OD
2026-05-17,0.071645,0.0,0.0,0.398026,0.0,0.0,0.472593,0.228,OD
2026-05-31,0.120838,0.0,0.108696,0.343424,0.01087,0.097826,0.494211,0.552,OD
2026-06-14,0.083913,0.0,0.066667,0.347667,0.0,0.0,0.502861,0.09,OD
2026-06-28,0.4540703594684601,0.24623115360736847,0.3316583037376404,0.6080402135848999,0.6080402135848999,0.5929648280143738,0.493718,0.5938,OD
2026-07-26,0.4410160419344902,0.614973247051239,0.16577540338039398,0.6310160160064697,0.3475935757160187,0.5882353186607361,0.493681,0.5938,OD
2026-08-09,0.189761,0.0,0.19403,0.504478,0.014925,0.149254,0.487962,0.402,OD
2026-08-23,0.104944,0.0,0.0625,0.416354,0.0,0.041667,0.494417,0.288,OD
2026-09-06,0.46854921832680707,0.4196891188621521,0.3730570077896118,0.6373056769371033,0.23834197223186493,0.6373056769371033,0.498156,0.5938,OD
2026-09-20,0.6998989951610565,0.6565656661987305,0.7929292917251587,0.6212121248245239,0.9696969985961914,0.5353535413742065,0.493614,0.5938,OD
2026-10-02,0.2961904808878899,0.2554112672805786,0.11688311398029327,0.4458874464035034,0.2380952388048172,0.4848484992980957,0.499739,0.5938,OD
2025-10-05,0.260704,0.0,0.333333,0.633542,0.0,0.166667,0.492958,0.144,MD
2025-10-19,0.123353,0.0,0.133333,0.422333,0.066667,0.0,0.487812,0.09,MD
2025-11-02,0.08683168206363917,0.029702970758080482,0.039603959769010544,0.014851485379040241,0.15346534550189972,0.07920791953802109,0.509921,0.5134,MD
2025-11-16,0.7454589509963989,0.8985507488250732,0.9710144996643066,0.8840579986572266,0.9951691031455994,0.028985507786273956,0.491071,0.5134,MD
2025-11-30,0.256146,0.0,0.3125,0.640625,0.083333,0.145833,0.461682,0.288,MD
2025-12-14,0.0945,0.0,0.0,0.525,0.0,0.0,0.504108,0.024,MD
2025-12-28,0.295,0.0,0.5,0.75,0.0,0.0,0.484432,0.012,MD
2026-01-11,0.06345,0.0,0.0,0.3525,0.0,0.0,0.520801,0.012,MD
2026-01-25,0.208533,0.0,0.166667,0.64,0.0,0.166667,0.481249,0.036,MD
2026-02-08,0.1691,0.0,0.25,0.495,0.0,0.0,0.496556,0.024,MD
2026-02-22,0.7362121087312699,0.7828282713890076,0.9444444179534912,0.7323232293128967,1.0,0.24747474491596222,0.49445,0.5134,MD
2026-04-05,0.167481,0.0,0.125,0.541563,0.0,0.125,0.493448,0.096,MD
2026-04-19,0.643316052928567,0.7979274392127991,0.7616580128669739,0.3730570077896118,0.9326424598693848,0.3730570077896118,0.505124,0.5134,MD
2026-05-03,0.24685566358268263,0.09278350323438644,0.12371134012937546,0.5051546096801758,0.23711340129375458,0.3711340129375458,0.513873,0.5134,MD
2026-05-17,0.129698,0.0,0.086207,0.484914,0.034483,0.051724,0.487795,0.348,MD
2026-05-31,0.077885,0.0,0.0,0.432692,0.0,0.0,0.492614,0.078,MD
2026-06-14,0.056674,0.0,0.0,0.314853,0.0,0.0,0.504243,0.204,MD
2026-06-28,0.224170857258141,0.1658291518688202,0.14572864770889282,0.37688443064689636,0.23618090152740479,0.23618090152740479,0.483208,0.5134,MD
2026-07-12,0.21038043528795242,0.054347824305295944,0.11413043737411499,0.22282609343528748,0.19021739065647125,0.385869562625885,0.489016,0.5134,MD
2026-07-26,0.22438502974808217,0.06951871514320374,0.1764705926179886,0.22994652390480042,0.3850267231464386,0.3743315637111664,0.504729,0.5134,MD
2026-08-09,0.41388,0.0,0.6,0.716,0.3,0.3,0.472375,0.06,MD
2026-08-23,0.027,0.0,0.0,0.15,0.0,0.0,0.474194,0.012,MD
2026-09-06,0.36145077705383305,0.6165803074836731,0.12953367829322815,0.45077720284461975,0.19170984625816345,0.4196891188621521,0.502645,0.5134,MD
2026-09-20,0.6328282940387725,0.9696969985961914,0.5454545617103577,0.9141414165496826,0.2070707082748413,0.2373737394809723,0.470708,0.5134,MD
2026-10-02,0.2952381008863449,0.13852813839912415,0.13852813839912415,0.5411255359649658,0.13852813839912415,0.5108225345611572,0.492243,0.5134,MD
2025-10-05,0.101063,0.035088,0.052632,0.415263,0.035088,0.0,0.490605,0.342,FI
2025-10-19,0.211373,0.0,0.243243,0.515135,0.027027,0.162162,0.493246,0.222,FI
2025-11-02,0.6132178249955178,0.3663366436958313,0.7326732873916626,0.6336633563041687,0.905940592288971,0.5495049357414246,0.49336,0.6,FI
2025-11-16,0.5000966203212738,0.48792269825935364,0.4106280207633972,0.7101449370384216,0.09661835432052612,0.5603864789009094,0.489244,0.6,FI
2025-11-30,0.170818,0.0,0.211111,0.422444,0.122222,0.077778,0.503875,0.54,FI
2025-12-14,0.072934,0.0,0.007143,0.382964,0.0,0.007143,0.494654,0.6,FI
2025-12-28,0.074145,0.0,0.0,0.411915,0.0,0.0,0.488042,0.282,FI
2026-01-11,0.122659,0.0,0.081081,0.429189,0.0,0.081081,0.498993,0.222,FI
2026-01-25,0.068767,0.0,0.0,0.382037,0.0,0.0,0.502756,0.324,FI
2026-02-08,0.129702,0.021739,0.130435,0.435543,0.0,0.021739,0.493809,0.276,FI
2026-02-22,0.6212121266126632,0.560606062412262,0.6111111044883728,0.7020202279090881,0.8838383555412292,0.5202020406723022,0.498908,0.6,FI
2026-03-08,0.40580953031778333,0.190476194024086,0.3619047701358795,0.7047619223594666,0.6047618985176086,0.4238095283508301,0.493575,0.6,FI
2026-03-22,0.173361,0.0,0.156863,0.475098,0.0,0.156863,0.493559,0.306,FI
2026-04-05,0.18976,0.080645,0.16129,0.527339,0.0,0.112903,0.478494,0.372,FI
2026-04-19,0.4085492140054703,0.5025906562805176,0.5388600826263428,0.17098446190357208,0.6735751032829285,0.17098446190357208,0.50436,0.6,FI
2026-05-03,0.7644329965114595,0.9484536051750183,0.9226804375648499,0.9587628841400146,0.5,0.2164948433637619,0.490972,0.6,FI
2026-05-17,0.077304,0.018519,0.0,0.408889,0.0,0.0,0.494325,0.324,FI
2026-05-31,0.136541,0.019608,0.117647,0.441569,0.019608,0.058824,0.484572,0.306,FI
2026-06-14,0.088139,0.0,0.032787,0.425,0.016393,0.0,0.494891,0.366,FI
2026-06-28,0.7941708499193192,0.8492462038993835,0.8442211151123047,0.18090452253818512,0.929648220539093,0.9497487545013428,0.478601,0.6,FI
2026-07-12,0.6746195530891418,0.554347813129425,0.7228260636329651,0.20108695328235626,0.804347813129425,0.989130437374115,0.492115,0.6,FI
2026-07-26,0.4296256621181965,0.4010695219039917,0.5721924901008606,0.1818181872367859,0.8770053386688232,0.2245989292860031,0.502134,0.6,FI
2026-08-09,0.139978,0.0,0.111111,0.484444,0.055556,0.055556,0.501113,0.108,FI
2026-08-23,0.100371,0.0,0.076923,0.420865,0.0,0.0,0.496856,0.312,FI
2026-09-06,0.13756476726382968,0.11917098611593246,0.062176164239645004,0.20725388824939728,0.11917098611593246,0.19170984625816345,0.502897,0.6,FI
2026-09-20,0.44186869263648987,0.5454545617103577,0.5353535413742065,0.1818181872367859,0.752525269985199,0.10606060922145844,0.485545,0.6,FI
2026-10-02,0.2929437202215195,0.2770562767982483,0.2943722903728485,0.26406925916671753,0.411255419254303,0.26406925916671753,0.502136,0.6,FI
2025-10-05,0.1296,0.0,0.0,0.72,0.0,0.0,0.474576,0.012,MR
2025-11-30,0.0234,0.0,0.0,0.13,0.0,0.0,0.473856,0.006,MR
2025-12-14,0.249893,0.0,0.275862,0.576034,0.0,0.241379,0.468538,0.174,MR
2025-12-28,0.2581,0.0,0.285714,0.545,0.0,0.285714,0.478395,0.042,MR
2026-01-11,0.018,0.0,0.0,0.1,0.0,0.0,0.485465,0.03,MR
2026-01-25,0.0657,0.0,0.0,0.365,0.0,0.0,0.476303,0.018,MR
2026-02-22,0.31888889327645303,0.9343434572219849,0.04040404036641121,0.05050504952669144,0.01515151560306549,0.21212121844291687,0.486188,0.3216,MR
2026-03-22,0.455,0.0,1.0,0.75,0.0,0.0,0.443885,0.012,MR
2026-05-03,0.25634020224213605,0.09793814271688461,0.08762886375188828,0.5,0.21134020388126373,0.3505154550075531,0.476191,0.3216,MR
2026-05-17,0.093,0.0,0.0,0.516667,0.0,0.0,0.498862,0.018,MR
2026-05-31,0.0678,0.0,0.0,0.376667,0.0,0.0,0.508972,0.018,MR
2026-06-14,0.340388,0.0,0.411765,0.61,0.0,0.411765,0.503124,0.102,MR
2026-08-09,0.0315,0.0,0.0,0.175,0.0,0.0,0.493165,0.012,MR
2026-08-23,0.120856,0.0,0.111111,0.473889,0.0,0.0,0.474448,0.054,MR
2026-09-20,0.1834343469142914,0.04040404036641121,0.09090909361839294,0.3585858643054962,0.20202019810676575,0.3333333432674408,0.50377,0.3216,MR
2026-10-02,0.2927705634012818,0.08225107938051224,0.17748917639255524,0.5194805264472961,0.32900431752204895,0.5194805264472961,0.500397,0.3216,MR
2025-10-05,0.0792,0.0,0.0,0.44,0.0,0.0,0.498793,0.066,MP
2025-11-02,0.08074257493019103,0.11386138945817947,0.029702970758080482,0.039603959769010544,0.13861386477947235,0.05445544421672821,0.501052,0.4887,MP
2025-11-30,0.047957,0.0,0.0,0.266429,0.0,0.0,0.515777,0.042,MP
2025-12-14,0.083806,0.0,0.0,0.465588,0.0,0.0,0.494209,0.102,MP
2025-12-28,0.018,0.0,0.0,0.1,0.0,0.0,0.50331,0.012,MP
2026-01-11,0.102272,0.111111,0.0,0.444722,0.0,0.0,0.494229,0.108,MP
2026-01-25,0.085136,0.0,0.022727,0.402273,0.0,0.022727,0.494414,0.264,MP
2026-02-08,0.136382,0.0,0.090909,0.474848,0.0,0.090909,0.503833,0.198,MP
2026-02-22,0.24454545262269678,0.4141414165496826,0.24747474491596222,0.04040404036641121,0.010101010091602802,0.21717171370983124,0.503341,0.4887,MP
2026-03-08,0.6514285711944103,0.9428571462631226,0.7476190328598022,0.8095238208770752,0.7333333492279053,0.02380952425301075,0.487742,0.4887,MP
2026-03-22,0.186058,0.0,0.193548,0.474516,0.0,0.16129,0.486961,0.186,MP
2026-04-05,0.054,0.0,0.0,0.3,0.0,0.0,0.497877,0.012,MP
2026-04-19,0.22264248833060263,0.062176164239645004,0.11398963630199432,0.3575129508972168,0.21243523061275482,0.44041451811790466,0.499982,0.4887,MP
2026-05-17,0.0729,0.0,0.0,0.405,0.0,0.0,0.514105,0.03,MP
2026-05-31,0.07245,0.0,0.0,0.4025,0.0,0.0,0.511987,0.024,MP
2026-06-14,0.063,0.0,0.0,0.35,0.0,0.0,0.512821,0.006,MP
2026-06-28,0.2384422115981579,0.16080401837825775,0.13567839562892914,0.36180904507637024,0.24623115360736847,0.36180904507637024,0.517622,0.4887,MP
2026-07-12,0.23728261083364488,0.22282609343528748,0.1195652186870575,0.375,0.25,0.2445652186870575,0.479627,0.4887,MP
2026-07-26,0.18256683975458146,0.08021390438079834,0.09625668078660965,0.4064171016216278,0.2085561454296112,0.25668448209762573,0.504294,0.4887,MP
2026-08-09,0.0684,0.0,0.0,0.38,0.0,0.0,0.510846,0.018,MP
2026-08-23,0.071229,0.0,0.0,0.395714,0.0,0.0,0.502655,0.042,MP
2026-09-06,0.23575129359960556,0.08808290213346481,0.11917098611593246,0.3834196925163269,0.2331606149673462,0.4300518035888672,0.49197,0.4887,MP
2026-09-20,0.063,0.0,0.0,0.35,0.0,0.0,0.50468,0.006,MP
2026-10-02,0.2901731579005718,0.16883116960525513,0.12554112076759338,0.5108225345611572,0.11688311398029327,0.5151515007019043,0.494848,0.4887,MP
2025-10-05,0.174527,0.0,0.195312,0.498672,0.023438,0.085938,0.489107,0.6,DA
2025-10-19,0.241274,0.0,0.276596,0.565,0.0,0.212766,0.496518,0.282,DA
2025-11-02,0.28529703088104724,0.12871287763118744,0.21287128329277039,0.49504950642585754,0.37128713726997375,0.39603960514068604,0.497352,0.6,DA
2025-11-16,0.5086956581473351,0.5845410823822021,0.21256038546562195,0.483091801404953,0.3333333432674408,0.7536231875419617,0.485641,0.6,DA
2025-11-30,0.08058,0.0,0.027027,0.363581,0.0,0.027027,0.510934,0.444,DA
2025-12-14,0.119061,0.0,0.105882,0.410471,0.0,0.047059,0.497092,0.51,DA
2025-12-28,0.152914,0.0,0.137255,0.485686,0.039216,0.078431,0.499865,0.306,DA
2026-01-11,0.108657,0.008403,0.05042,0.459395,0.018487,0.028571,0.492262,0.6,DA
2026-01-25,0.102509,0.009146,0.051829,0.429253,0.02439,0.021341,0.494099,0.6,DA
2026-02-08,0.113408,0.019608,0.084967,0.409641,0.03268,0.026144,0.498565,0.6,DA
2026-02-22,0.606262626349926,0.5353535413742065,0.5959596037864685,0.4898989796638489,0.8636363744735718,0.6363636255264282,0.500923,0.6,DA
2026-03-08,0.3523809538409114,0.13809524476528168,0.20000000298023224,0.46666666865348816,0.3619047701358795,0.6428571343421936,0.496821,0.6,DA
2026-03-22,0.088514,0.0,0.028571,0.402857,0.0,0.028571,0.494597,0.21,DA
2026-04-05,0.140375,0.0,0.125,0.446528,0.0,0.083333,0.481849,0.432,DA
2026-04-19,0.5010880714654922,0.772020697593689,0.35233160853385925,0.772020697593689,0.4196891188621521,0.2331606149673462,0.502661,0.6,DA
2026-05-03,0.5105154570937158,0.6649484634399414,0.6185566782951355,0.21134020388126373,0.7938144207000732,0.21134020388126373,0.495365,0.6,DA
2026-05-17,0.111574,0.005618,0.073034,0.401376,0.0,0.061798,0.499515,0.6,DA
2026-05-31,0.099409,0.022727,0.045455,0.432955,0.034091,0.0,0.502481,0.528,DA
2026-06-14,0.157192,0.0,0.153846,0.467308,0.076923,0.076923,0.500645,0.156,DA
2026-06-28,0.9211557811498642,0.9195979833602905,0.8844221234321594,0.909547746181488,0.9547738432884216,0.8442211151123047,0.48701,0.6,DA
2026-07-12,0.4405978237092495,0.4945652186870575,0.657608687877655,0.14673912525177002,0.7663043737411499,0.14130434393882751,0.500267,0.6,DA
2026-07-26,0.25433154895901683,0.4117647111415863,0.25668448209762573,0.14973261952400208,0.06417112052440643,0.14973261952400208,0.485667,0.6,DA
2026-08-09,0.172343,0.0,0.188889,0.4945,0.022222,0.088889,0.48972,0.54,DA
2026-08-23,0.071571,0.0,0.0,0.397615,0.0,0.0,0.495862,0.39,DA
2026-09-06,0.42595854818820955,0.8238341808319092,0.41450777649879456,0.22797927260398865,0.45077720284461975,0.13989637792110443,0.493775,0.6,DA
2026-09-20,0.3270707008242607,0.2525252401828766,0.2070707082748413,0.2070707082748413,0.3636363744735718,0.6262626051902771,0.505218,0.6,DA
2026-10-02,0.2867965379357338,0.15584415197372437,0.15584415197372437,0.16450215876102448,0.25108224153518677,0.5584415793418884,0.4939,0.6,DA
2025-10-05,0.207856,0.026667,0.24,0.565867,0.066667,0.08,0.484169,0.45,LH
2025-10-19,0.103066,0.046154,0.046154,0.421308,0.046154,0.0,0.476902,0.39,LH
2025-11-02,0.3166336616873741,0.24752475321292877,0.5198019742965698,0.10891088843345642,0.47029703855514526,0.039603959769010544,0.5011,0.5938,LH
2025-11-16,0.35318839967250826,0.729468584060669,0.07246376574039459,0.8115941882133484,0.04830917716026306,0.08695652335882187,0.493693,0.5938,LH
2025-11-30,0.164065,0.0,0.235294,0.470294,0.058824,0.0,0.487992,0.102,LH
2025-12-14,0.122577,0.018868,0.141509,0.379623,0.009434,0.018868,0.495012,0.6,LH
2025-12-28,0.0855,0.0,0.0,0.475,0.0,0.0,0.49159,0.078,LH
2026-01-11,0.156846,0.0,0.162162,0.464459,0.027027,0.081081,0.480446,0.222,LH
2026-01-25,0.18438,0.0,0.208333,0.455469,0.010417,0.145833,0.490515,0.576,LH
2026-02-08,0.186777,0.0,0.212766,0.517553,0.0,0.106383,0.481075,0.282,LH
2026-02-22,0.0798,0.0,0.0,0.443333,0.0,0.0,0.480259,0.018,LH
2026-03-08,0.39790476381778717,0.34761905670166016,0.5666666626930237,0.17142857611179352,0.6619047522544861,0.1666666716337204,0.487775,0.5938,LH
2026-03-22,0.297267,0.0,0.333333,0.614444,0.0,0.333333,0.497032,0.054,LH
2026-04-05,0.112017,0.0,0.083333,0.474167,0.0,0.0,0.511363,0.072,LH
2026-04-19,0.1980310895293951,0.04663212597370148,0.09326425194740295,0.38860103487968445,0.1865285038948059,0.38860103487968445,0.499011,0.5938,LH
2026-05-03,0.22293814070522786,0.06185567006468773,0.11340206116437912,0.3711340129375458,0.2010309249162674,0.3814432919025421,0.505415,0.5938,LH
2026-05-17,0.110474,0.0,0.052632,0.45,0.0,0.052632,0.509322,0.114,LH
2026-05-31,0.088275,0.0,0.0,0.490417,0.0,0.0,0.498824,0.072,LH
2026-06-14,0.085085,0.0,0.0,0.472692,0.0,0.0,0.501258,0.078,LH
2026-06-28,0.670050253868103,0.623115599155426,0.8140703439712524,0.8542713522911072,0.4070351719856262,0.37688443064689636,0.488125,0.5938,LH
2026-07-12,0.37614129848778244,0.18478260934352875,0.41304346919059753,0.39673912525177,0.8260869383811951,0.39673912525177,0.507859,0.5938,LH
2026-07-26,0.20122994586825368,0.08556149899959564,0.05347593501210213,0.4491978585720062,0.1925133615732193,0.3903743326663971,0.516413,0.5938,LH
2026-08-09,0.322393,0.0,0.428571,0.648214,0.0,0.285714,0.471413,0.084,LH
2026-08-23,0.258005,0.0,0.421053,0.544474,0.0,0.105263,0.49861,0.114,LH
2026-09-06,0.4954922236502171,0.4559585452079773,0.4559585452079773,0.47668394446372986,0.7979274392127991,0.393782377243042,0.499695,0.5938,LH
2026-09-20,0.3964646532759071,0.2222222238779068,0.3585858643054962,0.4343434274196625,0.3787878751754761,0.6414141654968262,0.510013,0.5938,LH
2026-10-02,0.28541125535964973,0.42424243688583374,0.21645021438598633,0.28138527274131775,0.4285714328289032,0.16450215876102448,0.485822,0.5938,LH
2024-06-02,0.30333333000540735,0.46759259700775146,0.12962962687015533,0.33796295523643494,0.2222222238779068,0.2916666567325592,0.3888888955116272,0.0186,OMN
2024-10-20,0.28399061724543573,0.751173734664917,0.03286384791135788,0.09389671683311462,0.056338027119636536,0.2910798192024231,0.18779343366622925,0.0186,OMN
2025-10-05,0.066853,0.0,0.0,0.371406,0.0,0.0,0.490336,0.192,VT
2025-10-19,0.113446,0.0,0.071429,0.408036,0.0,0.071429,0.492557,0.168,VT
2025-11-02,0.41415842533111574,0.698019802570343,0.12871287763118744,0.8069307208061218,0.2574257552623749,0.2326732724905014,0.519967,0.532,VT
2025-11-16,0.26086956605315204,0.1304347813129425,0.2753623127937317,0.2801932394504547,0.6666666865348816,0.2415459007024765,0.509551,0.532,VT
2025-11-30,0.06689,0.0,0.0,0.371613,0.0,0.0,0.504537,0.186,VT
2025-12-14,0.079586,0.0,0.0,0.442143,0.0,0.0,0.494397,0.042,VT
2025-12-28,0.130436,0.0,0.090909,0.441818,0.0,0.090909,0.490977,0.066,VT
2026-01-11,0.072965,0.0,0.0,0.405364,0.0,0.0,0.500367,0.33,VT
2026-02-08,0.151681,0.0,0.125,0.512813,0.0625,0.0625,0.497378,0.096,VT
2026-02-22,0.2558080829679966,0.09090909361839294,0.20202019810676575,0.2777777910232544,0.28282827138900757,0.4191919267177582,0.514806,0.532,VT
2026-03-08,0.7771428461372852,0.976190447807312,0.9857142567634583,0.9809523820877075,0.24761904776096344,0.25238096714019775,0.494093,0.532,VT
2026-03-22,0.1293,0.0,0.125,0.4475,0.125,0.0,0.509858,0.096,VT
2026-04-05,0.081,0.0,0.0,0.45,0.0,0.0,0.47045,0.15,VT
2026-04-19,0.3453886076807976,0.11398963630199432,0.24352331459522247,0.48704662919044495,0.27979275584220886,0.5492228269577026,0.490987,0.532,VT
2026-05-03,0.5365463802218438,0.5670102834701538,0.3041236996650696,0.7525773048400879,0.3350515365600586,0.9020618796348572,0.488013,0.532,VT
2026-05-17,0.0738,0.0,0.0,0.41,0.0,0.0,0.505187,0.03,VT
2026-05-31,0.077775,0.0,0.0,0.432083,0.0,0.0,0.499282,0.072,VT
2026-06-14,0.058629,0.0,0.0,0.325714,0.0,0.0,0.514235,0.042,VT
2026-06-28,0.3061306563019753,0.13567839562892914,0.2010050266981125,0.4773869216442108,0.2713567912578583,0.48241207003593445,0.516196,0.532,VT
2026-07-26,0.2869518746808171,0.13368983566761017,0.11764705926179886,0.5080214142799377,0.29411765933036804,0.5401069521903992,0.505075,0.532,VT
2026-08-09,0.081,0.0,0.0,0.45,0.0,0.0,0.51049,0.006,VT
2026-08-23,0.0702,0.0,0.0,0.39,0.0,0.0,0.515165,0.042,VT
2026-09-06,0.099,0.0,0.0,0.55,0.0,0.0,0.484568,0.012,VT
2026-09-20,0.06525,0.0,0.0,0.3625,0.0,0.0,0.501225,0.024,VT
2026-10-02,0.2822510829567909,0.14718614518642426,0.14718614518642426,0.6017315983772278,0.16883116960525513,0.39393940567970276,0.505966,0.532,VT
2025-10-05,0.081,0.0,0.0,0.45,0.0,0.0,0.506993,0.012,TT
2025-10-19,0.060565,0.0,0.0,0.336471,0.0,0.0,0.518695,0.102,TT
2025-11-30,0.252443,0.0,0.285714,0.513571,0.0,0.285714,0.494332,0.042,TT
2025-12-14,0.09075,0.0,0.0,0.504167,0.0,0.0,0.48326,0.072,TT
2025-12-28,0.054,0.0,0.0,0.3,0.0,0.0,0.476351,0.018,TT
2026-01-25,0.06885,0.0,0.0,0.3825,0.0,0.0,0.502846,0.024,TT
2026-03-22,0.066375,0.0,0.0,0.36875,0.0,0.0,0.499592,0.048,TT
2026-05-17,0.0474,0.0,0.0,0.263333,0.0,0.0,0.509619,0.018,TT
2026-05-31,0.0453,0.0,0.0,0.251667,0.0,0.0,0.501918,0.018,TT
2026-06-14,0.07668,0.0,0.0,0.426,0.0,0.0,0.485147,0.03,TT
2026-06-28,0.3488944724202156,0.11055276542901993,0.21608039736747742,0.5276381969451904,0.25628140568733215,0.5276381969451904,0.507494,0.3402,TT
2026-07-12,0.30027173541486263,0.09239130467176437,0.17934782803058624,0.532608687877655,0.2663043439388275,0.554347813129425,0.510963,0.3402,TT
2026-07-26,0.27689838953316215,0.048128340393304825,0.13368983566761017,0.5240641832351685,0.26203209161758423,0.5508021116256714,0.502292,0.3402,TT
2026-08-09,0.175233,0.0,0.166667,0.455,0.0,0.166667,0.500478,0.036,TT
2026-08-23,0.0792,0.0,0.0,0.44,0.0,0.0,0.510656,0.018,TT
2026-09-20,0.316262620985508,0.14141413569450378,0.28787878155708313,0.5202020406723022,0.3737373650074005,0.36868685483932495,0.511082,0.3402,TT
2026-10-02,0.27917749136686326,0.08658009022474289,0.17316018044948578,0.6536796689033508,0.1515151560306549,0.37662336230278015,0.507317,0.3402,TT
2025-10-05,0.063,0.0,0.0,0.35,0.0,0.0,0.47695,0.024,VQ
2025-10-19,0.089613,0.0,0.066667,0.379333,0.0,0.0,0.518798,0.09,VQ
2025-11-02,0.19945544697344303,0.07920791953802109,0.15841583907604218,0.2772277295589447,0.23762376606464386,0.22772277891635895,0.505971,0.3897,VQ
2025-11-16,0.1801932354271412,0.05797101557254791,0.11594203114509583,0.2753623127937317,0.13526569306850433,0.23671497404575348,0.489135,0.3897,VQ
2025-11-30,0.081,0.0,0.0,0.45,0.0,0.0,0.508445,0.048,VQ
2025-12-14,0.120007,0.0,0.133333,0.429667,0.0,0.0,0.504754,0.09,VQ
2025-12-28,0.0567,0.0,0.0,0.315,0.0,0.0,0.493394,0.012,VQ
2026-01-11,0.215844,0.0,0.222222,0.507778,0.0,0.222222,0.479982,0.054,VQ
2026-01-25,0.081481,0.0,0.0625,0.341562,0.0,0.0,0.498649,0.096,VQ
2026-02-08,0.224586,0.0,0.285714,0.549286,0.0,0.142857,0.49629,0.084,VQ
2026-02-22,0.37449494943022726,0.2777777910232544,0.17171716690063477,0.7929292917251587,0.2777777910232544,0.4040403962135315,0.513811,0.3897,VQ
2026-03-08,0.4569999988377094,0.7190476059913635,0.5761904716491699,0.2666666805744171,0.3095238208770752,0.24761904776096344,0.497789,0.3897,VQ
2026-03-22,0.059775,0.0,0.0,0.332083,0.0,0.0,0.515244,0.072,VQ
2026-04-05,0.2545,0.0,0.5,0.525,0.0,0.0,0.444414,0.024,VQ
2026-04-19,0.35792746439576145,0.3834196925163269,0.19170984625816345,0.4818652868270874,0.2746114134788513,0.5440414547920227,0.525318,0.3897,VQ
2026-05-31,0.083957,0.0,0.0,0.466429,0.0,0.0,0.489561,0.084,VQ
2026-06-14,0.06345,0.0,0.0,0.3525,0.0,0.0,0.50071,0.036,VQ
2026-06-28,0.6365326637029648,0.6180904507637024,0.733668327331543,0.48241207003593445,0.9346733689308167,0.4623115658760071,0.500632,0.3897,VQ
2026-07-12,0.3201086883619428,0.14673912525177002,0.20652173459529877,0.4836956560611725,0.260869562625885,0.5869565010070801,0.536849,0.3897,VQ
2026-07-26,0.5954545448720455,0.5454545617103577,0.7967914342880249,0.5026738047599792,0.2139037400484085,0.427807480096817,0.501112,0.3897,VQ
2026-08-09,0.424,0.0,0.5,0.8,0.0,0.5,0.473186,0.012,VQ
2026-08-23,0.207467,0.0,0.333333,0.56,0.0,0.0,0.506058,0.018,VQ
2026-09-06,0.44989636778831477,0.7409326434135437,0.18134714663028717,0.4922279715538025,0.24352331459522247,0.49740931391716003,0.519698,0.3897,VQ
2026-09-20,0.295000002514571,0.09595959633588791,0.17676767706871033,0.6616161465644836,0.24242424964904785,0.4848484992980957,0.526425,0.3897,VQ
2026-10-02,0.27679653555154804,0.095238097012043,0.2554112672805786,0.5974025726318359,0.17316018044948578,0.32900431752204895,0.506417,0.3897,VQ
2025-10-05,0.135096,0.0,0.086957,0.48,0.0,0.086957,0.486381,0.138,GQ
2025-10-19,0.09406,0.0,0.05,0.367,0.0,0.05,0.501895,0.12,GQ
2025-11-02,0.22247525223530829,0.039603959769010544,0.09405940771102905,0.6584158539772034,0.0445544570684433,0.35148516297340393,0.485949,0.5938,GQ
2025-11-16,0.3802898532152176,0.2801932394504547,0.30434781312942505,0.6521739363670349,0.7004830837249756,0.34299516677856445,0.504618,0.5938,GQ
2025-11-30,0.082408,0.0,0.041667,0.38375,0.0,0.0,0.50443,0.144,GQ
2025-12-14,0.067263,0.0,0.0,0.373684,0.0,0.0,0.496965,0.114,GQ
2025-12-28,0.084733,0.066667,0.0,0.396667,0.0,0.0,0.521939,0.09,GQ
2026-01-11,0.217061,0.0,0.22449,0.534694,0.0,0.204082,0.483816,0.294,GQ
2026-01-25,0.064,0.0,0.0,0.355556,0.0,0.0,0.493682,0.162,GQ
2026-02-08,0.070287,0.0,0.0,0.390484,0.0,0.0,0.51181,0.186,GQ
2026-02-22,0.28777777776122093,0.1515151560306549,0.28787878155708313,0.6464646458625793,0.5959596037864685,0.12121212482452393,0.510676,0.5938,GQ
2026-03-08,0.4639047670271248,0.19523809850215912,0.4047619104385376,0.6571428775787354,0.03333333507180214,0.9238095283508301,0.515021,0.5938,GQ
2026-03-22,0.111531,0.0,0.076923,0.414487,0.0,0.051282,0.511511,0.234,GQ
2026-04-05,0.130997,0.0,0.096774,0.500161,0.032258,0.032258,0.481562,0.186,GQ
2026-04-19,0.23150259569287301,0.12435232847929001,0.15544041991233826,0.3108808398246765,0.14507772028446198,0.3108808398246765,0.499655,0.5938,GQ
2026-05-03,0.5952061820030212,0.6701030731201172,0.7577319741249084,0.29381442070007324,0.9175257682800293,0.29381442070007324,0.500277,0.5938,GQ
2026-05-17,0.116496,0.0,0.06,0.4872,0.0,0.04,0.491752,0.3,GQ
2026-05-31,0.103888,0.0,0.08,0.3816,0.0,0.04,0.498567,0.15,GQ
2026-06-14,0.099337,0.0,0.033333,0.448167,0.0,0.033333,0.498995,0.18,GQ
2026-06-28,0.32778894484043125,0.29145729541778564,0.36180904507637024,0.30150753259658813,0.16080401837825775,0.30150753259658813,0.504114,0.5938,GQ
2026-07-12,0.32576087370514867,0.21195651590824127,0.364130437374115,0.32608696818351746,0.16847826540470123,0.33152174949645996,0.49228,0.5938,GQ
2026-07-26,0.46358288258314134,0.2245989292860031,0.4171122908592224,0.31550800800323486,0.16042780876159668,0.9144384860992432,0.496896,0.5938,GQ
2026-08-09,0.0648,0.0,0.0,0.36,0.0,0.0,0.501761,0.012,GQ
2026-08-23,0.170092,0.076923,0.230769,0.449231,0.0,0.0,0.495687,0.078,GQ
2026-09-06,0.888652836084366,0.8341968655586243,0.8704662919044495,0.8393782377243042,0.9015544056892395,0.9274611473083496,0.458277,0.5938,GQ
2026-09-20,0.6648989763855934,0.7373737096786499,0.7575757503509521,0.7373737096786499,0.8030303120613098,0.3181818127632141,0.49509,0.5938,GQ
2026-10-02,0.27298701673746106,0.1818181872367859,0.2857142984867096,0.22077922523021698,0.6103895902633667,0.21645021438598633,0.49572,0.5938,GQ
2025-10-05,0.102878,0.0,0.086957,0.416957,0.0,0.0,0.494163,0.138,CM
2025-10-19,0.192416,0.0,0.1875,0.515156,0.03125,0.15625,0.490216,0.192,CM
2025-11-02,0.8818316799402237,0.896039605140686,0.8514851331710815,0.8267326951026917,0.7970296740531921,0.9603960514068604,0.475493,0.5938,CM
2025-11-16,0.4042029032111168,0.5748792290687561,0.23188406229019165,0.46859902143478394,0.5458937287330627,0.40096619725227356,0.488321,0.5938,CM
2025-11-30,0.111528,0.0,0.083333,0.423611,0.027778,0.027778,0.485373,0.216,CM
2025-12-14,0.322769,0.0,0.384615,0.630769,0.0,0.358974,0.463763,0.234,CM
2025-12-28,0.106471,0.0,0.071429,0.369286,0.0,0.071429,0.503518,0.084,CM
2026-01-11,0.309563,0.0,0.5,0.615625,0.125,0.125,0.476055,0.048,CM
2026-01-25,0.079814,0.0,0.039216,0.347549,0.0,0.019608,0.511286,0.306,CM
2026-02-08,0.074957,0.0,0.0,0.416429,0.0,0.0,0.509142,0.084,CM
2026-02-22,0.7218181782960892,0.6111111044883728,0.8333333134651184,0.469696968793869,0.9595959782600403,0.6212121248245239,0.482949,0.5938,CM
2026-03-08,0.6791428565979004,0.6761904954910278,0.8142856955528259,0.4523809552192688,0.9333333373069763,0.4761904776096344,0.480888,0.5938,CM
2026-03-22,0.105206,0.0,0.111111,0.386944,0.0,0.0,0.488966,0.108,CM
2026-04-05,0.16757,0.0,0.162162,0.498514,0.0,0.108108,0.478948,0.222,CM
2026-04-19,0.23129533387720586,0.26424869894981384,0.24870465695858002,0.12953367829322815,0.3575129508972168,0.12953367829322815,0.478893,0.5938,CM
2026-05-03,0.46603092268109325,0.3659793734550476,0.37628865242004395,0.20618556439876556,0.12886597216129303,0.8402062058448792,0.495808,0.5938,CM
2026-05-17,0.227807,0.0,0.214286,0.598929,0.0,0.214286,0.476222,0.084,CM
2026-05-31,0.31817,0.0,0.4,0.6565,0.0,0.3,0.476839,0.06,CM
2026-06-14,0.106494,0.0,0.060606,0.443485,0.0,0.030303,0.501735,0.198,CM
2026-06-28,0.13346733480691908,0.04020100459456444,0.08040200918912888,0.13567839562892914,0.08040200918912888,0.15075376629829407,0.510932,0.5938,CM
2026-07-12,0.4030978334695101,0.3695652186870575,0.6847826242446899,0.16304348409175873,0.08152174204587936,0.15760870277881622,0.500032,0.5938,CM
2026-07-26,0.4483957201242447,0.14973261952400208,0.4064171016216278,0.16042780876159668,0.6898396015167236,0.9090909361839294,0.498542,0.5938,CM
2026-08-09,0.128,0.0,0.1,0.4,0.0,0.1,0.494015,0.06,CM
2026-08-23,0.113506,0.0,0.111111,0.433056,0.0,0.0,0.484494,0.108,CM
2026-09-06,0.37275,0.0,0.75,0.7375,0.0,0.0,0.486095,0.024,CM
2026-09-20,0.19863636292517187,0.3888888955116272,0.0555555559694767,0.1262626200914383,0.06565656512975693,0.1262626200914383,0.478809,0.5938,CM
2026-10-02,0.26965367648750543,0.6969696879386902,0.18614718317985535,0.095238097012043,0.043290045112371445,0.11688311398029327,0.491441,0.5938,CM
2025-01-12,0.2480751091614366,0.03286384791135788,0.1267605572938919,0.5399060845375061,0.22065727412700653,0.46948355436325073,0.018779342994093895,0.0495,ARE
2025-12-14,0.26700507417321206,0.17258882522583008,0.13705584406852722,0.5634517669677734,0.20812182128429413,0.39593908190727234,0.10659898817539215,0.0495,ARE
2025-11-30,0.070071,0.0,0.0,0.389286,0.0,0.0,0.511542,0.042,KT
2025-12-14,0.054,0.0,0.0,0.3,0.0,0.0,0.509217,0.024,KT
2026-02-22,0.1714141385257244,0.05050504952669144,0.10606060922145844,0.17171716690063477,0.13131313025951385,0.31313130259513855,0.495173,0.0371,KT
2026-04-05,0.091543,0.0,0.0,0.508571,0.0,0.0,0.487108,0.042,KT
2026-08-23,0.081,0.0,0.0,0.45,0.0,0.0,0.505382,0.012,KT
2026-10-02,0.261967,0.0,0.333333,0.418333,0.0,0.333333,0.497286,0.018,KT
2025-10-05,0.054,0.0,0.0,0.3,0.0,0.0,0.516432,0.024,MC
2025-10-19,0.0846,0.0,0.0,0.47,0.0,0.0,0.499467,0.018,MC
2025-11-02,0.6830197958648205,0.9851484894752502,0.8415841460227966,0.9603960514068604,0.16336633265018463,0.0445544570684433,0.478653,0.2722,MC
2025-11-16,0.7058454096317293,0.8405796885490417,0.95652174949646,0.95652174949646,0.772946834564209,0.019323671236634254,0.507845,0.2722,MC
2025-11-30,0.226625,0.0,0.25,0.48125,0.0,0.25,0.497684,0.024,MC
2025-12-14,0.0543,0.0,0.0,0.301667,0.0,0.0,0.495561,0.018,MC
2025-12-28,0.1984,0.0,0.2,0.48,0.0,0.2,0.467533,0.03,MC
2026-01-11,0.3482,0.0,0.4,0.69,0.0,0.4,0.510135,0.03,MC
2026-01-25,0.0729,0.0,0.0,0.405,0.0,0.0,0.523316,0.006,MC
2026-02-08,0.0657,0.0,0.0,0.365,0.0,0.0,0.499551,0.012,MC
2026-03-08,0.081,0.0,0.0,0.45,0.0,0.0,0.509929,0.018,MC
2026-04-05,0.0234,0.0,0.0,0.13,0.0,0.0,0.509677,0.006,MC
2026-05-17,0.06885,0.0,0.0,0.3825,0.0,0.0,0.513364,0.024,MC
2026-06-28,0.1909045259654522,0.10050251334905624,0.12060301750898361,0.39698493480682373,0.24120603501796722,0.24120603501796722,0.530188,0.2722,MC
2026-08-09,0.2725,0.0,0.5,0.625,0.0,0.0,0.491215,0.012,MC
2026-09-06,0.0543,0.0,0.0,0.301667,0.0,0.0,0.501309,0.018,MC
2026-10-02,0.26056276872754097,0.034632034599781036,0.1341991275548935,0.5454545617103577,0.1341991275548935,0.5411255359649658,0.529519,0.2722,MC
2025-10-19,0.0705,0.0,0.0,0.391667,0.0,0.0,0.511382,0.036,NS
2025-11-16,0.12545893356204033,0.05314009636640549,0.014492753893136978,0.06763284653425217,0.20772947371006012,0.27053138613700867,0.519707,0.3155,NS
2025-11-30,0.066,0.0,0.0,0.366667,0.0,0.0,0.503695,0.018,NS
2025-12-28,0.352921,0.04918,0.409836,0.696557,0.0,0.360656,0.457039,0.366,NS
2026-01-11,0.141888,0.0,0.125,0.399375,0.0,0.125,0.508951,0.048,NS
2026-01-25,0.081,0.0,0.0,0.45,0.0,0.0,0.496403,0.024,NS
2026-03-08,0.188809524923563,0.11428571492433548,0.24285714328289032,0.0476190485060215,0.4952380955219269,0.05714285746216774,0.49718,0.3155,NS
2026-04-05,0.099,0.0,0.0,0.55,0.0,0.0,0.47956,0.06,NS
2026-05-03,0.41752576231956484,0.5360824465751648,0.1649484485387802,0.6391752362251282,0.3298968970775604,0.47422680258750916,0.502861,0.3155,NS
2026-05-17,0.027,0.0,0.0,0.15,0.0,0.0,0.495763,0.024,NS
2026-06-14,0.06885,0.0,0.0,0.3825,0.0,0.0,0.485337,0.012,NS
2026-07-26,0.16641711227595807,0.026737967506051064,0.07486630976200104,0.3475935757160187,0.2032085508108139,0.26203209161758423,0.508,0.3155,NS
2026-08-09,0.4818,0.0,0.6,0.81,0.0,0.6,0.441127,0.03,NS
2026-08-23,0.09,0.0,0.0,0.5,0.0,0.0,0.487705,0.006,NS
2026-09-06,0.34310881316661834,0.041450776159763336,0.16580310463905334,0.6580311059951782,0.3212435245513916,0.621761679649353,0.52123,0.3155,NS
2026-09-20,0.0585,0.0,0.0,0.325,0.0,0.0,0.490998,0.024,NS
2026-10-02,0.2586147218942642,0.07792207598686218,0.12121212482452393,0.44155845046043396,0.24242424964904785,0.4761904776096344,0.495317,0.3155,NS
2025-12-14,0.0784,0.0,0.0,0.435556,0.0,0.0,0.49696,0.054,IO
2026-01-11,0.081,0.0,0.0,0.45,0.0,0.0,0.492846,0.024,IO
2026-01-25,0.06885,0.0,0.0,0.3825,0.0,0.0,0.48893,0.048,IO
2026-02-08,0.365,0.0,0.666667,0.583333,0.666667,0.0,0.487887,0.018,IO
2026-02-22,0.28863636255264286,0.49494948983192444,0.25757575035095215,0.11616161465644836,0.5555555820465088,0.06060606241226196,0.489129,0.0371,IO
2026-03-08,0.253667,0.0,0.333333,0.816667,0.0,0.0,0.487013,0.018,IO
2025-10-05,0.093877,0.069767,0.023256,0.402674,0.0,0.0,0.505002,0.258,FJ
2025-10-19,0.121025,0.0,0.070175,0.454035,0.0,0.070175,0.516006,0.342,FJ
2025-11-02,0.5883663252741099,0.4009900987148285,0.6732673048973083,0.6633663177490234,0.594059407711029,0.5396039485931396,0.505795,0.6,FJ
2025-11-16,0.7089855120331049,0.7632850408554077,0.8357487916946411,0.8164251446723938,0.0917874425649643,0.5507246255874634,0.511026,0.6,FJ
2025-11-30,0.074417,0.0,0.0,0.413429,0.0,0.0,0.508228,0.21,FJ
2025-12-14,0.225,0.0,0.294118,0.558824,0.029412,0.117647,0.485806,0.204,FJ
2025-12-28,0.104136,0.0,0.055556,0.405694,0.0,0.055556,0.506482,0.216,FJ
2026-01-11,0.101878,0.0,0.055556,0.393148,0.0,0.055556,0.506422,0.324,FJ
2026-01-25,0.088312,0.0,0.038462,0.422244,0.0,0.0,0.495119,0.468,FJ
2026-02-08,0.137598,0.0,0.118644,0.456525,0.016949,0.067797,0.495373,0.354,FJ
2026-02-22,0.5371717077493667,0.7727272510528564,0.2626262605190277,0.6969696879386902,0.5707070827484131,0.5151515007019043,0.492935,0.6,FJ
2026-03-08,0.6915238153934479,0.5571428537368774,0.6761904954910278,0.7095237970352173,0.3571428656578064,0.9095237851142883,0.489541,0.6,FJ
2026-03-22,0.108763,0.0,0.04878,0.485,0.0,0.02439,0.498081,0.246,FJ
2026-04-05,0.126189,0.0,0.065217,0.498152,0.0,0.065217,0.492048,0.276,FJ
2026-04-19,0.23704663448035718,0.5336787700653076,0.05699481815099716,0.17616580426692963,0.10880828648805618,0.17616580426692963,0.487,0.6,FJ
2026-05-03,0.3017010248452425,0.42268040776252747,0.3350515365600586,0.18041236698627472,0.10824742168188095,0.17525772750377655,0.495087,0.6,FJ
2026-05-17,0.085984,0.0,0.022222,0.408556,0.0,0.022222,0.503492,0.27,FJ
2026-05-31,0.072541,0.0,0.010309,0.38067,0.010309,0.0,0.508856,0.582,FJ
2026-06-14,0.088614,0.0,0.035714,0.42881,0.0,0.0,0.486495,0.504,FJ
2026-06-28,0.22090452790260318,0.18592964112758636,0.26633167266845703,0.1658291518688202,0.3668341636657715,0.17587940394878387,0.507001,0.6,FJ
2026-07-12,0.2144565207604319,0.1304347813129425,0.2445652186870575,0.125,0.39673912525177,0.19565217196941376,0.501199,0.6,FJ
2026-07-26,0.22331551063805818,0.33155080676078796,0.2192513346672058,0.12299465388059616,0.10160427540540695,0.1871657818555832,0.510661,0.6,FJ
2026-08-09,0.092557,0.010204,0.05102,0.394592,0.010204,0.010204,0.507756,0.588,FJ
2026-08-23,0.078834,0.0,0.019802,0.398911,0.009901,0.0,0.499733,0.6,FJ
2026-09-06,0.13176165856420993,0.10880828648805618,0.05699481815099716,0.20207254588603973,0.11398963630199432,0.2227979302406311,0.502347,0.6,FJ
2026-09-20,0.3733333334326744,0.4141414165496826,0.40909090638160706,0.2525252401828766,0.5808081030845642,0.17171716690063477,0.503153,0.6,FJ
2026-10-02,0.25597402125597,0.22077922523021698,0.22510822117328644,0.268398255109787,0.36796537041664124,0.268398255109787,0.499886,0.6,FJ
2025-10-19,0.0798,0.0,0.0,0.443333,0.0,0.0,0.517742,0.018,WI
2025-11-02,0.17900990234687925,0.07425742596387863,0.14851485192775726,0.2871287167072296,0.2871287167072296,0.24257425963878632,0.508117,0.1113,WI
2025-12-28,0.0594,0.0,0.0,0.33,0.0,0.0,0.483075,0.012,WI
2026-01-25,0.174743,0.0,0.285714,0.462857,0.0,0.0,0.490858,0.042,WI
2026-02-08,0.063,0.0,0.0,0.35,0.0,0.0,0.497483,0.006,WI
2026-03-08,0.3714761945605278,0.5761904716491699,0.24761904776096344,0.27619048953056335,0.5,0.261904776096344,0.496598,0.1113,WI
2026-05-17,0.341,0.0,0.4,0.65,0.0,0.4,0.478712,0.03,WI
2026-05-31,0.03645,0.0,0.0,0.2025,0.0,0.0,0.524678,0.012,WI
2026-06-14,0.09,0.0,0.0,0.5,0.0,0.0,0.495591,0.006,WI
2026-07-26,0.427700537443161,0.1818181872367859,0.47058823704719543,0.49197861552238464,0.28342247009277344,0.51871657371521,0.507317,0.1113,WI
2026-08-09,0.03144,0.0,0.0,0.174667,0.0,0.0,0.502913,0.09,WI
2026-09-06,0.0798,0.0,0.0,0.443333,0.0,0.0,0.509958,0.018,WI
2026-09-20,0.335606065839529,0.09090909361839294,0.1818181872367859,0.7070707082748413,0.22727273404598236,0.44949495792388916,0.497348,0.1113,WI
2026-10-02,0.25086580678820614,0.051948051899671555,0.1515151560306549,0.6060606241226196,0.18614718317985535,0.3636363744735718,0.500397,0.1113,WI
2025-10-05,0.078943,0.0,0.0,0.438571,0.0,0.0,0.505674,0.042,IC
2025-10-19,0.119497,0.0,0.081081,0.411622,0.0,0.081081,0.491831,0.222,IC
2025-11-02,0.32103960374370216,0.7920792102813721,0.07920791953802109,0.42574256658554077,0.019801979884505272,0.11881188303232193,0.49138,0.5814,IC
2025-11-16,0.5168599140644073,0.9275362491607666,0.2995169162750244,0.8067632913589478,0.6376811861991882,0.12077295035123825,0.484397,0.5814,IC
2025-11-30,0.149737,0.0,0.215686,0.448431,0.0,0.0,0.504417,0.306,IC
2025-12-14,0.188282,0.0,0.272727,0.490455,0.181818,0.0,0.499892,0.066,IC
2025-12-28,0.072765,0.0,0.0,0.40425,0.0,0.0,0.489913,0.12,IC
2026-01-11,0.090642,0.0,0.038462,0.435192,0.0,0.0,0.492809,0.156,IC
2026-01-25,0.087393,0.0,0.02439,0.409634,0.0,0.02439,0.4962,0.246,IC
2026-02-08,0.092474,0.0,0.037037,0.398519,0.0,0.037037,0.51071,0.162,IC
2026-02-22,0.3230808126926422,0.1666666716337204,0.44949495792388916,0.40909090638160706,0.12121212482452393,0.1515151560306549,0.483225,0.5814,IC
2026-03-08,0.1949523841496557,0.20476190745830536,0.12380952388048172,0.41428571939468384,0.009523809887468815,0.18571428954601288,0.499374,0.5814,IC
2026-03-22,0.071959,0.0,0.0,0.399773,0.0,0.0,0.501351,0.264,IC
2026-04-05,0.152156,0.0,0.1875,0.439063,0.1875,0.0,0.490429,0.096,IC
2026-04-19,0.16839377999305727,0.06735751032829285,0.1347150206565857,0.2590673565864563,0.12953367829322815,0.2590673565864563,0.503659,0.5814,IC
2026-05-03,0.6261855678260327,0.8453608155250549,0.7989690899848938,0.25773194432258606,0.9536082744598389,0.25773194432258606,0.49569,0.5814,IC
2026-05-17,0.164287,0.086957,0.130435,0.533478,0.130435,0.0,0.490285,0.138,IC
2026-05-31,0.133347,0.066667,0.066667,0.459333,0.0,0.066667,0.507258,0.09,IC
2026-06-14,0.138767,0.133333,0.066667,0.478333,0.066667,0.0,0.509637,0.09,IC
2026-06-28,0.4759296402335167,0.4773869216442108,0.5125628113746643,0.7587939500808716,0.1306532621383667,0.24623115360736847,0.494754,0.5814,IC
2026-07-12,0.20809782385826112,0.125,0.16304348409175873,0.30434781312942505,0.14673912525177002,0.29347825050354004,0.497383,0.5814,IC
2026-08-09,0.080053,0.0,0.0,0.444737,0.0,0.0,0.501082,0.114,IC
2026-08-23,0.091395,0.0,0.069767,0.383721,0.0,0.0,0.496377,0.258,IC
2026-09-06,0.2173056993819773,0.062176164239645004,0.20725388824939728,0.29015544056892395,0.36269429326057434,0.29015544056892395,0.496535,0.5814,IC
2026-09-20,0.25858586326241495,0.4191919267177582,0.07575757801532745,0.2929292917251587,0.15656565129756927,0.3080808222293854,0.511067,0.5814,IC
2026-10-02,0.2506926358491183,0.3722943663597107,0.25108224153518677,0.20346319675445557,0.10822510719299316,0.20779220759868622,0.502827,0.5814,IC
2025-10-05,0.045225,0.0,0.0,0.25125,0.0,0.0,0.515022,0.048,KG
2025-10-19,0.128882,0.0,0.090909,0.433182,0.0,0.090909,0.511523,0.132,KG
2025-11-02,0.11128712797537446,0.10891088843345642,0.059405941516160965,0.16336633265018463,0.15841583907604218,0.14851485192775726,0.517462,0.4948,KG
2025-11-16,0.09405797198414803,0.009661835618317127,0.07729468494653702,0.19806763529777527,0.05797101557254791,0.1497584581375122,0.502971,0.4948,KG
2025-11-30,0.123006,0.0,0.092308,0.454308,0.061538,0.030769,0.494133,0.39,KG
2025-12-14,0.084095,0.0,0.047619,0.319048,0.0,0.047619,0.50062,0.126,KG
2025-12-28,0.4928,0.0,1.0,0.96,0.0,0.0,0.490797,0.006,KG
2026-01-11,0.0468,0.0,0.0,0.26,0.0,0.0,0.501285,0.024,KG
2026-01-25,0.07485,0.0,0.0,0.415833,0.0,0.0,0.48905,0.036,KG
2026-02-08,0.134792,0.0,0.125,0.426625,0.0,0.075,0.490074,0.24,KG
2026-02-22,0.9868181908130647,0.9949495196342468,1.0,0.9848484992980957,0.9949495196342468,1.0,0.485559,0.4948,KG
2026-03-08,0.9338095247745515,0.8857142925262451,0.9523809552192688,0.9428571462631226,0.776190459728241,0.9142857193946838,0.474796,0.4948,KG
2026-03-22,0.108564,0.071429,0.071429,0.396786,0.0,0.0,0.506679,0.084,KG
2026-04-05,0.314133,0.0,0.666667,0.56,0.0,0.0,0.512763,0.018,KG
2026-05-17,0.106825,0.0,0.083333,0.412917,0.083333,0.0,0.506618,0.072,KG
2026-05-31,0.250712,0.0,0.333333,0.613871,0.0,0.139785,0.482114,0.558,KG
2026-06-14,0.08112,0.0,0.0,0.450667,0.0,0.0,0.510713,0.09,KG
2026-06-28,0.23849246501922605,0.08542713522911072,0.1658291518688202,0.402010053396225,0.20603014528751373,0.402010053396225,0.52359,0.4948,KG
2026-07-26,0.15620320640504362,0.06417112052440643,0.08021390438079834,0.27807486057281494,0.13903743028640747,0.28877004981040955,0.522599,0.4948,KG
2026-08-09,0.05994,0.0,0.0,0.333,0.0,0.0,0.5,0.03,KG
2026-08-23,0.06417,0.0,0.0,0.3565,0.0,0.0,0.523948,0.12,KG
2026-09-06,0.22761657997965817,0.08290155231952667,0.2331606149673462,0.42487046122550964,0.15025906264781952,0.2746114134788513,0.501335,0.4948,KG
2026-09-20,0.3971717157959938,0.34343433380126953,0.3484848439693451,0.46464645862579346,0.5,0.3636363744735718,0.492479,0.4948,KG
2026-10-02,0.2506493489444256,0.11255411058664322,0.23376622796058655,0.3246753215789795,0.4761904776096344,0.29004329442977905,0.510032,0.4948,KG
2025-10-19,0.0594,0.0,0.0,0.33,0.0,0.0,0.540755,0.048,SE
2025-11-16,0.3737198024988175,0.4057970941066742,0.35748791694641113,0.4057970941066742,0.7439613342285156,0.26570048928260803,0.507955,0.3464,SE
2025-11-30,0.0936,0.0,0.0,0.52,0.0,0.0,0.510584,0.024,SE
2025-12-14,0.3835,0.0,0.5,0.575,0.0,0.5,0.480634,0.012,SE
2026-01-11,0.066343,0.0,0.0,0.368571,0.0,0.0,0.521246,0.042,SE
2026-02-08,0.055125,0.0,0.0,0.30625,0.0,0.0,0.523463,0.12,SE
2026-02-22,0.16878787606954576,0.06565656512975693,0.18686868250370026,0.3737373650074005,0.2525252401828766,0.10606060922145844,0.563981,0.3464,SE
2026-03-08,0.21361905284225943,0.15238095819950104,0.11428571492433548,0.34761905670166016,0.10000000149011612,0.34285715222358704,0.516047,0.3464,SE
2026-03-22,0.0936,0.0,0.0,0.52,0.0,0.0,0.50826,0.018,SE
2026-04-05,0.10308,0.0,0.1,0.356,0.1,0.0,0.507972,0.06,SE
2026-04-19,0.33139896348118786,0.09326425194740295,0.22797927260398865,0.5492228269577026,0.29015544056892395,0.5647668242454529,0.49354,0.3464,SE
2026-05-03,0.3371649466454983,0.1855670064687729,0.21134020388126373,0.5206185579299927,0.29381442070007324,0.561855673789978,0.515875,0.3464,SE
2026-05-17,0.067521,0.0,0.0,0.375116,0.0,0.0,0.510188,0.258,SE
2026-05-31,0.027,0.0,0.0,0.15,0.0,0.0,0.47824,0.006,SE
2026-06-14,0.067076,0.0,0.0,0.372647,0.0,0.0,0.51886,0.102,SE
2026-06-28,0.3498492389917374,0.14572864770889282,0.2613065242767334,0.5628140568733215,0.28140702843666077,0.5628140568733215,0.520099,0.3464,SE
2026-08-23,0.06885,0.0,0.0,0.3825,0.0,0.0,0.525,0.012,SE
2026-09-06,0.108,0.0,0.0,0.6,0.0,0.0,0.520408,0.006,SE
2026-09-20,0.2974747504293918,0.10606060922145844,0.13636364042758942,0.5656565427780151,0.2777777910232544,0.5707070827484131,0.518601,0.3464,SE
2026-10-02,0.2506060540303588,0.06926406919956207,0.10389610379934311,0.7056276798248291,0.20779220759868622,0.40692639350891113,0.50635,0.3464,SE
2025-05-04,0.24999999988824131,0.4236453175544739,0.11330049484968185,0.33990147709846497,0.029556650668382645,0.33990147709846497,0.029556650668382645,0.0124,PNG
2025-11-16,0.31743961572647095,0.7246376872062683,0.1497584581375122,0.30434781312942505,0.15458936989307404,0.20772947371006012,0.486526,0.167,TV
2025-12-28,0.0432,0.0,0.0,0.24,0.0,0.0,0.485765,0.036,TV
2026-01-25,0.061425,0.0,0.0,0.34125,0.0,0.0,0.50645,0.024,TV
2026-02-08,0.072,0.0,0.0,0.4,0.0,0.0,0.502301,0.018,TV
2026-02-22,0.0522,0.0,0.0,0.29,0.0,0.0,0.501551,0.012,TV
2026-03-08,0.15223809987306594,0.009523809887468815,0.13333334028720856,0.3047619163990021,0.05238095298409462,0.20476190745830536,0.49797,0.167,TV
2026-04-05,0.0234,0.0,0.0,0.13,0.0,0.0,0.510574,0.018,TV
2026-04-19,0.31606217950582505,0.08808290213346481,0.20207254588603973,0.5284973978996277,0.26424869894981384,0.5336787700653076,0.511469,0.167,TV
2026-05-03,0.5859278373420238,0.3865979313850403,0.6546391844749451,0.7164948582649231,0.8556700944900513,0.5206185579299927,0.500962,0.167,TV
2026-05-17,0.063,0.0,0.0,0.35,0.0,0.0,0.49406,0.006,TV
2026-07-26,0.9478609603643418,0.9197860956192017,0.9572192430496216,0.9411764740943909,0.9572192430496216,0.9946523904800415,0.485498,0.167,TV
2026-09-20,0.067275,0.0,0.0,0.37375,0.0,0.0,0.519617,0.024,TV
2026-10-02,0.24961038306355476,0.11688311398029327,0.08225107938051224,0.6450216174125671,0.16017316281795502,0.3896103799343109,0.500696,0.167,TV
2025-10-05,0.06885,0.0,0.0,0.3825,0.0,0.0,0.50404,0.012,MG
2025-10-19,0.060086,0.0,0.0,0.33381,0.0,0.0,0.520178,0.126,MG
2025-11-02,0.05108910955488682,0.03465346619486809,0.03465346619486809,0.019801979884505272,0.1435643583536148,0.049504950642585754,0.519903,0.4515,MG
2025-11-16,0.4194202825054526,0.3913043439388275,0.7439613342285156,0.10144927352666855,0.9323671460151672,0.03381642326712608,0.492987,0.4515,MG
2025-11-30,0.108095,0.0,0.047619,0.452381,0.0,0.047619,0.511059,0.126,MG
2025-12-14,0.116936,0.0,0.090909,0.366818,0.0,0.090909,0.494076,0.066,MG
2025-12-28,0.05835,0.0,0.0,0.324167,0.0,0.0,0.518382,0.036,MG
2026-01-11,0.0657,0.0,0.0,0.365,0.0,0.0,0.497486,0.012,MG
2026-01-25,0.070282,0.0,0.0,0.390455,0.0,0.0,0.514764,0.066,MG
2026-02-08,0.0612,0.0,0.0,0.34,0.0,0.0,0.513589,0.012,MG
2026-02-22,0.37196969501674176,0.33838382363319397,0.5353535413742065,0.020202020183205605,0.8585858345031738,0.2373737394809723,0.504387,0.4515,MG
2026-03-08,0.054,0.0,0.0,0.3,0.0,0.0,0.504896,0.006,MG
2026-03-22,0.065025,0.0,0.0,0.36125,0.0,0.0,0.509609,0.024,MG
2026-04-05,0.7,0.0,1.0,1.0,0.0,1.0,0.503802,0.036,MG
2026-05-03,0.308556696549058,0.22164948284626007,0.3659793734550476,0.4020618498325348,0.438144326210022,0.23711340129375458,0.496391,0.4515,MG
2026-05-17,0.09,0.0,0.0,0.5,0.0,0.0,0.488301,0.006,MG
2026-05-31,0.055853,0.0,0.0,0.310294,0.0,0.0,0.506101,0.306,MG
2026-06-14,0.065383,0.0,0.016949,0.310508,0.0,0.016949,0.516904,0.354,MG
2026-07-12,0.458260864764452,0.8152173757553101,0.1304347813129425,0.79347825050354,0.22282609343528748,0.3695652186870575,0.512221,0.4515,MG
2026-08-23,0.070667,0.0,0.0,0.392593,0.0,0.0,0.506756,0.162,MG
2026-09-06,0.23917098693549635,0.1865285038948059,0.10880828648805618,0.38860103487968445,0.196891188621521,0.3730570077896118,0.502634,0.4515,MG
2026-09-20,0.17439393818378449,0.06565656512975693,0.11616161465644836,0.3787878751754761,0.21212121844291687,0.23232322931289673,0.501826,0.4515,MG
2026-10-02,0.24878787681460382,0.03030303120613098,0.12987013161182404,0.536796510219574,0.12987013161182404,0.5064935088157654,0.502222,0.4515,MG
2025-10-05,0.063,0.0,0.0,0.35,0.0,0.0,0.51348,0.006,GV
2025-10-19,0.455,0.0,1.0,0.75,0.0,0.0,0.487445,0.006,GV
2025-11-02,0.3388613869249821,0.2524752616882324,0.30693069100379944,0.6683168411254883,0.7475247383117676,0.17326731979846954,0.492289,0.433,GV
2025-11-16,0.4360386407375336,0.782608687877655,0.23671497404575348,0.7053139805793762,0.5507246255874634,0.10144927352666855,0.497573,0.433,GV
2025-11-30,0.167366,0.0,0.171053,0.5475,0.065789,0.039474,0.485181,0.456,GV
2025-12-14,0.086544,0.0,0.025641,0.401026,0.0,0.025641,0.485483,0.234,GV
2025-12-28,0.142864,0.015504,0.131783,0.487054,0.062016,0.023256,0.484947,0.6,GV
2026-01-11,0.28199,0.0,0.380952,0.571905,0.0,0.238095,0.48277,0.126,GV
2026-01-25,0.094883,0.0,0.041667,0.3975,0.0,0.041667,0.497189,0.144,GV
2026-02-08,0.202582,0.035714,0.214286,0.561964,0.0,0.107143,0.477298,0.168,GV
2026-03-08,0.6331904822587967,0.8238095045089722,0.3333333432674408,0.6476190686225891,0.6190476417541504,0.7428571581840515,0.474073,0.433,GV
2026-03-22,0.063,0.0,0.0,0.35,0.0,0.0,0.510616,0.012,GV
2026-04-05,0.06885,0.0,0.0,0.3825,0.0,0.0,0.484791,0.012,GV
2026-04-19,0.3453367870301008,0.1606217622756958,0.41450777649879456,0.30051812529563904,0.7564767003059387,0.30051812529563904,0.49899,0.433,GV
2026-05-17,0.254075,0.0,0.25,0.63375,0.0,0.25,0.471861,0.024,GV
2026-05-31,0.174544,0.0,0.222222,0.500556,0.0,0.055556,0.468602,0.108,GV
2026-06-14,0.153924,0.0,0.12,0.4818,0.0,0.12,0.515613,0.15,GV
2026-08-23,0.160826,0.0,0.193548,0.48129,0.064516,0.032258,0.466044,0.186,GV
2026-09-06,0.3390155500173569,0.7046632170677185,0.07772020995616913,0.3108808398246765,0.1606217622756958,0.3108808398246765,0.479242,0.433,GV
2026-09-20,0.111,0.0,0.0,0.616667,0.0,0.0,0.496835,0.018,GV
2026-10-02,0.24277056455612184,0.29004329442977905,0.1818181872367859,0.22510822117328644,0.3333333432674408,0.22510822117328644,0.497865,0.433,GV
2025-08-24,0.5071717184782027,0.3585858643054962,0.7323232293128967,0.4444444477558136,0.23232322931289673,0.3888888955116272,0.2373737394809723,0.0124,BOL
2026-02-22,0.23101010218262671,0.02525252476334572,0.1262626200914383,0.5101010203361511,0.32828283309936523,0.3585858643054962,0.1818181872367859,0.0124,BOL
2026-10-02,0.22753246903419494,0.0476190485060215,0.1428571492433548,0.5627705454826355,0.16450215876102448,0.350649356842041,0.1818181872367859,0.0124,VCT
2025-10-05,0.095717,0.0,0.034483,0.424483,0.0,0.034483,0.519271,0.174,TX
2025-10-19,0.06732,0.0,0.0,0.374,0.0,0.0,0.513203,0.18,TX
2025-11-02,0.15282178290188314,0.09900990128517151,0.11881188303232193,0.2326732724905014,0.08415841311216354,0.20792078971862793,0.518345,0.5072,TX
2025-11-16,0.16719806730747222,0.06763284653425217,0.14492753148078918,0.21739129722118378,0.1497584581375122,0.25120773911476135,0.520727,0.5072,TX
2025-11-30,0.197567,0.0,0.333333,0.505,0.0,0.0,0.524789,0.036,TX
2025-12-14,0.071709,0.0,0.0,0.398385,0.0,0.0,0.505978,0.6,TX
2025-12-28,0.424,0.0,0.5,0.8,0.0,0.5,0.474926,0.012,TX
2026-01-11,0.0648,0.0,0.0,0.36,0.0,0.0,0.512876,0.006,TX
2026-01-25,0.0657,0.0,0.0,0.365,0.0,0.0,0.516501,0.06,TX
2026-02-08,0.0594,0.0,0.0,0.33,0.0,0.0,0.479167,0.03,TX
2026-02-22,0.25631313510239123,0.035353533923625946,0.14646464586257935,0.23232322931289673,0.29797980189323425,0.6060606241226196,0.519889,0.5072,TX
2026-03-08,0.14990476690232757,0.02857142873108387,0.12857143580913544,0.29523810744285583,0.07619047909975052,0.2142857164144516,0.509579,0.5072,TX
2026-03-22,0.08055,0.0,0.0,0.4475,0.0,0.0,0.5197,0.072,TX
2026-04-05,0.192614,0.0,0.285714,0.562143,0.0,0.0,0.48262,0.042,TX
2026-04-19,0.4032124412059784,0.15544041991233826,0.3575129508972168,0.5181347131729126,0.7305699586868286,0.5233160853385925,0.513509,0.5072,TX
2026-05-03,0.33989689841866494,0.19072164595127106,0.17525772750377655,0.7061855792999268,0.25773194432258606,0.5154638886451721,0.517076,0.5072,TX
2026-05-17,0.069825,0.0,0.0,0.387917,0.0,0.0,0.504694,0.144,TX
2026-05-31,0.068768,0.0,0.0,0.382045,0.0,0.0,0.519635,0.132,TX
2026-06-14,0.064575,0.0,0.0,0.35875,0.0,0.0,0.54907,0.024,TX
2026-06-28,0.40266331478953366,0.17587940394878387,0.356783926486969,0.6532663106918335,0.6683416962623596,0.4522612988948822,0.521139,0.5072,TX
2026-08-09,0.090325,0.05,0.0,0.44625,0.0,0.0,0.485582,0.12,TX
2026-08-23,0.052773,0.0,0.0,0.293182,0.0,0.0,0.484809,0.066,TX
2026-09-06,0.06885,0.0,0.0,0.3825,0.0,0.0,0.51,0.012,TX
2026-09-20,0.311414141645655,0.10101009905338287,0.19191919267177582,0.6565656661987305,0.2373737394809723,0.46464645862579346,0.483575,0.5072,TX
2026-10-02,0.2267965316027403,0.07359307259321213,0.07792207598686218,0.6580086350440979,0.15584415197372437,0.3722943663597107,0.508272,0.5072,TX
2025-10-05,0.122009,0.0,0.090909,0.395,0.0,0.090909,0.509984,0.066,TO
2025-10-19,0.2048,0.2,0.2,0.56,0.0,0.0,0.492818,0.06,TO
2025-11-16,0.17599034175276757,0.043478261679410934,0.14009661972522736,0.40096619725227356,0.15942029654979706,0.19806763529777527,0.52524,0.3588,TO
2025-12-14,0.063,0.0,0.0,0.35,0.0,0.0,0.502964,0.03,TO
2026-01-25,0.070425,0.0,0.0,0.39125,0.0,0.0,0.497118,0.024,TO
2026-02-08,0.0648,0.0,0.0,0.36,0.0,0.0,0.50277,0.024,TO
2026-02-22,0.5694949531555177,0.9595959782600403,0.14141413569450378,0.8838383555412292,0.23232322931289673,0.5555555820465088,0.481718,0.3588,TO
2026-03-08,0.19928571786731483,0.1190476194024086,0.15714286267757416,0.39523810148239136,0.0476190485060215,0.23333333432674408,0.500259,0.3588,TO
2026-04-05,0.0828,0.0,0.0,0.46,0.0,0.0,0.52328,0.03,TO
2026-04-19,0.3433160628378391,0.21243523061275482,0.1865285038948059,0.7046632170677185,0.2694300413131714,0.5181347131729126,0.524135,0.3588,TO
2026-05-17,0.3365,0.0,0.4,0.625,0.0,0.4,0.485023,0.03,TO
2026-05-31,0.09465,0.0,0.0,0.525833,0.0,0.0,0.454264,0.036,TO
2026-06-14,0.0639,0.0,0.0,0.355,0.0,0.0,0.492172,0.018,TO
2026-07-12,0.690978262424469,0.570652186870575,0.8586956262588501,0.5271739363670349,0.989130437374115,0.5489130616188049,0.45493,0.3588,TO
2026-08-09,0.0729,0.0,0.0,0.405,0.0,0.0,0.504329,0.006,TO
2026-08-23,0.249607,0.0,0.333333,0.616333,0.0,0.133333,0.466679,0.09,TO
2026-09-06,0.425544046163559,0.2849740982055664,0.29015544056892395,0.6994818449020386,0.5699481964111328,0.5233160853385925,0.498279,0.3588,TO
2026-09-20,0.4005555564165116,0.6212121248245239,0.17171716690063477,0.5353535413742065,0.25757575035095215,0.38383838534355164,0.496127,0.3588,TO
2026-10-02,0.2249350671470165,0.043290045112371445,0.06926406919956207,0.6623376607894897,0.190476194024086,0.380952388048172,0.505758,0.3588,TO
2025-11-30,0.0705,0.0,0.0,0.391667,0.0,0.0,0.481413,0.018,SC
2026-01-11,0.0759,0.0,0.0,0.421667,0.0,0.0,0.511869,0.018,SC
2026-02-22,0.1749999971687794,0.01515151560306549,0.19191919267177582,0.36868685483932495,0.3737373650074005,0.10101009905338287,0.526154,0.0866,SC
2026-03-08,0.18623809985816478,0.03809523954987526,0.10952381044626236,0.34285715222358704,0.11428571492433548,0.3380952477455139,0.514283,0.0866,SC
2026-03-22,0.112515,0.0,0.076923,0.385769,0.0,0.076923,0.518979,0.078,SC
2026-04-05,0.081,0.0,0.0,0.45,0.0,0.0,0.515625,0.012,SC
2026-05-03,0.32731958225369456,0.10309278219938278,0.2010309249162674,0.5257731676101685,0.2835051417350769,0.5721649527549744,0.519231,0.0866,SC
2026-05-31,0.3325,0.0,0.5,0.625,0.0,0.25,0.462,0.024,SC
2026-08-09,0.0324,0.0,0.0,0.18,0.0,0.0,0.523898,0.006,SC
2025-10-05,0.419885,0.0,0.692308,0.717308,0.461538,0.153846,0.500073,0.078,OC
2025-11-02,0.21074257448315623,0.19306930899620056,0.10891088843345642,0.20297029614448547,0.31683167815208435,0.2772277295589447,0.517179,0.266,OC
2025-11-30,0.07128,0.0,0.0,0.396,0.0,0.0,0.514635,0.03,OC
2025-12-14,0.397,0.0,0.5,0.65,0.0,0.5,0.500682,0.012,OC
2025-12-28,0.075,0.0,0.0,0.416667,0.0,0.0,0.489321,0.018,OC
2026-01-11,0.2572,0.0,0.5,0.54,0.0,0.0,0.519294,0.012,OC
2026-02-08,0.0729,0.0,0.0,0.405,0.0,0.0,0.514313,0.006,OC
2026-02-22,0.0765,0.0,0.0,0.425,0.0,0.0,0.500476,0.012,OC
2026-03-08,0.6023333271406591,0.7047619223594666,0.8619047403335571,0.8809523582458496,0.12857143580913544,0.0714285746216774,0.514563,0.266,OC
2026-03-22,0.294517,0.0,0.333333,0.599167,0.0,0.333333,0.471515,0.036,OC
2026-04-05,0.5448,0.0,1.0,0.86,1.0,0.0,0.477002,0.006,OC
2026-05-03,0.30938143998384476,0.12371134012937546,0.15979380905628204,0.623711347579956,0.32474225759506226,0.45876288414001465,0.516979,0.266,OC
2026-05-17,0.073575,0.0,0.0,0.40875,0.0,0.0,0.491195,0.024,OC
2026-05-31,0.078268,0.0,0.052632,0.320789,0.052632,0.0,0.51871,0.114,OC
2026-06-14,0.04068,0.0,0.0,0.226,0.0,0.0,0.502668,0.03,OC
2026-06-28,0.3660803943872452,0.14070351421833038,0.24120603501796722,0.6130653023719788,0.311557799577713,0.6130653023719788,0.524267,0.266,OC
2026-08-09,0.018,0.0,0.0,0.1,0.0,0.0,0.50523,0.03,OC
2026-08-23,0.0792,0.0,0.0,0.44,0.0,0.0,0.496632,0.018,OC
2026-09-06,0.3309844660758972,0.05699481815099716,0.1606217622756958,0.6476684212684631,0.31606218218803406,0.6476684212684631,0.498454,0.266,OC
2026-09-20,0.04905,0.0,0.0,0.2725,0.0,0.0,0.507047,0.024,OC
2026-10-02,0.22145,0.0,0.25,0.4525,0.0,0.25,0.513704,0.024,OC
2025-12-14,0.21964466989040374,0.05076142027974129,0.15228426456451416,0.21827411651611328,0.11675126850605011,0.4720812141895294,0.11167512834072113,0.0124,TUN
2025-10-05,0.0648,0.0,0.0,0.36,0.0,0.0,0.522636,0.006,PA
2025-10-19,0.063,0.0,0.0,0.35,0.0,0.0,0.494062,0.006,PA
2025-11-16,0.12516908034682273,0.03381642326712608,0.009661835618317127,0.1497584581375122,0.19806763529777527,0.28985506296157837,0.506564,0.3216,PA
2025-11-30,0.0747,0.0,0.0,0.415,0.0,0.0,0.47998,0.03,PA
2025-12-14,0.176167,0.333333,0.0,0.608333,0.0,0.0,0.511027,0.018,PA
2025-12-28,0.17365,0.0,0.25,0.520278,0.0,0.0,0.468821,0.216,PA
2026-01-11,0.065012,0.0,0.0,0.361176,0.0,0.0,0.497828,0.408,PA
2026-01-25,0.018,0.0,0.0,0.1,0.0,0.0,0.49026,0.072,PA
2026-02-08,0.04453,0.0,0.0,0.247386,0.0,0.0,0.495002,0.264,PA
2026-03-08,0.07335,0.0,0.0,0.4075,0.0,0.0,0.509043,0.024,PA
2026-03-22,0.08325,0.0,0.0,0.4625,0.0,0.0,0.509422,0.024,PA
2026-04-05,0.455,0.0,1.0,0.75,0.0,0.0,0.462295,0.012,PA
2026-05-17,0.0594,0.0,0.0,0.33,0.0,0.0,0.498444,0.006,PA
2026-06-14,0.081,0.0,0.0,0.45,0.0,0.0,0.528595,0.024,PA
2026-07-26,0.6204278129339218,0.48663100600242615,0.6470588445663452,0.6470588445663452,0.9144384860992432,0.49732619524002075,0.478606,0.3216,PA
2026-08-09,0.160122,0.0,0.111111,0.543889,0.0,0.111111,0.489754,0.054,PA
2026-08-23,0.191733,0.0,0.166667,0.546667,0.0,0.166667,0.508236,0.036,PA
2026-09-06,0.4224870541691781,0.45077720284461975,0.15544041991233826,0.6321243643760681,0.3108808398246765,0.6321243643760681,0.504621,0.3216,PA
2026-09-20,0.6203030282258988,0.40909090638160706,0.7373737096786499,0.6060606241226196,0.9494949579238892,0.5454545617103577,0.508163,0.3216,PA
2026-10-02,0.21506493836641313,0.05627705529332161,0.08658009022474289,0.4199134111404419,0.1428571492433548,0.42424243688583374,0.49839,0.3216,PA
2026-10-02,0.20891775235533713,0.03896103799343109,0.07359307259321213,0.6796537041664124,0.14718614518642426,0.32034632563591003,0.14718614518642426,0.0062,TCD
2025-10-05,0.06885,0.0,0.0,0.3825,0.0,0.0,0.477941,0.012,CJ
2025-10-19,0.0585,0.0,0.0,0.325,0.0,0.0,0.4876,0.024,CJ
2025-11-02,0.3530198034644127,0.6138613820075989,0.0445544570684433,0.4752475321292877,0.3465346395969391,0.4752475321292877,0.520374,0.2289,CJ
2025-11-16,0.9864251333475115,0.9710144996643066,0.9951691031455994,0.9806763529777527,0.9710144996643066,0.990338146686554,0.473273,0.2289,CJ
2025-11-30,0.069,0.0,0.0,0.383333,0.0,0.0,0.500133,0.036,CJ
2025-12-14,0.090635,0.0,0.0,0.503529,0.0,0.0,0.497655,0.102,CJ
2025-12-28,0.072,0.0,0.0,0.4,0.0,0.0,0.489432,0.024,CJ
2026-01-11,0.0306,0.0,0.0,0.17,0.0,0.0,0.500545,0.018,CJ
2026-01-25,0.0936,0.0,0.0,0.52,0.0,0.0,0.477528,0.006,CJ
2026-02-08,0.0594,0.0,0.0,0.33,0.0,0.0,0.519277,0.006,CJ
2026-02-22,0.09,0.0,0.0,0.5,0.0,0.0,0.475962,0.006,CJ
2026-03-08,0.06885,0.0,0.0,0.3825,0.0,0.0,0.510557,0.012,CJ
2026-04-05,0.0594,0.0,0.0,0.33,0.0,0.0,0.495471,0.012,CJ
2026-05-17,0.0747,0.0,0.0,0.415,0.0,0.0,0.501037,0.024,CJ
2026-05-31,0.0837,0.0,0.0,0.465,0.0,0.0,0.522599,0.012,CJ
2026-09-06,0.0234,0.0,0.0,0.13,0.0,0.0,0.494703,0.006,CJ
2026-10-02,0.20865801084786653,0.22510822117328644,0.190476194024086,0.18614718317985535,0.34632036089897156,0.12121212482452393,0.520566,0.2289,CJ
2025-01-12,0.20065727129578592,0.4600938856601715,0.06572769582271576,0.4084506928920746,0.056338027119636536,0.11737088859081268,0.0845070406794548,0.0124,HKG
2024-03-24,0.19736111596226694,0.07407407462596893,0.1388888955116272,0.2777777910232544,0.29629629850387573,0.24537037312984467,0.34259259700775146,0.0062,VNM
2025-10-19,0.0729,0.0,0.0,0.405,0.0,0.0,0.494048,0.006,GI
2025-11-30,0.063,0.0,0.0,0.35,0.0,0.0,0.492574,0.006,GI
2025-12-14,0.061691,0.0,0.0,0.342727,0.0,0.0,0.501709,0.066,GI
2025-12-28,0.06885,0.0,0.0,0.3825,0.0,0.0,0.469298,0.012,GI
2026-01-11,0.06795,0.0,0.0,0.3775,0.0,0.0,0.493732,0.012,GI
2026-01-25,0.0342,0.0,0.0,0.19,0.0,0.0,0.491128,0.012,GI
2026-02-08,0.29125,0.0,0.375,0.6875,0.25,0.125,0.47962,0.048,GI
2026-02-22,0.38257575303316116,0.2373737394809723,0.5757575631141663,0.7070707082748413,0.17676767706871033,0.14141413569450378,0.481771,0.3031,GI
2026-03-08,0.25042857598513363,0.0476190485060215,0.095238097012043,0.6761904954910278,0.04285714402794838,0.4285714328289032,0.492054,0.3031,GI
2026-03-22,0.0594,0.0,0.0,0.33,0.0,0.0,0.508278,0.018,GI
2026-04-05,0.33632,0.0,0.4,0.624,0.0,0.4,0.503312,0.03,GI
2026-05-17,0.09,0.0,0.0,0.5,0.0,0.0,0.491001,0.006,GI
2026-05-31,0.0765,0.0,0.0,0.425,0.0,0.0,0.50064,0.024,GI
2026-07-26,0.26358288615942005,0.09625668078660965,0.2513369023799896,0.3368983864784241,0.17112299799919128,0.3368983864784241,0.491602,0.3031,GI
2026-08-09,0.144233,0.0,0.166667,0.505,0.0,0.0,0.485588,0.036,GI
2026-08-23,0.057,0.0,0.0,0.316667,0.0,0.0,0.489601,0.018,GI
2026-09-06,0.045,0.0,0.0,0.25,0.0,0.0,0.509788,0.012,GI
2026-09-20,0.027,0.0,0.0,0.15,0.0,0.0,0.505618,0.018,GI
2026-10-02,0.19675324566662314,0.16450215876102448,0.1991342008113861,0.24242424964904785,0.06493506580591202,0.23376622796058655,0.506376,0.3031,GI
2025-10-05,0.110967,0.0,0.047619,0.468333,0.0,0.047619,0.505598,0.126,KZ
2025-10-19,0.094758,0.0,0.041667,0.424583,0.0,0.020833,0.503348,0.288,KZ
2025-11-02,0.34425743445754053,0.45049506425857544,0.4554455578327179,0.18316832184791565,0.698019802570343,0.09405940771102905,0.507241,0.6,KZ
2025-11-16,0.424444454908371,0.5169082283973694,0.5169082283973694,0.17874395847320557,0.695652186870575,0.0917874425649643,0.493412,0.6,KZ
2025-11-30,0.177292,0.089109,0.118812,0.538861,0.009901,0.09901,0.481958,0.6,KZ
2025-12-14,0.132005,0.0,0.105263,0.476053,0.0,0.052632,0.486211,0.114,KZ
2025-12-28,0.13897,0.148148,0.037037,0.492222,0.0,0.037037,0.497735,0.162,KZ
2026-01-11,0.138417,0.0,0.130435,0.47913,0.0,0.043478,0.476215,0.138,KZ
2026-01-25,0.065543,0.0,0.0,0.36413,0.0,0.0,0.496665,0.138,KZ
2026-02-08,0.083455,0.0,0.032258,0.40629,0.0,0.0,0.501928,0.186,KZ
2026-02-22,0.1810606050491333,0.1262626200914383,0.09595959633588791,0.18686868250370026,0.14646464586257935,0.29797980189323425,0.495615,0.6,KZ
2026-03-08,0.28404762826859953,0.2571428716182709,0.36666667461395264,0.15714286267757416,0.6000000238418579,0.15238095819950104,0.501882,0.6,KZ
2026-03-22,0.062059,0.0,0.0,0.344773,0.0,0.0,0.511035,0.132,KZ
2026-04-05,0.185588,0.0,0.16,0.5866,0.0,0.12,0.483122,0.15,KZ
2026-04-19,0.4369948220252991,0.3730570077896118,0.40414509177207947,0.4663212299346924,0.7512953281402588,0.393782377243042,0.504703,0.6,KZ
2026-05-03,0.32453607574105264,0.2319587618112564,0.27319586277008057,0.47422680258750916,0.17525772750377655,0.39175257086753845,0.491577,0.6,KZ
2026-05-17,0.089853,0.021277,0.042553,0.399894,0.0,0.0,0.512869,0.282,KZ
2026-05-31,0.145754,0.0,0.147059,0.430662,0.0,0.088235,0.500554,0.408,KZ
2026-06-14,0.142436,0.0,0.181818,0.432727,0.090909,0.0,0.503814,0.066,KZ
2026-06-28,0.2368844235688448,0.055276382714509964,0.18090452253818512,0.4623115658760071,0.18090452253818512,0.3819095492362976,0.504398,0.6,KZ
2026-07-12,0.2418478225171566,0.17934782803058624,0.09239130467176437,0.42391303181648254,0.17934782803058624,0.42391303181648254,0.505569,0.6,KZ
2026-07-26,0.24866310097277164,0.05882352963089943,0.16042780876159668,0.4545454680919647,0.29946523904800415,0.4064171016216278,0.500688,0.6,KZ
2026-08-09,0.079678,0.0,0.043478,0.307391,0.0,0.043478,0.481414,0.138,KZ
2026-08-23,0.08257,0.0,0.019355,0.421806,0.006452,0.0,0.505574,0.6,KZ
2026-09-06,0.2081865327805281,0.06735751032829285,0.0984455943107605,0.40414509177207947,0.17098446190357208,0.40414509177207947,0.495826,0.6,KZ
2026-09-20,0.3234343379735947,0.5252525210380554,0.09595959633588791,0.4595959484577179,0.17676767706871033,0.34343433380126953,0.508995,0.6,KZ
2026-10-02,0.184675323292613,0.10822510719299316,0.16017316281795502,0.31168830394744873,0.268398255109787,0.17748917639255524,0.508467,0.6,KZ
2025-10-05,0.089232,0.0,0.045455,0.354318,0.0,0.045455,0.519165,0.396,BA
2025-10-19,0.082386,0.0,0.043478,0.36913,0.028986,0.0,0.518975,0.414,BA
2025-11-02,0.6179702976346015,0.3861386179924011,0.6782178282737732,0.6089109182357788,0.39603960514068604,0.7772276997566223,0.500552,0.6,BA
2025-11-16,0.28594202861189844,0.08695652335882187,0.1835748851299286,0.6183574795722961,0.34299516677856445,0.4057970941066742,0.501742,0.6,BA
2025-11-30,0.069253,0.0,0.0,0.38474,0.0,0.0,0.511806,0.462,BA
2025-12-14,0.149019,0.0,0.125,0.466771,0.0,0.104167,0.517264,0.288,BA
2025-12-28,0.131979,0.0,0.142857,0.465357,0.035714,0.0,0.504513,0.168,BA
2026-01-11,0.149477,0.0,0.122807,0.471754,0.0,0.105263,0.492656,0.342,BA
2026-01-25,0.099508,0.0,0.083333,0.388472,0.041667,0.0,0.501847,0.432,BA
2026-02-08,0.080111,0.0,0.037037,0.364815,0.037037,0.0,0.510591,0.162,BA
2026-02-22,0.5492929330468178,0.7272727489471436,0.49494948983192444,0.5656565427780151,0.25757575035095215,0.42424243688583374,0.488166,0.6,BA
2026-03-08,0.9067619022727013,0.9666666388511658,0.8952381014823914,0.9523809552192688,0.380952388048172,0.8666666746139526,0.485376,0.6,BA
2026-03-22,0.265813,0.005181,0.295337,0.600518,0.0,0.259067,0.478152,0.6,BA
2026-04-05,0.279213,0.0,0.317992,0.61046,0.004184,0.280335,0.485245,0.6,BA
2026-04-19,0.2356994867324829,0.23834197223186493,0.34196892380714417,0.05181347206234932,0.4455958604812622,0.031088082119822502,0.498037,0.6,BA
2026-05-03,0.2558762831427157,0.35567009449005127,0.3711340129375458,0.04639175161719322,0.47422680258750916,0.04639175161719322,0.501046,0.6,BA
2026-05-17,0.141422,0.0,0.147887,0.48912,0.014085,0.021127,0.492748,0.6,BA
2026-05-31,0.134256,0.0,0.121951,0.464024,0.0,0.04878,0.522734,0.246,BA
2026-06-14,0.101823,0.0,0.083333,0.388833,0.016667,0.016667,0.506724,0.36,BA
2026-06-28,0.8924120554327964,0.9748743772506714,0.9748743772506714,0.9849246144294739,0.3467336595058441,0.6532663106918335,0.479171,0.6,BA
2026-07-12,0.9015760880708694,1.0,1.0,1.0,0.364130437374115,0.614130437374115,0.480575,0.6,BA
2026-07-26,0.37122995076701043,0.2192513346672058,0.3689839541912079,0.06417112052440643,0.4438502788543701,0.6470588445663452,0.498465,0.6,BA
2026-08-09,0.11806,0.0,0.107692,0.443923,0.0,0.015385,0.50406,0.39,BA
2026-08-23,0.155335,0.0,0.177215,0.47057,0.025316,0.050633,0.509065,0.474,BA
2026-09-06,0.26709844036027786,0.20207254588603973,0.5025906562805176,0.036269430071115494,0.6010362505912781,0.031088082119822502,0.517501,0.6,BA
2026-09-20,0.3064646476320922,0.4040403962135315,0.44949495792388916,0.04545454680919647,0.6969696879386902,0.04545454680919647,0.50703,0.6,BA
2026-10-02,0.16874458573758605,0.1341991275548935,0.26406925916671753,0.06926406919956207,0.41558441519737244,0.06926406919956207,0.505227,0.6,BA
2024-08-25,0.16739130161702634,0.03381642326712608,0.04830917716026306,0.39613527059555054,0.1111111119389534,0.33816424012184143,0.02415458858013153,0.0062,SLB
2026-02-22,0.16045454520732166,0.010101010091602802,0.08080808073282242,0.6717171669006348,0.1818181872367859,0.14646464586257935,0.01515151560306549,0.0495,GHA
2025-10-05,0.106606,0.0,0.0625,0.397813,0.0,0.0625,0.50858,0.096,LA
2025-10-19,0.25765,0.0,0.3,0.5925,0.1,0.2,0.503026,0.06,LA
2025-11-02,0.10806930914521218,0.024752475321292877,0.09900990128517151,0.1881188154220581,0.19306930899620056,0.12871287763118744,0.495536,0.5753,LA
2025-11-16,0.6279227119684219,0.4589371979236603,0.6666666865348816,0.1835748851299286,0.45410627126693726,0.9468598961830139,0.471406,0.5753,LA
2025-11-30,0.092157,0.0,0.086957,0.357391,0.0,0.0,0.52078,0.276,LA
2025-12-14,0.29824,0.0,0.5,0.568,0.0,0.15,0.464704,0.12,LA
2025-12-28,0.063675,0.0,0.0,0.35375,0.0,0.0,0.514268,0.024,LA
2026-01-11,0.377812,0.0,0.606061,0.657879,0.0,0.272727,0.456529,0.198,LA
2026-01-25,0.132619,0.0,0.1875,0.403438,0.0,0.0,0.519932,0.096,LA
2026-02-08,0.06617,0.0,0.0,0.367614,0.0,0.0,0.533432,0.264,LA
2026-02-22,0.23025252528488638,0.3585858643054962,0.08585858345031738,0.19191919267177582,0.1515151560306549,0.2929292917251587,0.526613,0.5753,LA
2026-03-08,0.129761907979846,0.10476190596818924,0.09047619253396988,0.16190476715564728,0.18571428954601288,0.15714286267757416,0.522151,0.5753,LA
2026-03-22,0.076909,0.0,0.0,0.427273,0.0,0.0,0.541643,0.066,LA
2026-04-05,0.287406,0.0,0.370968,0.571613,0.0,0.274194,0.484699,0.372,LA
2026-04-19,0.4895336883887649,0.27979275584220886,0.6476684212684631,0.4196891188621521,0.8860103487968445,0.4196891188621521,0.477552,0.5753,LA
2026-05-17,0.138785,0.0,0.153846,0.437692,0.153846,0.0,0.516488,0.078,LA
2026-05-31,0.091623,0.0,0.053571,0.366161,0.0,0.035714,0.506615,0.336,LA
2026-06-14,0.0684,0.0,0.0,0.38,0.0,0.0,0.476396,0.03,LA
2026-06-28,0.436030148267746,0.6030150651931763,0.11557789146900177,0.7889447212219238,0.19597989320755005,0.4070351719856262,0.478096,0.5753,LA
2026-07-12,0.7286956608295441,0.60326087474823,0.8804348111152649,0.7880434989929199,0.9836956262588501,0.42934781312942505,0.487627,0.5753,LA
2026-08-09,0.06398,0.0,0.0,0.355446,0.0,0.0,0.52639,0.336,LA
2026-08-23,0.0953,0.0,0.052632,0.400789,0.0,0.026316,0.514796,0.228,LA
2026-09-06,0.21595854610204698,0.02590673603117466,0.10362694412469864,0.46113988757133484,0.18134714663028717,0.39896371960639954,0.515918,0.5753,LA
2026-09-20,0.440606062412262,0.3232323229312897,0.6060606241226196,0.38383838534355164,0.4141414165496826,0.33838382363319397,0.498029,0.5753,LA
2026-10-02,0.15935065198689702,0.16017316281795502,0.0476190485060215,0.3073593080043793,0.09090909361839294,0.1818181872367859,0.508616,0.5753,LA
2025-12-28,0.06606,0.0,0.0,0.367,0.0,0.0,0.508721,0.06,GP
2026-01-25,0.142545,0.0,0.090909,0.509091,0.0,0.090909,0.509282,0.066,GP
2026-02-22,0.06885,0.0,0.0,0.3825,0.0,0.0,0.510481,0.012,GP
2026-05-31,0.084825,0.0,0.0,0.47125,0.0,0.0,0.500427,0.024,GP
2026-08-09,0.0684,0.0,0.0,0.38,0.0,0.0,0.486607,0.018,GP
2026-10-02,0.15831168808043006,0.012987012974917889,0.05627705529332161,0.21645021438598633,0.05627705529332161,0.21212121844291687,0.493579,0.0619,GP
2024-11-17,0.2838181802630424,0.12272727489471436,0.22727273404598236,0.23181818425655365,0.12272727489471436,0.581818163394928,0.04545454680919647,0.0619,TUR
2025-01-26,0.6459999917447566,0.8299999833106995,0.7749999761581421,0.8550000190734863,0.23499999940395355,0.20499999821186066,0.8550000190734863,0.0619,TUR
2025-05-04,0.8231034564971923,0.9605911374092102,0.9950739145278931,0.935960590839386,0.9901477694511414,0.2068965584039688,0.935960590839386,0.0619,TUR
2025-11-02,0.15599009629338978,0.08415841311216354,0.16336633265018463,0.2227722704410553,0.059405941516160965,0.20297029614448547,0.05445544421672821,0.0619,TUR
2025-12-14,0.0594,0.0,0.0,0.33,0.0,0.0,0.520446,0.012,KR
2026-03-08,0.065925,0.0,0.0,0.36625,0.0,0.0,0.514354,0.024,KR
2026-03-22,0.424,0.0,0.5,0.8,0.0,0.5,0.494283,0.012,KR
2026-04-05,0.1062,0.0,0.0,0.59,0.0,0.0,0.449477,0.042,KR
2026-05-03,0.23103092503733935,0.08762886375188828,0.09793814271688461,0.48969072103500366,0.17010308802127838,0.40721648931503296,0.495155,0.1175,KR
2026-05-31,0.0594,0.0,0.0,0.33,0.0,0.0,0.501472,0.006,KR
2026-06-14,0.0252,0.0,0.0,0.14,0.0,0.0,0.493375,0.012,KR
2026-10-02,0.15155844166874885,0.09956710040569305,0.051948051899671555,0.2943722903728485,0.09956710040569305,0.13852813839912415,0.491,0.1175,KR
2025-10-05,0.29442708380520344,0.1510416716337204,0.4166666567325592,0.3020833432674408,0.7604166865348816,0.09375,0.28125,0.6,IRL
2025-10-19,0.3455555602163077,0.1587301641702652,0.2063492089509964,0.1111111119389534,0.1111111119389534,0.8095238208770752,0.16402116417884827,0.6,IRL
2025-11-02,0.0814851503726095,0.009900989942252636,0.06930693238973618,0.11881188303232193,0.014851485379040241,0.1336633712053299,0.15346534550189972,0.6,IRL
2025-11-16,0.4177777796238661,0.2028985470533371,0.41545894742012024,0.11594203114509583,0.06280193477869034,0.9516907930374146,0.256038635969162,0.6,IRL
2025-11-30,0.9433333474397659,0.9104477763175964,0.9502487778663635,0.9104477763175964,0.9701492786407471,0.9452736377716064,0.9104477763175964,0.6,IRL
2025-12-14,0.5981725889071822,0.7157360315322876,0.6954314708709717,0.8477157354354858,0.010152284055948257,0.2842639684677124,0.8477157354354858,0.6,IRL
2025-12-28,0.08948979692533612,0.015306122601032257,0.1071428582072258,0.11224489659070969,0.025510204955935478,0.11734694242477417,0.07653061300516129,0.6,IRL
2026-01-11,0.40658164292573934,0.5867347121238708,0.4693877696990967,0.12755101919174194,0.6326530575752258,0.1428571492433548,0.6020408272743225,0.6,IRL
2026-01-25,0.4651832516491413,0.3560209572315216,0.35078534483909607,0.13612565398216248,0.06806282699108124,0.8952879309654236,0.518324613571167,0.6,IRL
2026-02-08,0.16563451398164034,0.25380709767341614,0.10152284055948257,0.12182740867137909,0.19796954095363617,0.13197968900203705,0.3553299605846405,0.6,IRL
2026-02-22,0.7062626177072525,0.5303030014038086,0.8181818127632141,0.12121212482452393,0.9444444179534912,0.9090909361839294,0.5454545617103577,0.6,IRL
2026-03-08,0.15861905060708525,0.31904762983322144,0.02857142873108387,0.10952381044626236,0.10952381044626236,0.10952381044626236,0.41428571939468384,0.6,IRL
2026-03-22,0.6433513537049294,0.5135135054588318,0.6594594717025757,0.11891891807317734,0.7027027010917664,0.9567567706108093,0.6756756901741028,0.6,IRL
2026-04-05,0.20905263304710386,0.1473684161901474,0.1315789520740509,0.27368420362472534,0.13684210181236267,0.2631579041481018,0.13684210181236267,0.6,IRL
2026-04-19,0.3102590635418892,0.13989637792110443,0.3316062092781067,0.27979275584220886,0.6424870491027832,0.2694300413131714,0.6735751032829285,0.6,IRL
2026-05-03,0.5448969006538391,0.5463917255401611,0.7061855792999268,0.438144326210022,0.8144329786300659,0.26288658380508423,0.3144329786300659,0.6,IRL
2026-05-17,0.4516243678331376,0.32487308979034424,0.6751269102096558,0.4467005133628845,0.1421319842338562,0.23350253701210022,0.796954333782196,0.6,IRL
2026-05-31,0.8244949585199357,0.9494949579238892,0.9747474789619446,0.9090909361839294,0.9949495196342468,0.2626262605190277,0.8787878751754761,0.6,IRL
2026-06-14,0.4809844633936882,0.8445596098899841,0.47668394446372986,0.2590673565864563,0.12953367829322815,0.25388601422309875,0.621761679649353,0.6,IRL
2026-06-28,0.4698492465913296,0.402010053396225,0.7236180901527405,0.25628140568733215,0.14070351421833038,0.25628140568733215,0.623115599155426,0.6,IRL
2026-07-12,0.20608695060014726,0.07065217196941376,0.15217390656471252,0.28260868787765503,0.14130434393882751,0.2771739065647125,0.6086956262588501,0.6,IRL
2026-07-26,0.4432620330154896,0.1978609561920166,0.34224599599838257,0.27272728085517883,0.14438502490520477,0.8395721912384033,0.8770053386688232,0.6,IRL
2026-08-09,0.424866305589676,0.3529411852359772,0.4385026693344116,0.27807486057281494,0.7967914342880249,0.31550800800323486,0.7807486653327942,0.6,IRL
2026-08-23,0.2199453563988209,0.2950819730758667,0.07103825360536575,0.437158465385437,0.16393442451953888,0.2677595615386963,0.13661202788352966,0.6,IRL
2026-09-06,0.4406217542290688,0.30051812529563904,0.6010362505912781,0.2590673565864563,0.8652849793434143,0.25388601422309875,0.6994818449020386,0.6,IRL
2026-09-20,0.9582323372364044,0.9343434572219849,0.9595959782600403,0.9848484992980957,0.8535353541374207,0.9646464586257935,0.9090909361839294,0.6,IRL
2026-10-02,0.15056277111172678,0.10389610379934311,0.06060606241226196,0.36796537041664124,0.07792207598686218,0.14718614518642426,0.6406926512718201,0.6,IRL
2025-10-05,0.190625,0.125,0.125,0.53125,0.0,0.125,0.507147,0.048,BD
2025-10-19,0.0648,0.0,0.0,0.36,0.0,0.0,0.511001,0.084,BD
2025-11-02,0.5226732744276523,0.46039605140686035,0.36138615012168884,0.5841584205627441,0.2673267424106598,0.9257425665855408,0.496801,0.5814,BD
2025-11-16,0.32811594009399414,0.260869562625885,0.1111111119389534,0.5893719792366028,0.27053138613700867,0.4444444477558136,0.513497,0.5814,BD
2025-11-30,0.072836,0.0,0.0,0.404643,0.0,0.0,0.506812,0.168,BD
2025-12-14,0.065887,0.0,0.0,0.366042,0.0,0.0,0.509751,0.144,BD
2025-12-28,0.2632,0.0,0.5,0.573333,0.0,0.0,0.506806,0.072,BD
2026-01-11,0.087545,0.0,0.0,0.486364,0.0,0.0,0.501638,0.066,BD
2026-01-25,0.114722,0.111111,0.0,0.513889,0.0,0.0,0.497475,0.108,BD
2026-02-08,0.135822,0.0,0.111111,0.408889,0.0,0.111111,0.491912,0.054,BD
2026-02-22,0.3577777783572674,0.3787878751754761,0.21717171370983124,0.5808081030845642,0.2373737394809723,0.40909090638160706,0.515526,0.5814,BD
2026-03-08,0.3602857239544392,0.22380952537059784,0.2571428716182709,0.5714285969734192,0.25238096714019775,0.4952380955219269,0.506216,0.5814,BD
2026-03-22,0.082714,0.0,0.0,0.459524,0.0,0.0,0.513607,0.126,BD
2026-04-05,0.167764,0.0,0.166667,0.467738,0.02381,0.119048,0.492037,0.252,BD
2026-04-19,0.0817616566643119,0.14507772028446198,0.041450776159763336,0.08290155231952667,0.062176164239645004,0.08290155231952667,0.516961,0.5814,BD
2026-05-03,0.053917523920536045,0.020618556067347527,0.036082472652196884,0.07731958478689194,0.036082472652196884,0.07731958478689194,0.515577,0.5814,BD
2026-05-17,0.072715,0.0,0.0,0.403971,0.0,0.0,0.516958,0.204,BD
2026-05-31,0.131208,0.0,0.076923,0.489615,0.0,0.076923,0.503818,0.078,BD
2026-06-14,0.067689,0.0,0.0,0.376053,0.0,0.0,0.503162,0.114,BD
2026-06-28,0.10341708455234766,0.15075376629829407,0.04020100459456444,0.08040200918912888,0.04020100459456444,0.08040200918912888,0.512806,0.5814,BD
2026-07-12,0.5441847934946418,0.58152174949646,0.7771739363670349,0.83152174949646,0.016304347664117813,0.04891304299235344,0.496617,0.5814,BD
2026-07-26,0.10545454271137714,0.3475935757160187,0.01604278013110161,0.048128340393304825,0.01604278013110161,0.048128340393304825,0.508592,0.5814,BD
2026-08-09,0.158087,0.0,0.125,0.489375,0.0,0.125,0.48852,0.096,BD
2026-08-23,0.097273,0.0,0.066667,0.333,0.0,0.066667,0.516066,0.09,BD
2026-09-06,0.13000000067986547,0.17098446190357208,0.21243523061275482,0.05181347206234932,0.015544041059911251,0.04663212597370148,0.496537,0.5814,BD
2026-09-20,0.042878788672387605,0.020202020183205605,0.01515151560306549,0.07575757801532745,0.035353533923625946,0.07575757801532745,0.50368,0.5814,BD
2026-10-02,0.1381818161904812,0.09090909361839294,0.20346319675445557,0.05627705529332161,0.28138527274131775,0.06493506580591202,0.51068,0.5814,BD
2025-10-05,0.05025,0.0,0.0,0.279167,0.0,0.0,0.508488,0.072,BX
2025-10-19,0.06966,0.0,0.0,0.387,0.0,0.0,0.512921,0.06,BX
2025-11-02,0.336732676178217,0.16336633265018463,0.2871287167072296,0.4306930601596832,0.26237624883651733,0.4653465449810028,0.514953,0.5753,BX
2025-11-16,0.5491787463426591,0.6666666865348816,0.47342994809150696,0.43478259444236755,0.8260869383811951,0.4492753744125366,0.51835,0.5753,BX
2025-11-30,0.063771,0.0,0.0,0.354286,0.0,0.0,0.523533,0.126,BX
2025-12-14,0.0837,0.0,0.0,0.465,0.0,0.0,0.480792,0.078,BX
2025-12-28,0.045,0.0,0.0,0.25,0.0,0.0,0.502834,0.018,BX
2026-01-11,0.076216,0.0,0.0,0.423421,0.0,0.0,0.486558,0.114,BX
2026-01-25,0.094353,0.0,0.052632,0.360439,0.0,0.052632,0.489026,0.342,BX
2026-02-08,0.0756,0.0,0.0,0.42,0.0,0.0,0.517598,0.018,BX
2026-02-22,0.19747474535368384,0.13636364042758942,0.01515151560306549,0.4343434274196625,0.35353535413742065,0.34343433380126953,0.500257,0.5753,BX
2026-03-08,0.2812380959093571,0.20952381193637848,0.014285714365541935,0.5095238089561462,0.3047619163990021,0.5761904716491699,0.505302,0.5753,BX
2026-03-22,0.079691,0.0,0.0,0.442727,0.0,0.0,0.510448,0.066,BX
2026-04-05,0.127806,0.0,0.125,0.487812,0.0,0.0,0.501792,0.096,BX
2026-04-19,0.05621761752292513,0.010362694039940834,0.05181347206234932,0.08808290213346481,0.041450776159763336,0.09326425194740295,0.516257,0.5753,BX
2026-05-03,0.2664432937279344,0.592783510684967,0.2525773048400879,0.1340206116437912,0.05670103058218956,0.09278350323438644,0.505136,0.5753,BX
2026-05-17,0.059657,0.0,0.0,0.331429,0.0,0.0,0.53272,0.042,BX
2026-05-31,0.096064,0.0,0.045455,0.392273,0.0,0.045455,0.503104,0.132,BX
2026-06-14,0.174837,0.0,0.25,0.526875,0.0,0.0,0.49396,0.096,BX
2026-06-28,0.2637185985222459,0.8090452551841736,0.060301508754491806,0.09045226126909256,0.060301508754491806,0.0954773873090744,0.500601,0.5753,BX
2026-07-12,0.5947282588481902,0.9619565010070801,0.45652174949645996,0.89673912525177,0.72826087474823,0.09782608598470688,0.492094,0.5753,BX
2026-07-26,0.5735828707367181,0.8502673506736755,0.6524063944816589,0.8342245817184448,0.03208556026220322,0.10160427540540695,0.484848,0.5753,BX
2026-08-09,0.0588,0.0,0.0,0.326667,0.0,0.0,0.489001,0.018,BX
2026-08-23,0.0538,0.0,0.0,0.298889,0.0,0.0,0.52017,0.054,BX
2026-09-06,0.535233172737062,0.4715026021003723,0.8445596098899841,0.7927461266517639,0.04663212597370148,0.0984455943107605,0.51229,0.5753,BX
2026-09-20,0.1278,0.0,0.0,0.71,0.0,0.0,0.484513,0.012,BX
2026-10-02,0.13268398094922304,0.06493506580591202,0.16883116960525513,0.1341991275548935,0.034632034599781036,0.1341991275548935,0.502988,0.5753,BX
2025-09-21,0.12879999846220017,0.019999999552965164,0.07999999821186066,0.47999998927116394,0.07999999821186066,0.11500000208616257,0.08500000089406967,0.0247,IDN
2025-08-10,0.5481553433090448,0.3446601927280426,0.7135922312736511,0.5097087621688843,0.03883495181798935,0.5242718458175659,0.6699029207229614,0.0247,DNK
2026-02-22,0.7835858685523271,0.8131313323974609,0.9242424368858337,0.9444444179534912,0.06565656512975693,0.6161616444587708,0.9444444179534912,0.0247,DNK
2026-06-28,0.12874371822923422,0.04522613063454628,0.08542713522911072,0.23618090152740479,0.08542713522911072,0.2010050266981125,0.04522613063454628,0.0247,DNK
2025-10-05,0.169275,0.375,0.0,0.52375,0.0,0.0,0.49675,0.048,GJ
2025-10-19,0.107603,0.054054,0.027027,0.453649,0.0,0.027027,0.499735,0.222,GJ
2025-11-02,0.6238118802011015,0.4207920730113983,0.6831682920455933,0.6386138796806335,0.05445544421672821,0.8168317079544067,0.500843,0.4701,GJ
2025-11-30,0.078747,0.0,0.022222,0.389333,0.022222,0.0,0.503193,0.27,GJ
2025-12-14,0.073184,0.0,0.0,0.406579,0.0,0.0,0.492357,0.228,GJ
2025-12-28,0.3392,0.0,0.4,0.64,0.0,0.4,0.502635,0.03,GJ
2026-01-11,0.4834,0.0,0.8,0.73,0.0,0.4,0.479598,0.03,GJ
2026-01-25,0.3106,0.0,0.384615,0.631538,0.0,0.307692,0.479653,0.078,GJ
2026-02-08,0.091107,0.071429,0.0,0.426786,0.0,0.0,0.491884,0.084,GJ
2026-02-22,0.108,0.0,0.0,0.6,0.0,0.0,0.484277,0.006,GJ
2026-03-08,0.27552381582558155,0.05238095298409462,0.10000000149011612,0.6714285612106323,0.21904762089252472,0.5428571701049805,0.518833,0.4701,GJ
2026-03-22,0.156297,0.057143,0.171429,0.450857,0.028571,0.028571,0.497824,0.21,GJ
2026-04-05,0.262471,0.0,0.285714,0.569286,0.0,0.285714,0.473079,0.042,GJ
2026-05-03,0.25974225752055646,0.1494845300912857,0.26288658380508423,0.3041236996650696,0.39175257086753845,0.30927833914756775,0.499846,0.4701,GJ
2026-05-17,0.4024,0.0,0.5,0.68,0.0,0.5,0.47912,0.024,GJ
2026-05-31,0.117155,0.0,0.096774,0.435806,0.0,0.032258,0.526054,0.186,GJ
2026-06-14,0.161407,0.0,0.142857,0.5475,0.0,0.071429,0.484542,0.084,GJ
2026-06-28,0.8376884400844575,0.9698492288589478,0.9648241400718689,0.929648220539093,0.9648241400718689,0.3065326511859894,0.483055,0.4701,GJ
2026-07-12,0.659076082110405,0.489130437374115,0.6195651888847351,0.34239131212234497,0.8913043737411499,0.907608687877655,0.478512,0.4701,GJ
2026-07-26,0.19176470905542373,0.09090909361839294,0.08556149899959564,0.33155080676078796,0.16577540338039398,0.33155080676078796,0.499734,0.4701,GJ
2026-08-09,0.082071,0.0,0.0,0.455952,0.0,0.0,0.501635,0.126,GJ
2026-09-06,0.7222279766201973,0.6683937907218933,0.9015544056892395,0.8601036071777344,0.8290155529975891,0.3316062092781067,0.499561,0.4701,GJ
2026-09-20,0.0675,0.0,0.0,0.375,0.0,0.0,0.494182,0.018,GJ
2026-10-02,0.12471861802041533,0.017316017299890518,0.06493506580591202,0.2380952388048172,0.06060606241226196,0.2554112672805786,0.501621,0.4701,GJ
2025-10-05,0.185364,0.019231,0.182692,0.535144,0.019231,0.105769,0.480525,0.6,BH
2025-10-19,0.231,0.010417,0.25,0.559375,0.010417,0.197917,0.487177,0.576,BH
2025-11-02,0.8278712949156761,0.9702970385551453,0.9306930899620056,0.9801980257034302,0.36138615012168884,0.44059404730796814,0.467068,0.5629,BH
2025-11-16,0.7445410653948783,0.8212560415267944,0.7246376872062683,0.6038647294044495,0.37681159377098083,0.9275362491607666,0.483239,0.5629,BH
2025-11-30,0.254115,0.0,0.319149,0.555957,0.085106,0.191489,0.470103,0.282,BH
2025-12-14,0.057857,0.0,0.0,0.321429,0.0,0.0,0.49524,0.042,BH
2025-12-28,0.305541,0.0,0.352941,0.599412,0.0,0.352941,0.493143,0.102,BH
2026-01-11,0.207033,0.0,0.266667,0.498333,0.0,0.133333,0.488576,0.09,BH
2026-01-25,0.275753,0.027778,0.361111,0.599861,0.0,0.194444,0.477496,0.216,BH
2026-02-08,0.137674,0.0,0.129032,0.424355,0.064516,0.064516,0.485877,0.186,BH
2026-02-22,0.8015151554346085,0.8888888955116272,0.8989899158477783,0.9191918969154358,0.8030303120613098,0.38383838534355164,0.482667,0.5629,BH
2026-03-08,0.29742857232689857,0.05714285746216774,0.18571428954601288,0.5952380895614624,0.24285714328289032,0.5190476179122925,0.505037,0.5629,BH
2026-03-22,0.25115,0.0,0.25,0.6175,0.0,0.25,0.479302,0.024,BH
2026-04-05,0.108,0.0,0.0,0.6,0.0,0.0,0.491745,0.012,BH
2026-04-19,0.0526424865052104,0.020725388079881668,0.031088082119822502,0.11398963630199432,0.031088082119822502,0.07253886014223099,0.512469,0.5629,BH
2026-05-03,0.10556700853630901,0.015463917516171932,0.030927835032343864,0.10824742168188095,0.025773195549845695,0.10824742168188095,0.493626,0.5629,BH
2026-05-17,0.158975,0.0,0.25,0.43875,0.0,0.0,0.499008,0.048,BH
2026-05-31,0.221325,0.0,0.25,0.562917,0.0,0.166667,0.465713,0.072,BH
2026-06-14,0.148187,0.0,0.133333,0.497333,0.0,0.066667,0.482442,0.09,BH
2026-06-28,0.08286432072520257,0.17085427045822144,0.035175878554582596,0.060301508754491806,0.035175878554582596,0.06532663106918335,0.527182,0.5629,BH
2026-07-26,0.8272727406769991,0.7272727489471436,0.903743326663971,0.9090909361839294,0.04278074949979782,0.9893048405647278,0.482018,0.5629,BH
2026-08-09,0.1315,0.0,0.090909,0.447727,0.0,0.090909,0.503524,0.066,BH
2026-08-23,0.216615,0.0,0.307692,0.553846,0.0,0.076923,0.462078,0.078,BH
2026-09-06,0.2725,0.0,0.5,0.625,0.0,0.0,0.485911,0.024,BH
2026-09-20,0.7385353609547018,0.9898989796638489,0.9848484992980957,0.9949495196342468,0.02525252476334572,0.06060606241226196,0.458457,0.5629,BH
2026-10-02,0.12454545196145773,0.31168830394744873,0.017316017299890518,0.08225107938051224,0.017316017299890518,0.06060606241226196,0.495416,0.5629,BH
2025-10-05,0.28688,0.0,0.4,0.616,0.0,0.2,0.503148,0.03,LT
2025-11-02,0.19450495049357414,0.1881188154220581,0.3118811845779419,0.10396039485931396,0.1683168262243271,0.024752475321292877,0.495482,0.3278,LT
2025-11-30,0.176717,0.083333,0.125,0.555833,0.0,0.083333,0.501429,0.144,LT
2025-12-14,0.165494,0.0,0.150943,0.525283,0.0,0.09434,0.477009,0.318,LT
2025-12-28,0.027,0.0,0.0,0.15,0.0,0.0,0.502401,0.006,LT
2026-01-11,0.089928,0.0,0.06383,0.369574,0.042553,0.0,0.518834,0.282,LT
2026-02-08,0.063,0.0,0.0,0.35,0.0,0.0,0.462081,0.006,LT
2026-02-22,0.108,0.0,0.0,0.6,0.0,0.0,0.500587,0.006,LT
2026-03-08,0.6216666644811631,0.7285714149475098,0.4809523820877075,0.18095238506793976,0.5190476179122925,0.8428571224212646,0.480483,0.3278,LT
2026-03-22,0.09,0.0,0.0,0.5,0.0,0.0,0.522461,0.018,LT
2026-05-17,0.0819,0.0,0.0,0.455,0.0,0.0,0.48768,0.018,LT
2026-05-31,0.108,0.0,0.0,0.6,0.0,0.0,0.463977,0.006,LT
2026-06-14,0.06885,0.0,0.0,0.3825,0.0,0.0,0.478981,0.024,LT
2026-07-12,0.2246195614337921,0.04891304299235344,0.10326086729764938,0.40760868787765503,0.2445652186870575,0.40760868787765503,0.491606,0.3278,LT
2026-07-26,0.2259893034398556,0.2139037400484085,0.05882352963089943,0.4385026693344116,0.12299465388059616,0.3796791434288025,0.505412,0.3278,LT
2026-08-09,0.193667,0.0,0.333333,0.483333,0.0,0.0,0.445628,0.018,LT
2026-08-23,0.06705,0.0,0.0,0.3725,0.0,0.0,0.447545,0.024,LT
2026-09-06,0.7971502637863159,0.7202072739601135,0.7202072739601135,0.8341968655586243,0.6735751032829285,0.9585492014884949,0.478063,0.3278,LT
2026-09-20,0.196515149474144,0.05050504952669144,0.1262626200914383,0.43939393758773804,0.11616161465644836,0.2070707082748413,0.48384,0.3278,LT
2026-10-02,0.12341991579160094,0.025974025949835777,0.03896103799343109,0.3160173296928406,0.095238097012043,0.17316018044948578,0.487414,0.3278,LT
2025-10-05,0.054,0.0,0.0,0.3,0.0,0.0,0.505695,0.006,DO
2025-10-19,0.0654,0.0,0.0,0.363333,0.0,0.0,0.503891,0.036,DO
2025-11-30,0.036,0.0,0.0,0.2,0.0,0.0,0.520202,0.006,DO
2025-12-28,0.081,0.0,0.0,0.45,0.0,0.0,0.490868,0.006,DO
2026-01-11,0.3752,0.0,0.666667,0.64,0.666667,0.0,0.464168,0.018,DO
2026-02-22,0.7861111149936915,0.8333333134651184,0.9494949579238892,0.939393937587738,0.06060606241226196,0.5808081030845642,0.512468,0.1856,DO
2026-03-08,0.18419047876261174,0.014285714365541935,0.04285714402794838,0.4761904776096344,0.10476190596818924,0.3857142925262451,0.498452,0.1856,DO
2026-03-22,0.10818,0.0,0.0,0.601,0.0,0.0,0.506261,0.03,DO
2026-04-05,0.0621,0.0,0.0,0.345,0.0,0.0,0.502201,0.024,DO
2026-05-03,0.12603092558681964,0.025773195549845695,0.0670103058218956,0.24226804077625275,0.09278350323438644,0.2010309249162674,0.511679,0.1856,DO
2026-05-17,0.0714,0.0,0.0,0.396667,0.0,0.0,0.531777,0.252,DO
2026-05-31,0.0927,0.0,0.0,0.515,0.0,0.0,0.514678,0.012,DO
2026-07-26,0.1309625658392906,0.16042780876159668,0.04278074949979782,0.14438502490520477,0.08021390438079834,0.14438502490520477,0.495664,0.1856,DO
2026-08-09,0.0639,0.0,0.0,0.355,0.0,0.0,0.496469,0.018,DO
2026-09-06,0.4928,0.0,1.0,0.96,0.0,0.0,0.468864,0.006,DO
2026-10-02,0.12229437202215196,0.20779220759868622,0.025974025949835777,0.15584415197372437,0.0476190485060215,0.10389610379934311,0.502682,0.1856,DO
2024-12-15,0.11669767662882805,0.06976744532585144,0.013953488320112228,0.0651162788271904,0.1302325576543808,0.1953488439321518,0.4139534831047058,0.0062,SYR
2025-10-19,0.063,0.0,0.0,0.35,0.0,0.0,0.509021,0.006,WZ
2025-12-28,0.0594,0.0,0.0,0.33,0.0,0.0,0.502401,0.006,WZ
2026-01-25,0.09,0.0,0.0,0.5,0.0,0.0,0.48289,0.006,WZ
2026-03-08,0.081,0.0,0.0,0.45,0.0,0.0,0.491691,0.012,WZ
2026-04-05,0.09,0.0,0.0,0.5,0.0,0.0,0.493873,0.006,WZ
2026-08-09,0.0648,0.0,0.0,0.36,0.0,0.0,0.487275,0.012,WZ
2026-09-20,0.3835,0.0,0.5,0.575,0.0,0.5,0.480435,0.012,WZ
2025-10-05,0.7,0.0,1.0,1.0,0.0,1.0,0.483591,0.006,NR
2025-10-19,0.063675,0.0,0.0,0.35375,0.0,0.0,0.501751,0.072,NR
2026-03-08,0.063,0.0,0.0,0.35,0.0,0.0,0.477643,0.006,NR
2026-05-31,0.072,0.0,0.0,0.4,0.0,0.0,0.516234,0.018,NR
2026-06-14,0.06885,0.0,0.0,0.3825,0.0,0.0,0.518908,0.012,NR
2026-08-09,0.0594,0.0,0.0,0.33,0.0,0.0,0.537182,0.006,NR
2026-09-06,0.126,0.0,0.0,0.7,0.0,0.0,0.492605,0.012,NR
2026-09-20,0.208,0.0,0.333333,0.433333,0.333333,0.0,0.491938,0.018,NR
2026-10-02,0.108,0.0,0.0,0.6,0.0,0.0,0.48388,0.012,NR
2025-11-30,0.0594,0.0,0.0,0.33,0.0,0.0,0.537662,0.012,AV
2025-12-14,0.0936,0.0,0.0,0.52,0.0,0.0,0.488268,0.006,AV
2026-01-11,0.455,0.0,1.0,0.75,0.0,0.0,0.453704,0.006,AV
2026-01-25,0.091927,0.0,0.090909,0.349091,0.0,0.0,0.505527,0.132,AV
2026-02-22,0.0708,0.0,0.0,0.393333,0.0,0.0,0.531453,0.018,AV
2026-03-08,0.3036190541647375,0.17142857611179352,0.13809524476528168,0.5523809790611267,0.27142858505249023,0.5571428537368774,0.523514,0.0371,AV
2026-09-06,0.0639,0.0,0.0,0.355,0.0,0.0,0.502976,0.018,AV
2025-10-19,0.3842,0.0,0.666667,0.69,0.666667,0.0,0.489865,0.018,PG
2025-12-14,0.108,0.0,0.0,0.6,0.0,0.0,0.465157,0.012,PG
2026-03-08,0.063,0.0,0.0,0.35,0.0,0.0,0.494838,0.006,PG
2026-07-26,0.5120320983231068,0.8288770318031311,0.14438502490520477,0.8235294222831726,0.24598930776119232,0.5080214142799377,0.497774,0.0247,PG
2025-10-05,0.196974,0.0,0.315789,0.532895,0.0,0.0,0.482522,0.114,IV
2025-10-19,0.136738,0.0,0.153846,0.486154,0.0,0.0,0.496078,0.078,IV
2025-11-02,0.6435148668289186,0.9405940771102905,0.5346534848213196,0.9009901285171509,0.8366336822509766,0.1683168262243271,0.480917,0.4268,IV
2025-11-16,0.21483091346919533,0.5265700221061707,0.08212560415267944,0.12560386955738068,0.10628019273281097,0.1304347813129425,0.507732,0.4268,IV
2025-11-30,0.092531,0.0,0.0,0.514062,0.0,0.0,0.489828,0.096,IV
2025-12-14,0.0783,0.0,0.0,0.435,0.0,0.0,0.491745,0.018,IV
2025-12-28,0.225709,0.090909,0.272727,0.632727,0.090909,0.0,0.483172,0.132,IV
2026-01-11,0.09,0.0,0.0,0.5,0.0,0.0,0.501193,0.006,IV
2026-01-25,0.099261,0.0,0.055556,0.378611,0.0,0.055556,0.504736,0.108,IV
2026-02-22,0.6743434336781502,0.8585858345031738,0.8535353541374207,0.9343434572219849,0.31313130259513855,0.04545454680919647,0.472433,0.4268,IV
2026-03-08,0.4459047640860081,1.0,0.10476190596818924,0.8857142925262451,0.20952381193637848,0.11428571492433548,0.508324,0.4268,IV
2026-04-05,0.0981,0.0,0.0,0.545,0.0,0.0,0.514851,0.012,IV
2026-04-19,0.38854922205209735,0.1865285038948059,0.5284973978996277,0.4455958604812622,0.8652849793434143,0.23834197223186493,0.510056,0.4268,IV
2026-05-17,0.155238,0.076923,0.153846,0.503462,0.0,0.0,0.478301,0.078,IV
2026-05-31,0.075343,0.0,0.0,0.418571,0.0,0.0,0.512601,0.042,IV
2026-06-14,0.165973,0.0,0.266667,0.448,0.0,0.0,0.501708,0.09,IV
2026-07-12,0.22913043498992924,0.20108695328235626,0.15760870277881622,0.28804346919059753,0.135869562625885,0.27173912525177,0.490953,0.4268,IV
2026-08-09,0.073286,0.0,0.0,0.407143,0.0,0.0,0.482423,0.042,IV
2026-09-06,0.09,0.0,0.0,0.5,0.0,0.0,0.459133,0.018,IV
2026-09-20,0.16772727444767951,0.07575757801532745,0.06565656512975693,0.26767677068710327,0.1262626200914383,0.27272728085517883,0.496468,0.4268,IV
2026-10-02,0.10670995861291883,0.021645022556185722,0.043290045112371445,0.3549783527851105,0.07359307259321213,0.1428571492433548,0.502398,0.4268,IV
2026-07-12,0.10407608516514301,0.03804347664117813,0.07608695328235626,0.1304347813129425,0.10326086729764938,0.1304347813129425,0.31521740555763245,0.0062,DMA
2025-10-05,0.0648,0.0,0.0,0.36,0.0,0.0,0.515185,0.03,AC
2025-10-19,0.077143,0.0,0.0,0.428571,0.0,0.0,0.504545,0.042,AC
2025-11-16,0.009661835702136157,0.004830917809158564,0.004830917809158564,0.004830917809158564,0.004830917809158564,0.004830917809158564,0.508909,0.3897,AC
2025-11-30,0.0729,0.0,0.0,0.405,0.0,0.0,0.496644,0.006,AC
2025-12-14,0.101414,0.0,0.071429,0.436429,0.0,0.0,0.487604,0.084,AC
2025-12-28,0.084712,0.0,0.0,0.470625,0.0,0.0,0.520113,0.048,AC
2026-01-11,0.099636,0.0,0.08,0.3802,0.08,0.0,0.515752,0.15,AC
2026-01-25,0.06408,0.0,0.0,0.356,0.0,0.0,0.511003,0.06,AC
2026-02-08,0.07416,0.0,0.0,0.412,0.0,0.0,0.515973,0.03,AC
2026-02-22,0.065025,0.0,0.0,0.36125,0.0,0.0,0.530854,0.024,AC
2026-03-08,0.007809524023905397,0.004761904943734407,0.004761904943734407,0.004761904943734407,0.004761904943734407,0.004761904943734407,0.510231,0.3897,AC
2026-04-05,0.22918,0.0,0.2,0.651,0.0,0.2,0.470212,0.03,AC
2026-04-19,0.635647663101554,0.6891191601753235,0.9222797751426697,0.7564767003059387,0.7772020697593689,0.005181347019970417,0.493874,0.3897,AC
2026-05-03,0.06072164633311331,0.2525773048400879,0.005154639016836882,0.005154639016836882,0.005154639016836882,0.005154639016836882,0.514632,0.3897,AC
2026-05-17,0.06615,0.0,0.0,0.3675,0.0,0.0,0.521827,0.036,AC
2026-05-31,0.0594,0.0,0.0,0.33,0.0,0.0,0.52259,0.006,AC
2026-06-14,0.54425,0.5,0.5,0.9125,0.0,0.5,0.489339,0.012,AC
2026-07-26,0.765668455734849,0.9625668525695801,0.9625668525695801,0.9679144620895386,0.9732620120048523,0.005347593687474728,0.48437,0.3897,AC
2026-08-09,0.0765,0.0,0.0,0.425,0.0,0.0,0.488612,0.012,AC
2026-08-23,0.0594,0.0,0.0,0.33,0.0,0.0,0.516,0.006,AC
2026-09-06,0.0639,0.0,0.0,0.355,0.0,0.0,0.495944,0.024,AC
2026-09-20,0.040050504608079796,0.010101010091602802,0.010101010091602802,0.010101010091602802,0.010101010091602802,0.010101010091602802,0.489113,0.3897,AC
2026-10-02,0.10194805085659028,0.06060606241226196,0.16450215876102448,0.008658008649945259,0.2770562767982483,0.008658008649945259,0.499779,0.3897,AC
2025-10-05,0.108,0.0,0.0,0.6,0.0,0.0,0.495197,0.006,MB
2025-10-19,0.09,0.0,0.0,0.5,0.0,0.0,0.522017,0.006,MB
2026-02-22,0.0648,0.0,0.0,0.36,0.0,0.0,0.479401,0.006,MB
2026-03-08,0.0729,0.0,0.0,0.405,0.0,0.0,0.5197,0.012,MB
2026-04-05,0.06885,0.0,0.0,0.3825,0.0,0.0,0.508306,0.024,MB
2026-05-17,0.0528,0.0,0.0,0.293333,0.0,0.0,0.514273,0.018,MB
2026-05-31,0.018,0.0,0.0,0.1,0.0,0.0,0.473776,0.006,MB
2026-06-14,0.0729,0.0,0.0,0.405,0.0,0.0,0.497347,0.006,MB
2026-08-09,0.049114,0.0,0.0,0.272857,0.0,0.0,0.519854,0.042,MB
2026-09-20,0.18045455023646356,0.06060606241226196,0.12121212482452393,0.3636363744735718,0.19696970283985138,0.24242424964904785,0.504604,0.0619,MB
2026-10-02,0.099,0.0,0.0,0.55,0.0,0.0,0.493579,0.012,MB
2026-07-12,0.09701087191700936,0.043478261679410934,0.043478261679410934,0.16847826540470123,0.08695652335882187,0.16847826540470123,0.08152174204587936,0.0433,CHE
2025-10-05,0.0686,0.0,0.0,0.381111,0.0,0.0,0.49869,0.054,BP
2025-10-19,0.139483,0.0,0.125,0.409625,0.025,0.1,0.511725,0.24,BP
2025-11-02,0.4892574256658554,0.22772277891635895,0.5495049357414246,0.5643564462661743,0.8861386179924011,0.47029703855514526,0.484935,0.5258,BP
2025-11-16,0.22550724253058435,0.03864734247326851,0.02415458858013153,0.52173912525177,0.25120773911476135,0.46859902143478394,0.511836,0.5258,BP
2025-11-30,0.071654,0.0,0.0,0.398077,0.0,0.0,0.505275,0.078,BP
2025-12-14,0.096478,0.0,0.04878,0.449268,0.0,0.0,0.503049,0.246,BP
2025-12-28,0.073869,0.0,0.0,0.410385,0.0,0.0,0.503471,0.078,BP
2026-01-11,0.160914,0.0,0.142857,0.64,0.0,0.0,0.476266,0.042,BP
2026-01-25,0.31692,0.0,0.6,0.694,0.0,0.0,0.473394,0.03,BP
2026-02-08,0.063663,0.0,0.0,0.353684,0.0,0.0,0.512092,0.114,BP
2026-02-22,0.19328282839618624,0.020202020183205605,0.06060606241226196,0.4595959484577179,0.3333333432674408,0.35353535413742065,0.509069,0.5258,BP
2026-03-08,0.48214286699891096,0.5428571701049805,0.44285714626312256,0.6095238327980042,0.22857142984867096,0.49047619104385376,0.495797,0.5258,BP
2026-03-22,0.114,0.0,0.0,0.633333,0.0,0.0,0.489651,0.018,BP
2026-04-05,0.09,0.0,0.0,0.5,0.0,0.0,0.482301,0.006,BP
2026-04-19,0.06953367998823523,0.02590673603117466,0.04663212597370148,0.11917098611593246,0.04663212597370148,0.10362694412469864,0.521774,0.5258,BP
2026-05-03,0.13355669759213926,0.2886597812175751,0.025773195549845695,0.09278350323438644,0.04639175161719322,0.09793814271688461,0.5,0.5258,BP
2026-05-17,0.069461,0.0,0.0,0.385893,0.0,0.0,0.504268,0.168,BP
2026-05-31,0.243533,0.0,0.266667,0.523333,0.0,0.266667,0.50212,0.09,BP
2026-06-28,0.0653266335092485,0.02512562833726406,0.04522613063454628,0.11055276542901993,0.04522613063454628,0.10050251334905624,0.499848,0.5258,BP
2026-07-12,0.07989130396395921,0.016304347664117813,0.032608695328235626,0.05978260934352875,0.04891304299235344,0.1195652186870575,0.497403,0.5258,BP
2026-07-26,0.23577540315687656,0.27272728085517883,0.24598930776119232,0.08021390438079834,0.6577540040016174,0.11764705926179886,0.502437,0.5258,BP
2026-08-09,0.061445,0.0,0.0,0.341364,0.0,0.0,0.502235,0.066,BP
2026-09-06,0.11409326124936342,0.2694300413131714,0.020725388079881668,0.07253886014223099,0.041450776159763336,0.10880828648805618,0.497751,0.5258,BP
2026-09-20,0.3125757583230734,0.2929292917251587,0.560606062412262,0.11616161465644836,0.05050504952669144,0.09090909361839294,0.501164,0.5258,BP
2026-10-02,0.09610389795154332,0.21212121844291687,0.021645022556185722,0.08658009022474289,0.025974025949835777,0.05627705529332161,0.504151,0.5258,BP
2025-10-05,0.06885,0.0,0.0,0.3825,0.0,0.0,0.487539,0.012,AY
2025-10-19,0.06345,0.0,0.0,0.3525,0.0,0.0,0.517437,0.024,AY
2025-11-02,0.25762376174330714,0.09405940771102905,0.15346534550189972,0.5693069100379944,0.27227723598480225,0.38118812441825867,0.515588,0.4268,AY
2025-11-16,0.27951690554618835,0.04830917716026306,0.1304347813129425,0.5748792290687561,0.24637681245803833,0.3864734172821045,0.468175,0.4268,AY
2025-11-30,0.07695,0.0,0.0,0.4275,0.0,0.0,0.499109,0.024,AY
2025-12-14,0.05946,0.0,0.0,0.330333,0.0,0.0,0.499932,0.09,AY
2025-12-28,0.07425,0.0,0.0,0.4125,0.0,0.0,0.476638,0.024,AY
2026-01-11,0.033,0.0,0.0,0.183333,0.0,0.0,0.496623,0.018,AY
2026-01-25,0.0571,0.0,0.0,0.317222,0.0,0.0,0.497972,0.054,AY
2026-02-22,0.051,0.0,0.0,0.283333,0.0,0.0,0.497984,0.018,AY
2026-03-08,0.2952381052076816,0.08571428805589676,0.1428571492433548,0.5571428537368774,0.2666666805744171,0.5523809790611267,0.514455,0.4268,AY
2026-03-22,0.126756,0.0,0.111111,0.506667,0.0,0.0,0.504365,0.054,AY
2026-04-05,0.073875,0.0,0.0,0.410417,0.0,0.0,0.502091,0.072,AY
2026-04-19,0.36720207160338764,0.9585492014884949,0.010362694039940834,0.818652868270874,0.010362694039940834,0.04663212597370148,0.496014,0.4268,AY
2026-05-03,0.06659793852828444,0.005154639016836882,0.015463917516171932,0.06185567006468773,0.015463917516171932,0.05154639109969139,0.48345,0.4268,AY
2026-05-17,0.079586,0.0,0.0,0.442143,0.0,0.0,0.494687,0.042,AY
2026-05-31,0.287167,0.0,0.333333,0.558333,0.0,0.333333,0.490667,0.018,AY
2026-06-14,0.087412,0.0,0.0,0.485625,0.0,0.0,0.505642,0.048,AY
2026-06-28,0.05457286494784058,0.015075377188622952,0.02512562833726406,0.05025125667452812,0.02512562833726406,0.05025125667452812,0.484946,0.4268,AY
2026-07-26,0.36695186989381906,0.9251337051391602,0.010695187374949455,0.8128342032432556,0.010695187374949455,0.06417112052440643,0.49445,0.4268,AY
2026-08-09,0.17092,0.0,0.2,0.594,0.0,0.0,0.483308,0.03,AY
2026-08-23,0.09,0.0,0.0,0.5,0.0,0.0,0.4875,0.006,AY
2026-09-06,0.0945,0.0,0.0,0.525,0.0,0.0,0.488815,0.024,AY
2026-09-20,0.3409595903754235,0.5151515007019043,0.4595959484577179,0.05050504952669144,0.8131313323974609,0.05050504952669144,0.507949,0.4268,AY
2026-10-02,0.09220779350958763,0.350649356842041,0.012987012974917889,0.043290045112371445,0.012987012974917889,0.025974025949835777,0.510601,0.4268,AY
2025-10-05,0.061425,0.0,0.0,0.34125,0.0,0.0,0.494599,0.024,SV
2025-12-14,0.2087,0.0,0.25,0.715,0.0,0.0,0.486705,0.024,SV
2025-12-28,0.312667,0.0,0.333333,0.7,0.0,0.333333,0.491484,0.018,SV
2026-02-08,0.7,0.0,1.0,1.0,0.0,1.0,0.501817,0.006,SV
2026-02-22,0.18858585700392722,0.10101009905338287,0.1666666716337204,0.31313130259513855,0.21717171370983124,0.1262626200914383,0.489612,0.068,SV
2026-03-08,0.24123809954151512,0.01904761977493763,0.18095238506793976,0.37142857909202576,0.02380952425301075,0.36666667461395264,0.493496,0.068,SV
2026-03-22,0.063,0.0,0.0,0.35,0.0,0.0,0.49877,0.012,SV
2026-05-17,0.4195,0.0,0.5,0.775,0.0,0.5,0.453925,0.024,SV
2026-05-31,0.150518,0.0,0.181818,0.442273,0.181818,0.0,0.480348,0.066,SV
2026-08-09,0.068014,0.0,0.0,0.377857,0.0,0.0,0.489091,0.042,SV
2026-08-23,0.0729,0.0,0.0,0.405,0.0,0.0,0.504175,0.006,SV
2026-09-06,0.5384974205493926,0.3730570077896118,0.6321243643760681,0.5077720284461975,0.8082901835441589,0.5077720284461975,0.488738,0.068,SV
2025-11-02,0.7226237619295718,0.6930692791938782,0.905940592288971,0.8861386179924011,0.06435643881559372,0.5346534848213196,0.511628,0.0309,FK
2025-12-14,0.7,0.0,1.0,1.0,0.0,1.0,0.500676,0.006,FK
2025-12-28,0.04635,0.0,0.0,0.2575,0.0,0.0,0.516,0.024,FK
2026-04-19,0.10704663157463075,0.031088082119822502,0.062176164239645004,0.18134714663028717,0.11917098611593246,0.19170984625816345,0.5,0.0309,FK
2026-05-31,0.06696,0.0,0.0,0.372,0.0,0.0,0.521739,0.06,FK
2026-09-20,0.045,0.0,0.0,0.25,0.0,0.0,0.486446,0.006,FK
2025-12-28,0.027,0.0,0.0,0.15,0.0,0.0,0.516796,0.006,FO
2026-01-25,0.0585,0.0,0.0,0.325,0.0,0.0,0.503215,0.006,FO
2026-08-23,0.516,0.0,1.0,0.7,1.0,0.0,0.498772,0.006,FO
2026-10-02,0.0837,0.0,0.0,0.465,0.0,0.0,0.496024,0.024,FO
2025-10-19,0.0969,0.0,0.0,0.538333,0.0,0.0,0.482062,0.018,GB
2025-11-16,0.5146859862655401,0.23188406229019165,0.5942028760910034,0.729468584060669,0.07729468494653702,0.5555555820465088,0.489623,0.2165,GB
2025-11-30,0.0711,0.0,0.0,0.395,0.0,0.0,0.502519,0.024,GB
2025-12-14,0.0774,0.0,0.0,0.43,0.0,0.0,0.482456,0.012,GB
2026-02-08,0.087318,0.0,0.058824,0.357647,0.058824,0.0,0.517684,0.102,GB
2026-03-08,0.22609524298459288,0.03333333507180214,0.08571428805589676,0.6857143044471741,0.05714285746216774,0.4047619104385376,0.521883,0.2165,GB
2026-04-05,0.018,0.0,0.0,0.1,0.0,0.0,0.519943,0.012,GB
2026-05-03,0.2127319511771202,0.07731958478689194,0.1494845300912857,0.32474225759506226,0.15979380905628204,0.32474225759506226,0.492417,0.2165,GB
2026-05-17,0.10188,0.0,0.0,0.566,0.0,0.0,0.489976,0.03,GB
2026-08-09,0.063,0.0,0.0,0.35,0.0,0.0,0.503953,0.012,GB
2026-09-06,0.099,0.0,0.0,0.55,0.0,0.0,0.486172,0.012,GB
2026-09-20,0.0936,0.0,0.0,0.52,0.0,0.0,0.476113,0.012,GB
2026-10-02,0.081,0.0,0.0,0.45,0.0,0.0,0.492958,0.006,GB
2025-11-02,0.7020792084932327,0.9009901285171509,0.9752475023269653,0.9405940771102905,0.17326731979846954,0.019801979884505272,0.478551,0.0557,LS
2025-11-30,0.0729,0.0,0.0,0.405,0.0,0.0,0.512866,0.006,LS
2026-02-08,0.108,0.0,0.0,0.6,0.0,0.0,0.505412,0.012,LS
2026-03-08,0.06885,0.0,0.0,0.3825,0.0,0.0,0.497423,0.012,LS
2026-05-31,0.06804,0.0,0.0,0.378,0.0,0.0,0.51335,0.03,LS
2026-08-09,0.045,0.0,0.0,0.25,0.0,0.0,0.522648,0.012,LS
2026-09-06,0.7,0.0,1.0,1.0,0.0,1.0,0.496104,0.006,LS
2026-09-20,0.16207070626318454,0.04545454680919647,0.10101009905338287,0.4444444477558136,0.1111111119389534,0.21717171370983124,0.510083,0.0557,LS
2026-10-02,0.0786,0.0,0.0,0.436667,0.0,0.0,0.502635,0.018,LS
2026-02-22,0.0234,0.0,0.0,0.13,0.0,0.0,0.476071,0.006,SH
2026-05-17,0.027,0.0,0.0,0.15,0.0,0.0,0.475292,0.006,SH
2025-11-30,0.0351,0.0,0.0,0.195,0.0,0.0,0.515789,0.048,AN
2026-02-22,0.1125,0.0,0.0,0.625,0.0,0.0,0.46666,0.012,AN
2026-05-17,0.018,0.0,0.0,0.1,0.0,0.0,0.485062,0.024,AN
2025-11-02,0.5091089069843292,0.9356435537338257,0.18316832184791565,0.5297029614448547,0.301980197429657,0.5,0.5792078971862793,0.266,AFR
2025-11-16,0.788164234161377,0.772946834564209,0.8792270421981812,0.782608687877655,0.9613526463508606,0.512077271938324,0.782608687877655,0.266,AFR
2025-11-30,0.2764179128408432,0.08955223858356476,0.16417910158634186,0.5373134613037109,0.23880596458911896,0.46268656849861145,0.10447761416435242,0.266,AFR
2025-12-14,0.5810152442753315,0.700507640838623,0.700507640838623,0.5329949259757996,0.17258882522583008,0.4263959527015686,0.5736040472984314,0.266,AFR
2026-01-11,0.48994899064302444,0.22448979318141937,0.5714285969734192,0.5867347121238708,0.8418367505073547,0.5,0.14795918762683868,0.266,AFR
2026-02-22,0.30545454382896425,0.07575757801532745,0.1818181872367859,0.5303030014038086,0.28787878155708313,0.469696968793869,0.39393940567970276,0.266,AFR
2026-03-22,0.7201621621847154,0.5675675868988037,0.8540540337562561,0.708108127117157,0.37837839126586914,0.9729729890823364,0.24864864349365234,0.266,AFR
2026-04-05,0.5630000068061054,0.9210526347160339,0.6421052813529968,0.8842105269432068,0.010526316240429878,0.010526316240429878,0.36315789818763733,0.266,AFR
2026-05-03,0.11613401995971799,0.4639175236225128,0.010309278033673763,0.015463917516171932,0.010309278033673763,0.015463917516171932,0.015463917516171932,0.266,AFR
2026-05-31,0.06868686890229583,0.2070707082748413,0.010101010091602802,0.010101010091602802,0.010101010091602802,0.010101010091602802,0.010101010091602802,0.266,AFR
2026-06-14,0.20259067334234715,0.7772020697593689,0.005181347019970417,0.015544041059911251,0.010362694039940834,0.010362694039940834,0.010362694039940834,0.266,AFR
2026-06-28,0.032663316680118445,0.005025125574320555,0.01005025114864111,0.015075377188622952,0.01005025114864111,0.01005025114864111,0.4422110617160797,0.266,AFR
2026-07-12,0.10342391326557847,0.385869562625885,0.005434782709926367,0.010869565419852734,0.005434782709926367,0.010869565419852734,0.010869565419852734,0.266,AFR
2026-10-02,0.07497835252434015,0.268398255109787,0.008658008649945259,0.017316017299890518,0.008658008649945259,0.017316017299890518,0.008658008649945259,0.266,AFR
2025-11-30,0.09,0.0,0.0,0.5,0.0,0.0,0.484973,0.006,HQ
2026-01-11,0.054,0.0,0.0,0.3,0.0,0.0,0.500608,0.006,HQ
2026-03-08,0.2179,0.0,0.333333,0.488333,0.333333,0.0,0.489889,0.018,HQ
2025-10-05,0.1035,0.0,0.0,0.575,0.0,0.0,0.496733,0.024,NC
2025-10-19,0.06885,0.0,0.0,0.3825,0.0,0.0,0.487229,0.024,NC
2025-11-02,0.39707922011613844,0.2970297038555145,0.6089109182357788,0.07425742596387863,0.9306930899620056,0.1782178282737732,0.492251,0.2165,NC
2025-11-16,0.06028985470533371,0.02415458858013153,0.043478261679410934,0.03864734247326851,0.16908212006092072,0.08212560415267944,0.506154,0.2165,NC
2025-12-28,0.063675,0.0,0.0,0.35375,0.0,0.0,0.490849,0.024,NC
2026-02-22,0.108,0.0,0.0,0.6,0.0,0.0,0.465831,0.006,NC
2026-03-08,0.135,0.0,0.0,0.75,0.0,0.0,0.49278,0.006,NC
2026-05-31,0.0802,0.0,0.0,0.445556,0.0,0.0,0.495535,0.054,NC
2026-06-28,0.4402010044455528,0.2713567912578583,0.2763819098472595,0.643216073513031,0.4271356761455536,0.643216073513031,0.494524,0.2165,NC
2026-08-09,0.0864,0.0,0.0,0.48,0.0,0.0,0.497477,0.006,NC
2026-09-06,0.1296,0.0,0.0,0.72,0.0,0.0,0.49247,0.006,NC
2026-10-02,0.06885,0.0,0.0,0.3825,0.0,0.0,0.524554,0.012,NC
2025-11-02,0.5244554406404496,0.36138615012168884,0.7178217768669128,0.34158414602279663,0.9653465151786804,0.32673266530036926,0.457278,0.0495,RN
2025-11-30,0.06075,0.0,0.0,0.3375,0.0,0.0,0.4993,0.06,RN
2026-03-08,0.2392,0.0,0.5,0.44,0.0,0.0,0.474593,0.012,RN
2025-11-02,0.3399009947478771,0.4900990128517151,0.0891089141368866,0.6485148668289185,0.06930693238973618,0.4900990128517151,0.517788,0.0742,FG
2026-05-31,0.054,0.0,0.0,0.3,0.0,0.0,0.50885,0.006,FG
2026-09-06,0.7590155465155841,0.9326424598693848,0.9792746305465698,1.0,0.12435232847929001,0.1865285038948059,0.4829,0.0742,FG
2026-09-20,0.135,0.0,0.0,0.75,0.0,0.0,0.491379,0.012,FG
2025-10-19,0.0675,0.0,0.0,0.375,0.0,0.0,0.507117,0.018,FM
2025-11-16,0.3225120811909437,0.3333333432674408,0.03864734247326851,0.6714975833892822,0.08695652335882187,0.5458937287330627,0.504223,0.2289,FM
2025-11-30,0.0594,0.0,0.0,0.33,0.0,0.0,0.513734,0.006,FM
2025-12-14,0.0234,0.0,0.0,0.13,0.0,0.0,0.480731,0.018,FM
2026-01-11,0.06453,0.0,0.0,0.3585,0.0,0.0,0.525311,0.06,FM
2026-01-25,0.0594,0.0,0.0,0.33,0.0,0.0,0.50645,0.006,FM
2026-02-08,0.06435,0.0,0.0,0.3575,0.0,0.0,0.491606,0.024,FM
2026-03-08,0.108,0.0,0.0,0.6,0.0,0.0,0.507463,0.012,FM
2026-04-05,0.0936,0.0,0.0,0.52,0.0,0.0,0.480888,0.042,FM
2026-05-03,0.12984535962343216,0.04639175161719322,0.05670103058218956,0.19587628543376923,0.11340206116437912,0.22164948284626007,0.509774,0.2289,FM
2026-05-17,0.083925,0.0,0.0,0.46625,0.0,0.0,0.493822,0.024,FM
2026-05-31,0.06885,0.0,0.0,0.3825,0.0,0.0,0.525332,0.012,FM
2026-06-14,0.1296,0.0,0.0,0.72,0.0,0.0,0.470803,0.006,FM
2026-07-12,0.11902173832058906,0.032608695328235626,0.07065217196941376,0.19021739065647125,0.1195652186870575,0.19021739065647125,0.505797,0.2289,FM
2026-08-09,0.07452,0.0,0.0,0.414,0.0,0.0,0.505159,0.06,FM
2026-08-23,0.027,0.0,0.0,0.15,0.0,0.0,0.509585,0.006,FM
2025-08-10,0.2870388352125884,0.14077669382095337,0.1116504818201065,0.7233009934425354,0.09223300963640213,0.29611650109291077,0.7233009934425354,0.0062,JQ
2026-01-25,0.06885,0.0,0.0,0.3825,0.0,0.0,0.492589,0.012,IM
2026-01-11,0.0306,0.0,0.0,0.17,0.0,0.0,0.497704,0.018,MF
2025-10-05,0.0234,0.0,0.0,0.13,0.0,0.0,0.53271,0.006,TP
2026-01-11,0.06885,0.0,0.0,0.3825,0.0,0.0,0.486111,0.012,TP
2025-08-24,0.15353535592555997,0.035353533923625946,0.09090909361839294,0.4141414165496826,0.08585858345031738,0.13636364042758942,0.3636363744735718,0.0371,TK
2026-02-08,0.066086,0.0,0.0,0.367143,0.0,0.0,0.49701,0.042,TK
2026-02-22,0.0648,0.0,0.0,0.36,0.0,0.0,0.503106,0.006,TK
2026-03-08,0.0729,0.0,0.0,0.405,0.0,0.0,0.5197,0.012,TK
2026-01-25,0.042,0.0,0.0,0.233333,0.0,0.0,0.513202,0.018,CN
2026-03-08,0.523333,0.0,0.666667,0.833333,0.0,0.666667,0.47192,0.018,CN
2026-03-22,0.063,0.0,0.0,0.35,0.0,0.0,0.476404,0.006,CN
2026-05-17,0.475833,0.0,0.666667,0.791667,0.0,0.5,0.464266,0.036,CN
2026-08-09,0.06696,0.0,0.0,0.372,0.0,0.0,0.501186,0.03,CN
2026-09-06,0.075,0.0,0.0,0.416667,0.0,0.0,0.513842,0.018,CN
2026-10-02,0.05662337621673941,0.008658008649945259,0.034632034599781036,0.10389610379934311,0.03030303120613098,0.11255411058664322,0.512686,0.1175,CN
2025-10-19,0.081,0.0,0.0,0.45,0.0,0.0,0.493961,0.006,VI
2025-11-02,0.2005940655618906,0.0891089141368866,0.1782178282737732,0.2673267424106598,0.3366336524486542,0.2574257552623749,0.503797,0.0742,VI
2025-11-16,0.20932367399334906,0.18840579688549042,0.12077295035123825,0.26570048928260803,0.14009661972522736,0.23188406229019165,0.476616,0.0742,VI
2025-11-30,0.173586,0.0,0.285714,0.456429,0.0,0.0,0.513924,0.042,VI
2025-12-14,0.05976,0.0,0.0,0.332,0.0,0.0,0.508194,0.06,VI
2026-02-08,0.0639,0.0,0.0,0.355,0.0,0.0,0.510881,0.018,VI
2026-02-22,0.0234,0.0,0.0,0.13,0.0,0.0,0.48324,0.006,VI
2026-03-08,0.18509524218738083,0.10000000149011612,0.15238095819950104,0.2571428716182709,0.23333333432674408,0.24285714328289032,0.504093,0.0742,VI
2026-03-22,0.108,0.0,0.0,0.6,0.0,0.0,0.497117,0.006,VI
2026-05-17,0.09,0.0,0.0,0.5,0.0,0.0,0.50655,0.006,VI
2026-06-14,0.0666,0.0,0.0,0.37,0.0,0.0,0.53527,0.018,VI
2026-08-09,0.38125,0.0,0.5,0.5625,0.0,0.5,0.53224,0.012,VI
2026-10-02,0.05355,0.0,0.0,0.2975,0.0,0.0,0.503828,0.024,VI
2026-02-22,0.3485,1.0,0.0,0.825,0.0,0.0,0.502315,0.006,SM
2026-03-22,0.0669,0.0,0.0,0.371667,0.0,0.0,0.507067,0.018,SM
2026-08-23,0.072728,0.0,0.025641,0.358462,0.0,0.0,0.50848,0.234,SM
2025-10-19,0.06885,0.0,0.0,0.3825,0.0,0.0,0.516129,0.024,PC
2025-11-30,0.0684,0.0,0.0,0.38,0.0,0.0,0.518284,0.018,PC
2026-01-11,0.070875,0.0,0.0,0.39375,0.0,0.0,0.498956,0.024,PC
2026-03-08,0.7766190423071384,0.6333333253860474,0.8428571224212646,0.7809523940086365,0.13809524476528168,0.9952380657196045,0.445,0.0309,PC
2026-03-22,0.333333,0.0,0.666667,0.666667,0.0,0.0,0.454878,0.018,PC
2026-05-17,0.49006,0.0,0.8,0.767,0.0,0.4,0.421706,0.06,PC
2026-08-09,0.5485,0.0,1.0,0.825,0.0,0.333333,0.482417,0.018,PC
2026-09-06,0.0846,0.0,0.0,0.47,0.0,0.0,0.491156,0.024,PC
2026-02-08,0.065782,0.0,0.0,0.365455,0.0,0.0,0.512021,0.066,TL
2025-10-19,0.0747,0.0,0.0,0.415,0.0,0.0,0.538576,0.012,NT
2025-10-05,0.126,0.0,0.0,0.7,0.0,0.0,0.477941,0.006,MH
2025-12-28,0.09,0.0,0.0,0.5,0.0,0.0,0.521895,0.036,MH
2026-02-08,0.06885,0.0,0.0,0.3825,0.0,0.0,0.505561,0.012,MH
2026-03-08,0.0432,0.0,0.0,0.24,0.0,0.0,0.510883,0.012,MH
2026-03-22,0.0567,0.0,0.0,0.315,0.0,0.0,0.501089,0.012,MH
2026-08-09,0.304267,0.0,0.333333,0.653333,0.0,0.333333,0.513614,0.018,MH
2026-09-20,0.3207070680707693,0.1818181872367859,0.3787878751754761,0.36868685483932495,0.6767676472663879,0.22727273404598236,0.483914,0.0371,MH
2026-10-02,0.0405,0.0,0.0,0.225,0.0,0.0,0.538732,0.024,MH
2026-03-22,0.064125,0.0,0.0,0.35625,0.0,0.0,0.510152,0.024,FP
2026-04-05,0.072,0.0,0.0,0.4,0.0,0.0,0.488638,0.036,FP
2026-05-17,0.079692,0.0,0.030303,0.388864,0.0,0.0,0.508476,0.396,FP
2026-06-28,0.10718593053519726,0.05025125667452812,0.06532663106918335,0.17085427045822144,0.11557789146900177,0.1658291518688202,0.529808,0.1113,FP
2026-08-23,0.08325,0.0,0.0,0.4625,0.0,0.0,0.502961,0.036,FP
2026-09-06,0.0936,0.0,0.0,0.52,0.0,0.0,0.496573,0.024,FP
2025-11-16,0.10149758538231254,0.028985507786273956,0.10144927352666855,0.043478261679410934,0.12077295035123825,0.17391304671764374,0.519947,0.0619,NE
2026-01-25,0.0495,0.0,0.0,0.275,0.0,0.0,0.513043,0.024,NE
2026-02-08,0.081,0.0,0.0,0.45,0.0,0.0,0.498741,0.006,NE
2026-03-08,0.0864,0.0,0.0,0.48,0.0,0.0,0.508814,0.006,NE
2026-02-08,0.054,0.0,0.0,0.3,0.0,0.0,0.494792,0.018,CQ
2026-06-14,0.036,0.0,0.0,0.2,0.0,0.0,0.5,0.006,CQ
2025-10-05,0.455,0.0,1.0,0.75,0.0,0.0,0.469555,0.006,CV
2025-10-19,0.09234,0.0,0.0,0.513,0.0,0.0,0.490151,0.15,CV
2025-11-30,0.1808,0.0,0.142857,0.56,0.0,0.142857,0.490323,0.042,CV
2026-01-11,0.0729,0.0,0.0,0.405,0.0,0.0,0.522147,0.006,CV
2026-02-08,0.07545,0.0,0.0,0.419167,0.0,0.0,0.491736,0.036,CV
2026-04-05,0.073029,0.0,0.0,0.405714,0.0,0.0,0.477872,0.042,CV
2026-04-19,0.3991191625595093,0.4663212299346924,0.4663212299346924,0.22797927260398865,0.803108811378479,0.11398963630199432,0.492825,0.1361,CV
2026-05-03,0.22345360472798348,0.1340206116437912,0.24742268025875092,0.22680412232875824,0.1340206116437912,0.14432989060878754,0.485084,0.1361,CV
2026-05-17,0.242817,0.0,0.457143,0.536286,0.0,0.0,0.476936,0.21,CV
2026-05-31,0.027,0.0,0.0,0.15,0.0,0.0,0.498445,0.006,CV
2026-08-23,0.245,0.0,0.4,0.65,0.0,0.0,0.492244,0.03,CV
2026-09-06,0.22170984387397769,0.10362694412469864,0.2590673565864563,0.11917098611593246,0.1347150206565857,0.20725388824939728,0.465044,0.1361,CV
2026-10-02,0.0234,0.0,0.0,0.13,0.0,0.0,0.528302,0.006,CV
2025-10-19,0.102571,0.0,0.071429,0.442857,0.0,0.0,0.502345,0.084,AA
2025-11-30,0.7,0.0,1.0,1.0,0.0,1.0,0.513333,0.006,AA
2025-12-14,0.0855,0.0,0.0,0.475,0.0,0.0,0.487624,0.012,AA
2025-12-28,0.09,0.0,0.0,0.5,0.0,0.0,0.478386,0.006,AA
2026-01-11,0.099,0.0,0.0,0.55,0.0,0.0,0.488938,0.012,AA
2026-01-25,0.063,0.0,0.0,0.35,0.0,0.0,0.50955,0.006,AA
2026-02-08,0.063,0.0,0.0,0.35,0.0,0.0,0.512083,0.006,AA
2026-02-22,0.0821212141495198,0.3333333432674408,0.005050505045801401,0.005050505045801401,0.005050505045801401,0.005050505045801401,0.502434,0.1237,AA
2026-03-08,0.06885,0.0,0.0,0.3825,0.0,0.0,0.49375,0.012,AA
2026-03-22,0.07092,0.0,0.0,0.394,0.0,0.0,0.504775,0.03,AA
2026-05-31,0.0639,0.0,0.0,0.355,0.0,0.0,0.458982,0.012,AA
2026-06-28,0.10155778902117164,0.2010050266981125,0.005025125574320555,0.005025125574320555,0.005025125574320555,0.005025125574320555,0.477941,0.1237,AA
2026-09-06,0.0759,0.0,0.0,0.421667,0.0,0.0,0.493958,0.018,AA
2026-09-20,0.03161616218741983,0.005050505045801401,0.005050505045801401,0.005050505045801401,0.005050505045801401,0.005050505045801401,0.477679,0.1237,AA
2026-10-02,0.018787879217416047,0.0043290043249726295,0.0043290043249726295,0.0043290043249726295,0.0043290043249726295,0.0043290043249726295,0.508568,0.1237,AA
